种子,数据划分,功率_W,模态,时间窗,窗起秒,窗止秒,窗起含端点,窗止含端点,实际观测点数,RMSE_摄氏度,MAE_摄氏度,有符号偏差_摄氏度,绝对误差95分位_摄氏度,绝对误差最大值_摄氏度,首观测差分RMSE_摄氏度,首观测差分MAE_摄氏度,首观测差分有符号偏差_摄氏度,空窗原因
0,高保真合法验证,115.2,顶部红外,初期0—30秒,0.0,30.0,true,true,606,1.1880833829667898,0.8733950070422081,-0.26264591028194617,2.6591873168945312,4.343841552734375,2.0945423898641966,1.8660566877610614,1.8660566877610614,
0,高保真合法验证,115.2,顶部红外,中期30—100秒,30.0,100.0,false,true,1313,1.4465928312046545,1.1448428175055336,-0.28915540080713303,2.96478271484375,4.2623291015625,2.0120519059623634,1.8395471972358743,1.8395471972358743,
0,高保真合法验证,115.2,顶部红外,后期100—200秒,100.0,200.0,false,true,0,,,,,,,,,预登记时间窗内无观测，不外推真值
0,高保真合法验证,403.0,顶部红外,初期0—30秒,0.0,30.0,true,true,606,3.874000166284706,3.3165762621183994,3.082520437712717,7.6821136474609375,8.385040283203125,3.7495049447148396,2.799876902363088,-1.949681348139697,
0,高保真合法验证,403.0,顶部红外,中期30—100秒,30.0,100.0,false,true,1414,1.7315009926026568,1.3467920431150404,0.2754372246452312,3.5213256835937496,5.971710205078125,5.904725071026496,5.016578888468416,-4.745644155321915,
0,高保真合法验证,403.0,顶部红外,后期100—200秒,100.0,200.0,false,true,404,2.542426283734341,2.191509743844688,1.6352675940711068,4.677613830566406,7.408111572265625,4.204828689490704,3.5725122848904105,-3.3558634169207613,
0,高保真合法验证,630.5,顶部红外,初期0—30秒,0.0,30.0,true,true,606,12.391181002487476,11.289049854887406,10.21603398122231,19.029861450195312,20.563232421875,6.740598542947712,5.030567611195133,-0.21755637560354668,
0,高保真合法验证,630.5,顶部红外,中期30—100秒,30.0,100.0,false,true,1414,4.3991291926357325,3.4705821366838716,1.3844602808375153,8.599395751953123,13.4237060546875,12.86644212877514,11.826191343636346,-9.642194494209617,
0,高保真合法验证,630.5,顶部红外,后期100—200秒,100.0,200.0,false,true,909,6.6170833041776795,5.247559414300639,0.7328922506595581,12.159692382812487,28.5567626953125,12.961019195353925,11.624185916063727,-10.440429026488637,
0,高保真合法验证,115.2,热端环温,初期0—30秒,0.0,30.0,true,true,30,0.9903075842596423,0.9506327311197917,-0.9506327311197917,1.448492431640625,1.486785888671875,0.40560356673801035,0.30595906575520837,-0.2958170572916667,
0,高保真合法验证,115.2,热端环温,中期30—100秒,30.0,100.0,false,true,70,2.090199045781386,2.0793287004743304,-2.0793287004743304,2.268995666503906,2.286376953125,1.4403338395850742,1.4245130266462054,-1.4245130266462054,
0,高保真合法验证,115.2,热端环温,后期100—200秒,100.0,200.0,false,true,0,,,,,,,,,预登记时间窗内无观测，不外推真值
0,高保真合法验证,403.0,热端环温,初期0—30秒,0.0,30.0,true,true,30,0.9058574929546124,0.8786743164062502,0.8786743164062502,1.090870666503906,1.122344970703125,0.5603690236312767,0.51527099609375,0.51527099609375,
0,高保真合法验证,403.0,热端环温,中期30—100秒,30.0,100.0,false,true,70,0.48229831179885607,0.40078125,0.40078125,0.9305648803710938,0.958251953125,0.270893264663756,0.21573050362723212,0.037377929687500006,
0,高保真合法验证,403.0,热端环温,后期100—200秒,100.0,200.0,false,true,26,0.5625392024746233,0.5304858867938702,0.5304858867938702,0.855621337890625,0.90185546875,0.25090169839064025,0.18861623910757214,0.1670825664813702,
0,高保真合法验证,630.5,热端环温,初期0—30秒,0.0,30.0,true,true,30,0.6588995401099824,0.6041859944661457,0.6041859944661457,0.9407974243164061,1.012664794921875,0.47160478794273847,0.4025868733723958,0.3915395100911458,
0,高保真合法验证,630.5,热端环温,中期30—100秒,30.0,100.0,false,true,70,0.7464391188089605,0.6506740025111607,-0.008404541015624987,1.2147171020507812,1.258819580078125,0.77843707363207,0.7011204310825893,-0.221051025390625,
0,高保真合法验证,630.5,热端环温,后期100—200秒,100.0,200.0,false,true,50,0.9668535866239445,0.8877471923828126,-0.4990252685546876,1.2398544311523436,1.54046630859375,1.0919049057630987,1.0001910400390626,-0.7116717529296875,
0,高保真合法验证,115.2,冷端环温,初期0—30秒,0.0,30.0,true,true,30,0.47847095667028705,0.44164326985677077,-0.44164326985677077,0.6972030639648437,0.703826904296875,0.3522696818886394,0.30034688313802077,-0.30034688313802077,
0,高保真合法验证,115.2,冷端环温,中期30—100秒,30.0,100.0,false,true,70,1.2037667203863958,1.1665191650390625,-1.1665191650390625,1.6657211303710937,1.734619140625,1.0674123382710208,1.0252227783203125,-1.0252227783203125,
0,高保真合法验证,115.2,冷端环温,后期100—200秒,100.0,200.0,false,true,0,,,,,,,,,预登记时间窗内无观测，不外推真值
0,高保真合法验证,403.0,冷端环温,初期0—30秒,0.0,30.0,true,true,30,0.3222512650902877,0.27195739746093756,0.26991271972656256,0.5658554077148437,0.579437255859375,0.3483433260207549,0.30058288574218756,0.30058288574218756,
0,高保真合法验证,403.0,冷端环温,中期30—100秒,30.0,100.0,false,true,70,0.1459860325721508,0.13247942243303573,-0.12638113839285714,0.212835693359375,0.21630859375,0.12041727366984295,0.10581054687499998,-0.09571097237723213,
0,高保真合法验证,403.0,冷端环温,后期100—200秒,100.0,200.0,false,true,26,0.17945669624674873,0.15216181828425482,0.1493659386268029,0.2795562744140625,0.283782958984375,0.20568792181543194,0.18003610464242792,0.18003610464242792,
0,高保真合法验证,630.5,冷端环温,初期0—30秒,0.0,30.0,true,true,30,0.07632154469057183,0.06575215657552083,-0.024537150065104166,0.1329055786132812,0.160400390625,0.15388868244959938,0.13586324055989582,0.13586324055989582,
0,高保真合法验证,630.5,冷端环温,中期30—100秒,30.0,100.0,false,true,70,0.8519991453063654,0.6940721784319197,-0.6897003173828125,1.364044189453125,1.3836669921875,0.7282681019175911,0.5863948277064732,-0.5292999267578125,
0,高保真合法验证,630.5,冷端环温,后期100—200秒,100.0,200.0,false,true,50,1.1152412865619974,1.0842846679687501,-1.0842846679687501,1.3834243774414063,1.38714599609375,0.9600271058586525,0.9238842773437501,-0.9238842773437501,
1,高保真合法验证,115.2,顶部红外,初期0—30秒,0.0,30.0,true,true,606,2.5102340689590683,2.0331534206277073,-1.999760643483782,5.680267333984375,5.932098388671875,2.9946018958181897,2.6958521978296464,2.6958521978296464,
1,高保真合法验证,115.2,顶部红外,中期30—100秒,30.0,100.0,false,true,1313,1.8213953801091278,1.5548350674817333,-0.8570740025005354,3.0076232910156246,3.6197509765625,3.9531925036656643,3.8385388388128927,3.8385388388128927,
1,高保真合法验证,115.2,顶部红外,后期100—200秒,100.0,200.0,false,true,0,,,,,,,,,预登记时间窗内无观测，不外推真值
1,高保真合法验证,403.0,顶部红外,初期0—30秒,0.0,30.0,true,true,606,2.814082208788289,2.2161954369875465,1.7666022171675175,5.605476379394531,7.634124755859375,3.1448569394232755,2.4252253365595347,0.38733247561816725,
1,高保真合法验证,403.0,顶部红外,中期30—100秒,30.0,100.0,false,true,1414,1.5181182381348761,1.1190957532985535,0.21274587035413128,2.7285064697265624,7.5091552734375,2.7568904271625967,2.2243518917933134,-1.1559189268706618,
1,高保真合法验证,403.0,顶部红外,后期100—200秒,100.0,200.0,false,true,404,2.1960486367384973,1.8922567661407044,1.2548687953561823,2.9553527832031232,7.437591552734375,2.4934566622386365,2.1714948042723154,-0.08549415104790391,
1,高保真合法验证,630.5,顶部红外,初期0—30秒,0.0,30.0,true,true,606,10.576116534512016,9.699350679146509,9.327122715727343,16.548843383789062,18.406097412109375,6.205199403377785,4.557851550436934,0.28356404743270813,
1,高保真合法验证,630.5,顶部红外,中期30—100秒,30.0,100.0,false,true,1414,3.163413816278678,2.1356658639559596,0.06979528886430411,6.502246093749999,13.78564453125,9.890784286970208,9.003253072303698,-8.819522368644883,
1,高保真合法验证,630.5,顶部红外,后期100—200秒,100.0,200.0,false,true,909,6.061164169752248,4.726428268344668,0.6960360006363789,12.00035400390625,29.01171875,9.202893466308472,8.195532880632694,-8.19361639038423,
1,高保真合法验证,115.2,热端环温,初期0—30秒,0.0,30.0,true,true,30,0.463226857076043,0.43626810709635416,0.15246276855468752,0.5889938354492187,0.6669921875,0.9288921629143926,0.8194549560546873,0.8194549560546873,
1,高保真合法验证,115.2,热端环温,中期30—100秒,30.0,100.0,false,true,70,1.1543815118296905,0.8511160714285714,-0.7292349679129464,2.2828765869140626,2.473297119140625,0.8970435887629654,0.7841160365513392,-0.062242780412946425,
1,高保真合法验证,115.2,热端环温,后期100—200秒,100.0,200.0,false,true,0,,,,,,,,,预登记时间窗内无观测，不外推真值
1,高保真合法验证,403.0,热端环温,初期0—30秒,0.0,30.0,true,true,30,0.8570693809434148,0.8262420654296877,0.8010711669921876,1.1627670288085936,1.2537841796875,1.2173875850162874,1.1786346435546873,1.1786346435546873,
1,高保真合法验证,403.0,热端环温,中期30—100秒,30.0,100.0,false,true,70,0.5253232983826261,0.5021776471819196,0.5021776471819196,0.8105377197265625,0.817474365234375,0.8931554306510863,0.8797411237444195,0.8797411237444195,
1,高保真合法验证,403.0,热端环温,后期100—200秒,100.0,200.0,false,true,26,0.7444832426760131,0.7327998234675481,0.7327998234675481,0.9407119750976562,0.968109130859375,1.1181083916172618,1.1103633000300481,1.1103633000300481,
1,高保真合法验证,630.5,热端环温,初期0—30秒,0.0,30.0,true,true,30,0.42423512145177394,0.3635304768880208,0.3635304768880208,0.8481338500976562,0.889801025390625,0.5279441418305522,0.4840688069661458,-0.4805246988932291,
1,高保真合法验证,630.5,热端环温,中期30—100秒,30.0,100.0,false,true,70,0.6700198267644693,0.5422794886997767,0.5422794886997767,1.2723678588867187,1.3092041015625,0.4959113728343939,0.4529179164341518,-0.30177568708147323,
1,高保真合法验证,630.5,热端环温,后期100—200秒,100.0,200.0,false,true,50,0.8662386979231734,0.6877868652343749,-0.22948974609375,1.6430252075195304,2.38763427734375,1.3602215398607174,1.2658044433593751,-1.073544921875,
1,高保真合法验证,115.2,冷端环温,初期0—30秒,0.0,30.0,true,true,30,0.3503419318293046,0.3468953450520833,-0.3468953450520833,0.43376770019531247,0.461578369140625,0.09779660724219878,0.08689982096354167,0.08462320963541665,
1,高保真合法验证,115.2,冷端环温,中期30—100秒,30.0,100.0,false,true,70,2.171124192436208,2.026991053989955,-2.026991053989955,3.1880844116210936,3.357818603515625,1.7749985977619505,1.595472499302455,-1.595472499302455,
1,高保真合法验证,115.2,冷端环温,后期100—200秒,100.0,200.0,false,true,0,,,,,,,,,预登记时间窗内无观测，不外推真值
1,高保真合法验证,403.0,冷端环温,初期0—30秒,0.0,30.0,true,true,30,0.35995682700051324,0.24064941406249998,0.19797973632812502,0.7648651123046873,0.782257080078125,0.3024003961514314,0.248834228515625,0.032757568359375,
1,高保真合法验证,403.0,冷端环温,中期30—100秒,30.0,100.0,false,true,70,0.5562545243879267,0.45565141950334825,-0.45565141950334825,0.9869415283203125,1.001739501953125,0.6980579427433624,0.6208735874720983,-0.6208735874720983,
1,高保真合法验证,403.0,冷端环温,后期100—200秒,100.0,200.0,false,true,26,0.24412545061637525,0.2404656043419471,-0.2404656043419471,0.27899169921875,0.28045654296875,0.4078677449486861,0.4056877723106971,-0.4056877723106971,
1,高保真合法验证,630.5,冷端环温,初期0—30秒,0.0,30.0,true,true,30,0.4518909633393016,0.3416086832682292,0.1737192789713542,0.8569885253906248,0.9185791015625,0.9919047758989212,0.8999155680338543,0.8999155680338543,
1,高保真合法验证,630.5,冷端环温,中期30—100秒,30.0,100.0,false,true,70,0.7337141366511509,0.6054007393973216,-0.6054007393973216,1.2753433227539062,1.290130615234375,0.4317614432505909,0.38415614536830356,0.12079554966517855,
1,高保真合法验证,630.5,冷端环温,后期100—200秒,100.0,200.0,false,true,50,1.5556914904823202,1.503282470703125,-1.503282470703125,1.9814468383789063,1.9884033203125,0.8741743307445132,0.778040771484375,-0.777086181640625,
2,高保真合法验证,115.2,顶部红外,初期0—30秒,0.0,30.0,true,true,606,2.642319695798681,1.7664321546900785,-1.3718204309444617,6.2660675048828125,7.337738037109375,4.921243961911959,4.411436175355817,4.411436175355817,
2,高保真合法验证,115.2,顶部红外,中期30—100秒,30.0,100.0,false,true,1313,2.2522102001555893,1.8279610697041009,-0.5407814089796148,4.418579101562499,5.39312744140625,5.541315903016694,5.242475197320664,5.242475197320664,
2,高保真合法验证,115.2,顶部红外,后期100—200秒,100.0,200.0,false,true,0,,,,,,,,,预登记时间窗内无观测，不外推真值
2,高保真合法验证,403.0,顶部红外,初期0—30秒,0.0,30.0,true,true,606,2.5919022241365384,2.0907618456547805,1.0357245517642584,4.75787353515625,9.870513916015625,2.95632494643435,2.1768175886802545,1.8537077447368762,
2,高保真合法验证,403.0,顶部红外,中期30—100秒,30.0,100.0,false,true,1414,1.6205302472726768,1.036681730590013,0.235615240059661,3.829895019531249,8.902099609375,3.183512940070429,2.443925261922793,1.0588734022101642,
2,高保真合法验证,403.0,顶部红外,后期100—200秒,100.0,200.0,false,true,404,1.8812191664825233,1.1342817325328514,0.12357695401283508,4.255789184570304,8.903106689453125,2.3846663831777652,1.8700542842341574,0.9608860980276743,
2,高保真合法验证,630.5,顶部红外,初期0—30秒,0.0,30.0,true,true,606,10.968470330022308,10.023237588492666,8.710254654869003,17.34955596923828,19.143096923828125,6.0599524637108155,4.2921897293473865,2.257769845361902,
2,高保真合法验证,630.5,顶部红外,中期30—100秒,30.0,100.0,false,true,1414,3.1968564994268784,2.162689832251483,0.3460853448818928,6.771038818359373,14.40423583984375,9.915918928608514,9.24931171340291,-6.558310275967678,
2,高保真合法验证,630.5,顶部红外,后期100—200秒,100.0,200.0,false,true,909,6.546758426979838,4.344662167031432,-2.751411826068291,14.496032714843748,30.2872314453125,11.780737241287516,10.62787749173048,-9.775295122098816,
2,高保真合法验证,115.2,热端环温,初期0—30秒,0.0,30.0,true,true,30,0.8822974557200634,0.7320719401041668,-0.7244303385416667,1.4559524536132813,1.46783447265625,0.9663842715660637,0.8247721354166665,-0.8247721354166665,
2,高保真合法验证,115.2,热端环温,中期30—100秒,30.0,100.0,false,true,70,1.6289114234340003,1.626194109235491,-1.626194109235491,1.74486083984375,1.752227783203125,1.7290955380112296,1.7265359061104908,-1.7265359061104908,
2,高保真合法验证,115.2,热端环温,后期100—200秒,100.0,200.0,false,true,0,,,,,,,,,预登记时间窗内无观测，不外推真值
2,高保真合法验证,403.0,热端环温,初期0—30秒,0.0,30.0,true,true,30,1.1530639853349407,1.0520497639973958,1.0520497639973958,1.8835128784179687,1.964111328125,0.6694499163141354,0.5163014729817708,0.4747792561848958,
2,高保真合法验证,403.0,热端环温,中期30—100秒,30.0,100.0,false,true,70,0.6508119673807489,0.5459062848772323,0.5411891392299106,1.0250228881835937,1.04071044921875,0.3632800539864279,0.31798182896205357,-0.03608136858258928,
2,高保真合法验证,403.0,热端环温,后期100—200秒,100.0,200.0,false,true,26,0.31419115247920576,0.2208709716796875,0.20219890887920672,0.6496658325195312,0.728118896484375,0.4455450435934026,0.3951709453876202,-0.3750715989332933,
2,高保真合法验证,630.5,热端环温,初期0—30秒,0.0,30.0,true,true,30,1.1746980054769014,1.023333740234375,1.023333740234375,2.0203018188476562,2.0899658203125,0.5791477433693496,0.47809041341145836,-0.052044677734374996,
2,高保真合法验证,630.5,热端环温,中期30—100秒,30.0,100.0,false,true,70,0.611541418358693,0.46531982421875007,-0.4074986049107143,1.33389892578125,1.520660400390625,1.5514032545885181,1.482877022879464,-1.482877022879464,
2,高保真合法验证,630.5,热端环温,后期100—200秒,100.0,200.0,false,true,50,1.7358191545329225,1.5912451171875,-0.7402294921875,2.634405517578124,3.4539794921875,2.4003250862250245,2.2162109374999996,-1.8156079101562503,
2,高保真合法验证,115.2,冷端环温,初期0—30秒,0.0,30.0,true,true,30,0.2869503912638417,0.21506652832031248,-0.11660664876302083,0.5988220214843748,0.673858642578125,0.5718557532331808,0.508208211263021,-0.508208211263021,
2,高保真合法验证,115.2,冷端环温,中期30—100秒,30.0,100.0,false,true,70,1.4589845971045121,1.4369724818638392,-1.4369724818638392,1.7153579711914062,1.737701416015625,1.8459223105741533,1.8285740443638394,-1.8285740443638394,
2,高保真合法验证,115.2,冷端环温,后期100—200秒,100.0,200.0,false,true,0,,,,,,,,,预登记时间窗内无观测，不外推真值
2,高保真合法验证,403.0,冷端环温,初期0—30秒,0.0,30.0,true,true,30,0.6677876052569651,0.54256591796875,0.54256591796875,1.15509033203125,1.170013427734375,0.612693728583845,0.47898356119791674,0.4731079101562501,
2,高保真合法验证,403.0,冷端环温,中期30—100秒,30.0,100.0,false,true,70,0.17402820063817628,0.14930245535714282,0.13490687779017854,0.2704315185546875,0.27593994140625,0.12794336060781833,0.11393694196428572,0.06544886997767857,
2,高保真合法验证,403.0,冷端环温,后期100—200秒,100.0,200.0,false,true,26,0.08281713610808801,0.08087862454927887,0.08087862454927887,0.115081787109375,0.118988037109375,0.021160260178238754,0.01580810546875,0.011420616736778846,
2,高保真合法验证,630.5,冷端环温,初期0—30秒,0.0,30.0,true,true,30,0.8138219717329372,0.6666920979817709,0.6355112711588541,1.4336822509765625,1.475006103515625,1.012284930992159,0.8753794352213541,0.8753794352213541,
2,高保真合法验证,630.5,冷端环温,中期30—100秒,30.0,100.0,false,true,70,0.7344288196633403,0.7136866978236606,-0.7136866978236606,1.0098617553710938,1.021942138671875,0.5045205560105775,0.47381853376116084,-0.47381853376116084,
2,高保真合法验证,630.5,冷端环温,后期100—200秒,100.0,200.0,false,true,50,0.804763646296024,0.7562109375,-0.738980712890625,1.0006591796875,1.004791259765625,0.5921700505539292,0.5561755371093751,-0.499112548828125,
3,高保真合法验证,115.2,顶部红外,初期0—30秒,0.0,30.0,true,true,606,3.3285800166749455,2.9865212519176723,-2.9852045644627943,5.189857482910156,5.44061279296875,1.500161061286601,1.2785026625831528,1.2785026625831528,
3,高保真合法验证,115.2,顶部红外,中期30—100秒,30.0,100.0,false,true,1313,2.7250622755768767,2.35292877174023,-1.4106779773999785,4.20362548828125,4.647369384765625,3.1961935152869496,2.853029249645968,2.853029249645968,
3,高保真合法验证,115.2,顶部红外,后期100—200秒,100.0,200.0,false,true,0,,,,,,,,,预登记时间窗内无观测，不外推真值
3,高保真合法验证,403.0,顶部红外,初期0—30秒,0.0,30.0,true,true,606,4.333588902079288,3.8537269818900843,3.667282205210267,6.839958190917969,7.4017333984375,3.279068531457763,2.583919160043446,-1.0775023104727466,
3,高保真合法验证,403.0,顶部红外,中期30—100秒,30.0,100.0,false,true,1414,1.5646855026417814,1.1557764978832052,0.6792746073330773,3.652552795410156,5.22845458984375,5.409027962266902,5.00602979517348,-4.059076564284814,
3,高保真合法验证,403.0,顶部红外,后期100—200秒,100.0,200.0,false,true,404,2.846434505780099,2.4478807292947,2.2357241793475966,5.400419616699219,6.067230224609375,4.2407700845194745,3.988386290620977,-2.485491849961215,
3,高保真合法验证,630.5,顶部红外,初期0—30秒,0.0,30.0,true,true,606,11.214007749811312,10.303941376151979,9.647576828745189,16.853652954101562,18.96099853515625,7.528302290758567,5.510134212479591,0.45139411735173196,
3,高保真合法验证,630.5,顶部红外,中期30—100秒,30.0,100.0,false,true,1414,3.150197977429858,2.56920039031126,1.6058381223615519,7.590075683593747,10.40545654296875,12.070293156566263,11.282376931323512,-8.52778965215375,
3,高保真合法验证,630.5,顶部红外,后期100—200秒,100.0,200.0,false,true,909,5.212256734909473,4.170691913549767,1.4024061244178991,9.498876953124995,22.6710205078125,12.616236141306219,11.293599600231218,-8.960702591466204,
3,高保真合法验证,115.2,热端环温,初期0—30秒,0.0,30.0,true,true,30,1.4469541282675045,1.4275919596354165,-1.4275919596354165,1.770068359375,1.792327880859375,0.38610300194386865,0.3056437174479167,-0.3056437174479167,
3,高保真合法验证,115.2,热端环温,中期30—100秒,30.0,100.0,false,true,70,2.2916461490988835,2.273894391741071,-2.273894391741071,2.7875900268554688,2.845245361328125,1.186602839773925,1.1519461495535712,-1.1519461495535712,
3,高保真合法验证,115.2,热端环温,后期100—200秒,100.0,200.0,false,true,0,,,,,,,,,预登记时间窗内无观测，不外推真值
3,高保真合法验证,403.0,热端环温,初期0—30秒,0.0,30.0,true,true,30,0.4031438010612821,0.38465474446614584,0.15979309082031248,0.5533538818359375,0.561065673828125,0.7005735601363913,0.6026987711588542,0.5948211669921875,
3,高保真合法验证,403.0,热端环温,中期30—100秒,30.0,100.0,false,true,70,0.21562963186051615,0.19436209542410718,0.19208722795758928,0.3798965454101562,0.4937744140625,0.6347221751800243,0.6271153041294644,0.6271153041294644,
3,高保真合法验证,403.0,热端环温,后期100—200秒,100.0,200.0,false,true,26,0.17371151898680987,0.16031588040865388,-0.13150024414062497,0.23886871337890625,0.24102783203125,0.3240563568844955,0.30352783203125,0.30352783203125,
3,高保真合法验证,630.5,热端环温,初期0—30秒,0.0,30.0,true,true,30,0.5386835501454256,0.42789103190104166,-0.06920166015625001,1.0701507568359374,1.247100830078125,0.6451703638590287,0.5911966959635416,0.36173706054687493,
3,高保真合法验证,630.5,热端环温,中期30—100秒,30.0,100.0,false,true,70,0.2708404980743845,0.21344124930245537,-0.13281991141183036,0.5844482421874999,0.77838134765625,0.38024764428329266,0.33492911202566966,0.2981188092912947,
3,高保真合法验证,630.5,热端环温,后期100—200秒,100.0,200.0,false,true,50,1.8208221355525103,1.69450439453125,-1.393756103515625,2.5049697875976564,2.51959228515625,1.5165271134657825,1.379649658203125,-0.9628173828125,
3,高保真合法验证,115.2,冷端环温,初期0—30秒,0.0,30.0,true,true,30,0.4288979547120551,0.3711151123046874,-0.3711151123046874,0.7494613647460937,0.761505126953125,0.25292150657266643,0.1851470947265625,-0.1332000732421875,
3,高保真合法验证,115.2,冷端环温,中期30—100秒,30.0,100.0,false,true,70,1.403563841212087,1.3509229387555806,-1.3509229387555806,1.8691360473632812,1.944610595703125,1.176344020548928,1.1130078996930801,-1.1130078996930801,
3,高保真合法验证,115.2,冷端环温,后期100—200秒,100.0,200.0,false,true,0,,,,,,,,,预登记时间窗内无观测，不外推真值
3,高保真合法验证,403.0,冷端环温,初期0—30秒,0.0,30.0,true,true,30,0.5441643157317053,0.42663675944010415,0.4147145589192709,1.0363494873046875,1.047027587890625,0.5000157462126634,0.38576761881510413,0.3548085530598958,
3,高保真合法验证,403.0,冷端环温,中期30—100秒,30.0,100.0,false,true,70,0.4691221236171881,0.33765651157924104,0.2638423374720982,0.8962295532226562,0.90216064453125,0.43823830865867297,0.3236646379743303,0.20393633161272323,
3,高保真合法验证,403.0,冷端环温,后期100—200秒,100.0,200.0,false,true,26,0.693913232754195,0.6850222074068509,0.6850222074068509,0.8645248413085938,0.87432861328125,0.634846765281172,0.6251162015474759,0.6251162015474759,
3,高保真合法验证,630.5,冷端环温,初期0—30秒,0.0,30.0,true,true,30,0.5567680076217999,0.4121714274088542,0.4033884684244792,1.0812744140625,1.175567626953125,0.39191111481147795,0.31170959472656257,0.07953592936197916,
3,高保真合法验证,630.5,冷端环温,中期30—100秒,30.0,100.0,false,true,70,0.6996251856624757,0.6369450160435267,0.6369450160435267,1.0770736694335938,1.085357666015625,0.4263840359261585,0.3250187465122768,0.31309247698102677,
3,高保真合法验证,630.5,冷端环温,后期100—200秒,100.0,200.0,false,true,50,0.604185571881729,0.5357177734375,-0.21475830078125,0.9122238159179688,0.926300048828125,0.7803977923551499,0.664388427734375,-0.53861083984375,
4,高保真合法验证,115.2,顶部红外,初期0—30秒,0.0,30.0,true,true,606,1.8365818810596028,1.421378560585551,-1.381464992812758,3.8210525512695312,5.433929443359375,1.8992670985604072,1.6405593318120875,1.6405593318120875,
4,高保真合法验证,115.2,顶部红外,中期30—100秒,30.0,100.0,false,true,1313,1.7449141254104095,1.4690862744252189,-0.16934145994978106,3.0135070800781243,3.832794189453125,2.9903767472172462,2.8526828646750646,2.8526828646750646,
4,高保真合法验证,115.2,顶部红外,后期100—200秒,100.0,200.0,false,true,0,,,,,,,,,预登记时间窗内无观测，不外推真值
4,高保真合法验证,403.0,顶部红外,初期0—30秒,0.0,30.0,true,true,606,4.323720140411388,3.7759719697555694,3.5063427210640987,7.0267486572265625,7.918243408203125,3.6270405150938645,2.704678979250464,-0.34959890031971935,
4,高保真合法验证,403.0,顶部红外,中期30—100秒,30.0,100.0,false,true,1414,1.728368702767415,1.2939152676354433,-0.10797300930743553,3.2914978027343746,7.98980712890625,5.04843738417641,4.33153597780838,-3.953132926412617,
4,高保真合法验证,403.0,顶部红外,后期100—200秒,100.0,200.0,false,true,404,1.8050130935662883,1.3597215977040453,0.6069303609535425,3.46390380859375,7.602813720703125,4.010371580087094,3.5185194462333227,-3.2093907800496124,
4,高保真合法验证,630.5,顶部红外,初期0—30秒,0.0,30.0,true,true,606,13.16741386001248,12.070183583397512,11.402025594418825,18.933944702148438,22.424560546875,7.691727357032304,5.494017623343604,1.776604729604762,
4,高保真合法验证,630.5,顶部红外,中期30—100秒,30.0,100.0,false,true,1414,4.408728189958965,3.640113520885916,2.187886860419244,9.10292358398437,14.58038330078125,11.403531080310785,10.685773518450828,-8.084645247416356,
4,高保真合法验证,630.5,顶部红外,后期100—200秒,100.0,200.0,false,true,909,5.812566656919076,4.057350084032924,-1.3441571315602416,12.068505859374989,27.3985595703125,14.093091706206227,12.955121758078214,-11.773448633205264,
4,高保真合法验证,115.2,热端环温,初期0—30秒,0.0,30.0,true,true,30,0.7382793786430525,0.7203104654947916,-0.7203104654947916,0.9462600708007812,0.956787109375,0.4393084462390084,0.40839029947916666,-0.40839029947916666,
4,高保真合法验证,115.2,热端环温,中期30—100秒,30.0,100.0,false,true,70,1.5539507401561752,1.519712175641741,-1.519712175641741,1.995550537109375,2.07354736328125,1.2505995940167511,1.2077920096261163,-1.2077920096261163,
4,高保真合法验证,115.2,热端环温,后期100—200秒,100.0,200.0,false,true,0,,,,,,,,,预登记时间窗内无观测，不外推真值
4,高保真合法验证,403.0,热端环温,初期0—30秒,0.0,30.0,true,true,30,0.8660174047887418,0.8381856282552084,0.8381856282552084,1.1489608764648438,1.1632080078125,0.24979351638598776,0.20983276367187498,0.12233479817708334,
4,高保真合法验证,403.0,热端环温,中期30—100秒,30.0,100.0,false,true,70,0.7490467088700365,0.6557094029017856,0.6557094029017856,1.2619598388671875,1.281768798828125,0.36706013441672486,0.3105939592633928,-0.060141427176339295,
4,高保真合法验证,403.0,热端环温,后期100—200秒,100.0,200.0,false,true,26,0.6901603466396056,0.684906005859375,0.684906005859375,0.8675308227539062,0.91748046875,0.09045799775247988,0.08031757061298078,-0.030944824218750003,
4,高保真合法验证,630.5,热端环温,初期0—30秒,0.0,30.0,true,true,30,1.0068940510645479,0.9186909993489581,0.9186909993489581,1.6212890624999998,1.68304443359375,0.4379609342902485,0.3503051757812499,0.14821370442708334,
4,高保真合法验证,630.5,热端环温,中期30—100秒,30.0,100.0,false,true,70,1.0310263513970317,0.9720297677176339,-0.47155020577566964,1.4177688598632812,1.4266357421875,1.543790158407867,1.3668252127511158,-1.2420275006975445,
4,高保真合法验证,630.5,热端环温,后期100—200秒,100.0,200.0,false,true,50,1.278155470697057,1.078316650390625,-0.04508911132812503,2.6335021972656243,3.22161865234375,1.5155187040469,1.398489990234375,-0.81556640625,
4,高保真合法验证,115.2,冷端环温,初期0—30秒,0.0,30.0,true,true,30,0.22858031014896854,0.19199625651041666,-0.17098795572916667,0.4374145507812499,0.461669921875,0.35408530498677887,0.31994425455729164,-0.31994425455729164,
4,高保真合法验证,115.2,冷端环温,中期30—100秒,30.0,100.0,false,true,70,1.1896781985895526,1.1165950230189732,-1.1165950230189732,1.9052215576171874,2.05255126953125,1.3304773275022312,1.265551321847098,-1.265551321847098,
4,高保真合法验证,115.2,冷端环温,后期100—200秒,100.0,200.0,false,true,0,,,,,,,,,预登记时间窗内无观测，不外推真值
4,高保真合法验证,403.0,冷端环温,初期0—30秒,0.0,30.0,true,true,30,0.6411117574272244,0.5755686442057292,0.5728118896484375,0.9065460205078125,0.9429931640625,0.6783120746818959,0.6141632080078125,0.6141632080078125,
4,高保真合法验证,403.0,冷端环温,中期30—100秒,30.0,100.0,false,true,70,0.3683954509524081,0.3162083217075892,0.16207798549107147,0.6294052124023437,0.64263916015625,0.38836763068858016,0.3272670200892857,0.2034293038504464,
4,高保真合法验证,403.0,冷端环温,后期100—200秒,100.0,200.0,false,true,26,0.1233962836397944,0.09406456580528848,0.035902756911057696,0.269500732421875,0.3194580078125,0.14108801156791378,0.09987933819110578,0.07725407527043268,
4,高保真合法验证,630.5,冷端环温,初期0—30秒,0.0,30.0,true,true,30,0.46003150310904145,0.40390625,0.35728759765625007,0.68885498046875,0.736328125,0.5176295619572958,0.4564310709635417,0.4289123535156251,
4,高保真合法验证,630.5,冷端环温,中期30—100秒,30.0,100.0,false,true,70,0.7533890681643491,0.6676609584263391,-0.6676609584263391,1.1647247314453124,1.19451904296875,0.6907120148029972,0.5960362025669642,-0.5960362025669642,
4,高保真合法验证,630.5,冷端环温,后期100—200秒,100.0,200.0,false,true,50,0.9599738640269007,0.8523590087890626,-0.6168865966796875,1.3847702026367188,1.393798828125,0.9155933712661132,0.8189056396484375,-0.5452618408203125,
