HF优化步,训练热流_W_m2,物理配点时刻_s,HF三探针消费点数,实际训练目标,HF可见探针目标,累计体内PDE计算次数,合法两档探针验证RMSE_K
1,20000,1.0,42,0.08656491339206696,0.0007980336667969823,1,
2,35000,1.0,42,0.23982982337474823,0.0025004460476338863,2,
3,50000,1.0,42,0.4619545340538025,0.005163989495486021,3,
4,65000,1.0,42,0.7486628293991089,0.008689578622579575,4,
5,80000,1.0,42,1.0656075477600098,0.012816258706152439,5,
6,20000,2.0,42,0.2405121624469757,0.0022595825139433146,6,
7,35000,2.0,42,0.20563223958015442,0.003913425840437412,7,
8,50000,2.0,42,0.21712951362133026,0.006133597809821367,8,
9,65000,2.0,42,0.34613990783691406,0.009048832580447197,9,
10,80000,2.0,42,0.60161954164505,0.012945486232638359,10,
11,20000,5.0,42,0.30324968695640564,0.0030648773536086082,11,
12,35000,5.0,42,0.2177990972995758,0.004560438916087151,12,
13,50000,5.0,42,0.1865854263305664,0.006537890061736107,13,
14,65000,5.0,42,0.2818301022052765,0.009199073538184166,14,
15,80000,5.0,42,0.5157671570777893,0.013163447380065918,15,
16,20000,10.0,42,0.08873658627271652,0.003138912608847022,16,
17,35000,10.0,42,0.07945167273283005,0.004989352542907,17,
18,50000,10.0,42,0.1258738487958908,0.007334607187658548,18,
19,65000,10.0,42,0.25716516375541687,0.01024584285914898,19,
20,80000,10.0,42,0.46439293026924133,0.014558057300746441,20,2.334904432296753
21,20000,20.0,42,0.021154796704649925,0.003663696115836501,21,
22,35000,20.0,42,0.04924249276518822,0.006281313486397266,22,
23,50000,20.0,42,0.10391326993703842,0.009387829340994358,23,
24,65000,20.0,42,0.19730934500694275,0.012820116244256496,24,
25,80000,20.0,42,0.33302852511405945,0.017674488946795464,25,
26,20000,30.0,42,0.016362717375159264,0.004529512487351894,26,
27,35000,30.0,42,0.048235487192869186,0.008238274604082108,27,
28,50000,30.0,42,0.09558665752410889,0.012349095195531845,28,
29,65000,30.0,42,0.15412171185016632,0.016241196542978287,29,
30,80000,30.0,42,0.24484041333198547,0.02119380049407482,30,
31,20000,50.0,42,0.016818420961499214,0.004735834430903196,31,
32,35000,50.0,42,0.041808925569057465,0.00886140950024128,32,
33,50000,50.0,42,0.08267530053853989,0.013139179907739162,33,
34,65000,50.0,42,0.13448071479797363,0.0168108269572258,34,
35,80000,50.0,42,0.22183118760585785,0.021356403827667236,35,
36,20000,75.0,42,0.03621360659599304,0.004009661264717579,36,
37,35000,75.0,42,0.042297668755054474,0.007918016985058784,37,
38,50000,75.0,42,0.07245904207229614,0.012115087360143661,38,
39,65000,75.0,42,0.1235443726181984,0.015830568969249725,39,
40,80000,75.0,42,0.20281296968460083,0.020500408485531807,40,2.6946074962615967
41,20000,100.0,42,0.02758486196398735,0.0036265631206333637,41,
42,35000,100.0,42,0.03354615345597267,0.007657344918698072,42,
43,50000,100.0,42,0.07096311450004578,0.011941034346818924,43,
44,65000,100.0,42,0.10901825875043869,0.015315237455070019,44,
45,80000,100.0,42,0.16816487908363342,0.019191205501556396,45,
46,20000,125.0,42,0.01667970046401024,0.0030219166073948145,46,
47,35000,125.0,42,0.026447676122188568,0.006230324041098356,47,
48,50000,125.0,42,0.04866940155625343,0.009382742457091808,48,
49,65000,125.0,42,0.08461436629295349,0.01202752348035574,49,
50,80000,125.0,42,0.15537554025650024,0.015816140919923782,50,
51,20000,150.0,42,0.010052687488496304,0.0023611749056726694,51,
52,35000,150.0,42,0.024020850658416748,0.005329553037881851,52,
53,50000,150.0,42,0.04979690909385681,0.00850303191691637,53,
54,65000,150.0,42,0.06290227174758911,0.011127013713121414,54,
55,80000,150.0,42,0.11223950982093811,0.014605454169213772,55,
56,20000,175.0,42,0.006565483752638102,0.0018010260537266731,56,
57,35000,175.0,42,0.015391794964671135,0.004209044389426708,57,
58,50000,175.0,42,0.02828674577176571,0.006877114996314049,58,
59,65000,175.0,42,0.04761587083339691,0.009435581043362617,59,
60,80000,175.0,42,0.0993700847029686,0.013237827457487583,60,2.06909441947937
61,20000,200.0,42,0.005120151676237583,0.001445164903998375,61,
62,35000,200.0,42,0.019776400178670883,0.003975746687501669,62,
63,50000,200.0,42,0.045538537204265594,0.007107892539352179,63,
64,65000,200.0,42,0.04058714956045151,0.009843324311077595,64,
65,80000,200.0,42,0.0703054890036583,0.013347494415938854,65,
66,20000,1.0,42,0.09605123847723007,0.001145114772953093,66,
67,35000,1.0,42,0.32295307517051697,0.0029612546786665916,67,
68,50000,1.0,42,0.37928515672683716,0.004933098331093788,68,
69,65000,1.0,42,0.204586461186409,0.006986941210925579,69,
70,80000,1.0,42,0.09055816382169724,0.010057901963591576,70,
71,20000,2.0,42,0.2606433928012848,0.002389111090451479,71,
72,35000,2.0,42,0.2944815158843994,0.0035785934887826443,72,
73,50000,2.0,42,0.35681894421577454,0.005436878185719252,73,
74,65000,2.0,42,0.40403223037719727,0.007743145804852247,74,
75,80000,2.0,42,0.3767136335372925,0.010584115982055664,75,
76,20000,5.0,42,0.18400204181671143,0.00161468714941293,76,
77,35000,5.0,42,0.09204351156949997,0.002539439359679818,77,
78,50000,5.0,42,0.03791201859712601,0.004837995860725641,78,
79,65000,5.0,42,0.04338514804840088,0.00846146885305643,79,
80,80000,5.0,42,0.08794163167476654,0.013780991546809673,80,2.0751864910125732
81,20000,10.0,42,0.01143923681229353,0.0010421222541481256,81,
82,35000,10.0,42,0.03245094418525696,0.0036145164631307125,82,
83,50000,10.0,42,0.11811515688896179,0.007618981413543224,83,
84,65000,10.0,42,0.16743001341819763,0.011945792473852634,84,
85,80000,10.0,42,0.16041554510593414,0.01690470613539219,85,
86,20000,20.0,42,0.006233383901417255,0.0013064290396869183,86,
87,35000,20.0,42,0.024719160050153732,0.0039019929245114326,87,
88,50000,20.0,42,0.04024793580174446,0.007110584527254105,88,
89,65000,20.0,42,0.05262603610754013,0.01039442140609026,89,
90,80000,20.0,42,0.10426986217498779,0.014590948820114136,90,
91,20000,30.0,42,0.011981100775301456,0.0011655359994620085,91,
92,35000,30.0,42,0.019215088337659836,0.0033542599994689226,92,
93,50000,30.0,42,0.03861470893025398,0.00619306368753314,93,
94,65000,30.0,42,0.08331640064716339,0.009356813505291939,94,
95,80000,30.0,42,0.1606099158525467,0.013574287295341492,95,
96,20000,50.0,42,0.012360382825136185,0.0011532955104485154,96,
97,35000,50.0,42,0.018629569560289383,0.0033375180792063475,97,
98,50000,50.0,42,0.03276502341032028,0.006247815676033497,98,
99,65000,50.0,42,0.060984544456005096,0.009530909359455109,99,
100,80000,50.0,42,0.10904442518949509,0.013885928317904472,100,2.074465036392212
101,20000,75.0,42,0.005788030102849007,0.0012988813687115908,101,
102,35000,75.0,42,0.015103536657989025,0.0037042817566543818,102,
103,50000,75.0,42,0.03045646660029888,0.006822863593697548,103,
104,65000,75.0,42,0.046698108315467834,0.010181961581110954,104,
105,80000,75.0,42,0.07761137932538986,0.014490963891148567,105,
106,20000,100.0,42,0.006621968932449818,0.0013997415080666542,106,
107,35000,100.0,42,0.018858661875128746,0.0038625202141702175,107,
108,50000,100.0,42,0.030180584639310837,0.006906407885253429,108,
109,65000,100.0,42,0.04016946628689766,0.010069499723613262,109,
110,80000,100.0,42,0.07482700794935226,0.014128690585494041,110,
111,20000,125.0,42,0.004328671842813492,0.0012675990583375096,111,
112,35000,125.0,42,0.010567663237452507,0.003600099589675665,112,
113,50000,125.0,42,0.019996564835309982,0.006551396567374468,113,
114,65000,125.0,42,0.040650375187397,0.0097186379134655,114,
115,80000,125.0,42,0.0851525291800499,0.013876001350581646,115,
116,20000,150.0,42,0.004149557091295719,0.0011755706509575248,116,
117,35000,150.0,42,0.009552638046443462,0.0036209020763635635,117,
118,50000,150.0,42,0.019501926377415657,0.006872173864394426,118,
119,65000,150.0,42,0.030873749405145645,0.010365133173763752,119,
120,80000,150.0,42,0.055526092648506165,0.014792555011808872,120,2.140131950378418
121,20000,175.0,42,0.00397518090903759,0.0011780057102441788,121,
122,35000,175.0,42,0.01261021289974451,0.0038028089329600334,122,
123,50000,175.0,42,0.025178659707307816,0.007263523060828447,123,
124,65000,175.0,42,0.030561372637748718,0.010822558775544167,124,
125,80000,175.0,42,0.050156015902757645,0.015159029513597488,125,
126,20000,200.0,42,0.005207667127251625,0.00107281724922359,126,
127,35000,200.0,42,0.009244941174983978,0.0036207749508321285,127,
128,50000,200.0,42,0.017821045592427254,0.00703414436429739,128,
129,65000,200.0,42,0.029179196804761887,0.010624165646731853,129,
130,80000,200.0,42,0.05777738243341446,0.015117905102670193,130,
131,20000,1.0,42,0.040019042789936066,0.0010190332541242242,131,
132,35000,1.0,42,0.18418651819229126,0.0035866869147866964,132,
133,50000,1.0,42,0.31592637300491333,0.006969264708459377,133,
134,65000,1.0,42,0.28301486372947693,0.010244365781545639,134,
135,80000,1.0,42,0.14579157531261444,0.013951163738965988,135,
136,20000,2.0,42,0.017059141770005226,0.000666640349663794,136,
137,35000,2.0,42,0.0198553204536438,0.002159944036975503,137,
138,50000,2.0,42,0.047837432473897934,0.004442016594111919,138,
139,65000,2.0,42,0.11889135837554932,0.0072800335474312305,139,
140,80000,2.0,42,0.2278851866722107,0.011094712652266026,140,1.7418736219406128
141,20000,5.0,42,0.07113897055387497,0.0007512150914408267,141,
142,35000,5.0,42,0.08510717004537582,0.001960402587428689,142,
143,50000,5.0,42,0.10994986444711685,0.004146377090364695,143,
144,65000,5.0,42,0.15059685707092285,0.007134418003261089,144,
145,80000,5.0,42,0.1893988400697708,0.011285705491900444,145,
146,20000,10.0,42,0.04933212697505951,0.0007148844306357205,146,
147,35000,10.0,42,0.03242909535765648,0.002070784103125334,147,
148,50000,10.0,42,0.025398576632142067,0.004666263237595558,148,
149,65000,10.0,42,0.03514143079519272,0.00821902509778738,149,
150,80000,10.0,42,0.057698704302310944,0.013068696483969688,150,
151,20000,20.0,42,0.010494699701666832,0.0006863015587441623,151,
152,35000,20.0,42,0.017455751076340675,0.0025443248450756073,152,
153,50000,20.0,42,0.061184998601675034,0.005721488501876593,153,
154,65000,20.0,42,0.09594854712486267,0.009569560177624226,154,
155,80000,20.0,42,0.1020665317773819,0.014310595579445362,155,
156,20000,30.0,42,0.005516048055142164,0.0007360154413618147,156,
157,35000,30.0,42,0.02023891918361187,0.002634077798575163,157,
158,50000,30.0,42,0.03769649192690849,0.00547686917707324,158,
159,65000,30.0,42,0.04127010703086853,0.00876847468316555,159,
160,80000,30.0,42,0.05641155317425728,0.012948252260684967,160,1.8828336000442505
161,20000,50.0,42,0.008014639839529991,0.0006993639399297535,161,
162,35000,50.0,42,0.010935954749584198,0.002362822648137808,162,
163,50000,50.0,42,0.02158576063811779,0.004914263729006052,163,
164,65000,50.0,42,0.04651070758700371,0.008048021234571934,164,
165,80000,50.0,42,0.09400127828121185,0.012192558497190475,165,
166,20000,75.0,42,0.011398670263588428,0.000694605871103704,166,
167,35000,75.0,42,0.014045316725969315,0.0023736325092613697,167,
168,50000,75.0,42,0.023458298295736313,0.005030455999076366,168,
169,65000,75.0,42,0.04283362627029419,0.008359339088201523,169,
170,80000,75.0,42,0.07324084639549255,0.012802782468497753,170,
171,20000,100.0,42,0.005673008039593697,0.0007733525126241148,171,
172,35000,100.0,42,0.008791177533566952,0.0027420714031904936,172,
173,50000,100.0,42,0.020023327320814133,0.00578963290899992,173,
174,65000,100.0,42,0.03216133639216423,0.009457572363317013,174,
175,80000,100.0,42,0.048984259366989136,0.014173377305269241,175,
176,20000,125.0,42,0.003638998605310917,0.0009010760113596916,176,
177,35000,125.0,42,0.012008230201900005,0.00309840589761734,177,
178,50000,125.0,42,0.024140827357769012,0.006274518556892872,178,
179,65000,125.0,42,0.03046794980764389,0.009882437065243721,179,
180,80000,125.0,42,0.04627055674791336,0.014416113495826721,180,2.040256977081299
181,20000,150.0,42,0.0037212714087218046,0.0008950045448727906,181,
182,35000,150.0,42,0.0076288930140435696,0.0030460087582468987,182,
183,50000,150.0,42,0.015425821766257286,0.0061498768627643585,183,
184,65000,150.0,42,0.029023535549640656,0.009741083718836308,184,
185,80000,150.0,42,0.05753374472260475,0.014396176673471928,185,
186,20000,175.0,42,0.004866929724812508,0.0009005529573187232,186,
187,35000,175.0,42,0.007633877918124199,0.003203702624887228,187,
188,50000,175.0,42,0.016488011926412582,0.00665657315403223,188,
189,65000,175.0,42,0.026571596041321754,0.010679556056857109,189,
190,80000,175.0,42,0.04348813742399216,0.015757134184241295,190,
191,20000,200.0,42,0.004342001862823963,0.0009929186198860407,191,
192,35000,200.0,42,0.009839553385972977,0.0035400986671447754,192,
193,50000,200.0,42,0.021748539060354233,0.0072593227960169315,193,
194,65000,200.0,42,0.029592569917440414,0.011411497369408607,194,
195,80000,200.0,42,0.044578298926353455,0.01645619049668312,195,
196,20000,1.0,42,0.01835724711418152,0.0010095775360241532,196,
197,35000,1.0,42,0.059744853526353836,0.0034985465463250875,197,
198,50000,1.0,42,0.0927872583270073,0.006976417265832424,198,
199,65000,1.0,42,0.0833883062005043,0.010710767470300198,199,
200,80000,1.0,42,0.05931153520941734,0.015093830414116383,200,1.9942395687103271
201,20000,2.0,42,0.003633851185441017,0.0007167644216679037,201,
202,35000,2.0,42,0.00955207459628582,0.0024658215697854757,202,
203,50000,2.0,42,0.02065771445631981,0.005068204365670681,203,
204,65000,2.0,42,0.0458708330988884,0.008205845952033997,204,
205,80000,2.0,42,0.09497863054275513,0.01234855130314827,205,
206,20000,5.0,42,0.01571817696094513,0.0006435247487388551,206,
207,35000,5.0,42,0.019360631704330444,0.0020817324984818697,207,
208,50000,5.0,42,0.02994963340461254,0.0045281522907316685,208,
209,65000,5.0,42,0.05039720609784126,0.007753374986350536,209,
210,80000,5.0,42,0.07847253233194351,0.01216178573668003,210,
211,20000,10.0,42,0.012868025340139866,0.0006437725969590247,211,
212,35000,10.0,42,0.010380269959568977,0.002166867721825838,212,
213,50000,10.0,42,0.01886840909719467,0.004869794473052025,213,
214,65000,10.0,42,0.032862257212400436,0.008440081961452961,214,
215,80000,10.0,42,0.049388691782951355,0.01320391334593296,215,
216,20000,20.0,42,0.0056111449375748634,0.0006578964530490339,216,
217,35000,20.0,42,0.012501595541834831,0.0023778346367180347,217,
218,50000,20.0,42,0.03388199210166931,0.005259273573756218,218,
219,65000,20.0,42,0.047959715127944946,0.008860195055603981,219,
220,80000,20.0,42,0.054284632205963135,0.013481492176651955,220,1.9104338884353638
221,20000,30.0,42,0.005334595218300819,0.000663702143356204,221,
222,35000,30.0,42,0.009753265418112278,0.0023469708394259214,222,
223,50000,30.0,42,0.020519249141216278,0.005047448445111513,223,
224,65000,30.0,42,0.03022591397166252,0.008405021391808987,224,
225,80000,30.0,42,0.04922027140855789,0.012801486067473888,225,
226,20000,50.0,42,0.008730982430279255,0.0006547761731781065,226,
227,35000,50.0,42,0.009738752618432045,0.0022770948708057404,227,
228,50000,50.0,42,0.0178787000477314,0.004910571500658989,228,
229,65000,50.0,42,0.03206074610352516,0.008262655697762966,229,
230,80000,50.0,42,0.05574323609471321,0.012728744186460972,230,
231,20000,75.0,42,0.008973092772066593,0.0006748985033482313,231,
232,35000,75.0,42,0.009210181422531605,0.002400713274255395,232,
233,50000,75.0,42,0.016677802428603172,0.005197805818170309,233,
234,65000,75.0,42,0.028265664353966713,0.008743878453969955,234,
235,80000,75.0,42,0.045278988778591156,0.013436263427138329,235,
236,20000,100.0,42,0.005070159211754799,0.0007499165367335081,236,
237,35000,100.0,42,0.007695465348660946,0.0026849398855119944,237,
238,50000,100.0,42,0.017998049035668373,0.005702420603483915,238,
239,65000,100.0,42,0.02836243063211441,0.009397376328706741,239,
240,80000,100.0,42,0.04185085743665695,0.014171179383993149,240,2.0108025074005127
241,20000,125.0,42,0.0036927303299307823,0.0008354786550626159,241,
242,35000,125.0,42,0.007314757443964481,0.0028937130700796843,242,
243,50000,125.0,42,0.015782687813043594,0.005976752378046513,243,
244,65000,125.0,42,0.025435522198677063,0.00967392884194851,244,
245,80000,125.0,42,0.04322353005409241,0.014462440274655819,245,
246,20000,150.0,42,0.003930639009922743,0.0009020177531056106,246,
247,35000,150.0,42,0.007015659473836422,0.0030801694374531507,247,
248,50000,150.0,42,0.014653684571385384,0.006332804914563894,248,
249,65000,150.0,42,0.024905182421207428,0.010236174799501896,249,
250,80000,150.0,42,0.04253415763378143,0.015298889018595219,250,
251,20000,175.0,42,0.003459933679550886,0.001022564829327166,251,
252,35000,175.0,42,0.0077015371061861515,0.0034469175152480602,252,
253,50000,175.0,42,0.017137734219431877,0.007026102859526873,253,
254,65000,175.0,42,0.02624737098813057,0.01122321467846632,254,
255,80000,175.0,42,0.04062866047024727,0.016499949619174004,255,
256,20000,200.0,42,0.003761633997783065,0.0011363299563527107,256,
257,35000,200.0,42,0.008419020101428032,0.003716394305229187,257,
258,50000,200.0,42,0.01712663099169731,0.007426979951560497,258,
259,65000,200.0,42,0.02704201079905033,0.011702144518494606,259,
260,80000,200.0,42,0.045397501438856125,0.017071636393666267,260,2.256850242614746
261,20000,1.0,42,0.011852813884615898,0.001212596194818616,261,
262,35000,1.0,42,0.030297143384814262,0.003864517668262124,262,
263,50000,1.0,42,0.04456058144569397,0.007581431418657303,263,
264,65000,1.0,42,0.04379575327038765,0.011723817326128483,264,
265,80000,1.0,42,0.04744362086057663,0.016686268150806427,265,
266,20000,2.0,42,0.0032034411560744047,0.0009280744125135243,266,
267,35000,2.0,42,0.00917910784482956,0.0030072948429733515,267,
268,50000,2.0,42,0.017730413004755974,0.005964308977127075,268,
269,65000,2.0,42,0.03421938419342041,0.009449632838368416,269,
270,80000,2.0,42,0.06774882227182388,0.013997781090438366,270,
271,20000,5.0,42,0.005901454947888851,0.0007094823522493243,271,
272,35000,5.0,42,0.009953338652849197,0.0024395897053182125,272,
273,50000,5.0,42,0.018379904329776764,0.00515349768102169,273,
274,65000,5.0,42,0.03186953067779541,0.008593385107815266,274,
275,80000,5.0,42,0.05219973996281624,0.013218238949775696,275,
276,20000,10.0,42,0.005429096519947052,0.0006712350877933204,276,
277,35000,10.0,42,0.00860330555588007,0.002359207486733794,277,
278,50000,10.0,42,0.02034507505595684,0.005120318382978439,278,
279,65000,10.0,42,0.033218082040548325,0.008664249442517757,279,
280,80000,10.0,42,0.04552443325519562,0.013360613957047462,280,1.9078915119171143
281,20000,20.0,42,0.004183524288237095,0.000666520674712956,281,
282,35000,20.0,42,0.009832272306084633,0.002354756463319063,282,
283,50000,20.0,42,0.023519277572631836,0.005088957957923412,283,
284,65000,20.0,42,0.03371819108724594,0.008565048687160015,284,
285,80000,20.0,42,0.04321509972214699,0.013146579265594482,285,
286,20000,30.0,42,0.005798144266009331,0.0006536628352478147,286,
287,35000,30.0,42,0.008258957415819168,0.002290708012878895,287,
288,50000,30.0,42,0.016949092969298363,0.0049509890377521515,288,
289,65000,30.0,42,0.028028104454278946,0.00837932899594307,289,
290,80000,30.0,42,0.04560651630163193,0.012963824905455112,290,
291,20000,50.0,42,0.007684110198169947,0.000658985401969403,291,
292,35000,50.0,42,0.008549961261451244,0.002334748860448599,292,
293,50000,50.0,42,0.016310200095176697,0.005080618895590305,293,
294,65000,50.0,42,0.027264544740319252,0.008638376370072365,294,
295,80000,50.0,42,0.04222951829433441,0.01338411495089531,295,
296,20000,75.0,42,0.006254819221794605,0.0007017801399342716,296,
297,35000,75.0,42,0.0076195234432816505,0.0025081417988985777,297,
298,50000,75.0,42,0.016631847247481346,0.005404374096542597,298,
299,65000,75.0,42,0.027374230325222015,0.009086156263947487,299,
300,80000,75.0,42,0.04010061174631119,0.013923863880336285,300,1.9741506576538086
301,20000,100.0,42,0.004768403246998787,0.0007681125425733626,301,
302,35000,100.0,42,0.0072061424143612385,0.0026826527900993824,302,
303,50000,100.0,42,0.015513882972300053,0.005648667924106121,303,
304,65000,100.0,42,0.025435376912355423,0.009351667948067188,304,
305,80000,100.0,42,0.03976333141326904,0.01421305164694786,305,
306,20000,125.0,42,0.004249730613082647,0.0008437152137048542,306,
307,35000,125.0,42,0.006984999403357506,0.0028651715256273746,307,
308,50000,125.0,42,0.014414363540709019,0.005946002900600433,308,
309,65000,125.0,42,0.02439034730195999,0.009773709811270237,309,
310,80000,125.0,42,0.03955703228712082,0.01481738593429327,310,
311,20000,150.0,42,0.003202599473297596,0.0009680549264885485,311,
312,35000,150.0,42,0.006867264863103628,0.0031873569823801517,312,
313,50000,150.0,42,0.015040751546621323,0.00651436485350132,313,
314,65000,150.0,42,0.02443883568048477,0.010580133646726608,314,
315,80000,150.0,42,0.03801600635051727,0.015845738351345062,315,
316,20000,175.0,42,0.002888084389269352,0.0011137094115838408,316,
317,35000,175.0,42,0.007324498146772385,0.003514444688335061,317,
318,50000,175.0,42,0.015370849519968033,0.007020993623882532,318,
319,65000,175.0,42,0.024779628962278366,0.011225932277739048,319,
320,80000,175.0,42,0.03998089209198952,0.016627559438347816,320,2.220188617706299
321,20000,200.0,42,0.003460270818322897,0.0012243142118677497,321,
322,35000,200.0,42,0.007966266945004463,0.0037750788033008575,322,
323,50000,200.0,42,0.016181549057364464,0.007473914418369532,323,
324,65000,200.0,42,0.02634718269109726,0.011881928890943527,324,
325,80000,200.0,42,0.041819408535957336,0.017493242397904396,325,
326,20000,1.0,42,0.004843781236559153,0.001341668306849897,326,
327,35000,1.0,42,0.011063138023018837,0.003991071600466967,327,
328,50000,1.0,42,0.018915904685854912,0.007723970338702202,328,
329,65000,1.0,42,0.030241165310144424,0.01205070223659277,329,
330,80000,1.0,42,0.05404694378376007,0.0173963475972414,330,
331,20000,2.0,42,0.0037958063185214996,0.001173747587017715,331,
332,35000,2.0,42,0.010067000985145569,0.003477460704743862,332,
333,50000,2.0,42,0.018300887197256088,0.006682652980089188,333,
334,65000,2.0,42,0.028099626302719116,0.010412939824163914,334,
335,80000,2.0,42,0.046166397631168365,0.015147536061704159,335,
336,20000,5.0,42,0.002977154217660427,0.0008700362523086369,336,
337,35000,5.0,42,0.009373363107442856,0.002748688217252493,337,
338,50000,5.0,42,0.01857377029955387,0.005487876944243908,338,
339,65000,5.0,42,0.028179651126265526,0.0088431965559721,339,
340,80000,5.0,42,0.04276663810014725,0.01328052207827568,340,1.8963745832443237
341,20000,10.0,42,0.00313299847766757,0.0007062560762278736,341,
342,35000,10.0,42,0.008544456213712692,0.0023394590243697166,342,
343,50000,10.0,42,0.01794172078371048,0.004878181964159012,343,
344,65000,10.0,42,0.02821219712495804,0.008152908645570278,344,
345,80000,10.0,42,0.04194148629903793,0.01259444747120142,345,
346,20000,20.0,42,0.004337025806307793,0.0006557657034136355,346,
347,35000,20.0,42,0.00811383780092001,0.002232758793979883,347,
348,50000,20.0,42,0.017349831759929657,0.004807589575648308,348,
349,65000,20.0,42,0.02790139615535736,0.008224043063819408,349,
350,80000,20.0,42,0.0404449924826622,0.012874355539679527,350,
351,20000,30.0,42,0.005519966594874859,0.0006553856073878706,351,
352,35000,30.0,42,0.007846705615520477,0.0023017891217023134,352,
353,50000,30.0,42,0.016337651759386063,0.0050311922095716,353,
354,65000,30.0,42,0.02687940001487732,0.00865382794290781,354,
355,80000,30.0,42,0.03976597264409065,0.01352759636938572,355,
356,20000,50.0,42,0.005622687749564648,0.0006864595925435424,356,
357,35000,50.0,42,0.007503097876906395,0.0024462754372507334,357,
358,50000,50.0,42,0.01615714281797409,0.005317737348377705,358,
359,65000,50.0,42,0.02666054666042328,0.009061305783689022,359,
360,80000,50.0,42,0.0387844517827034,0.014017158187925816,360,1.9651647806167603
361,20000,75.0,42,0.005499060265719891,0.0007315303664654493,361,
362,35000,75.0,42,0.007321679033339024,0.002566860755905509,362,
363,50000,75.0,42,0.015019755810499191,0.005480287596583366,363,
364,65000,75.0,42,0.02507384866476059,0.009223969653248787,364,
365,80000,75.0,42,0.038089949637651443,0.014177725650370121,365,
366,20000,100.0,42,0.004858737345784903,0.0007916610920801759,366,
367,35000,100.0,42,0.007117980159819126,0.002702502068132162,367,
368,50000,100.0,42,0.01427014172077179,0.005677094683051109,368,
369,65000,100.0,42,0.02412470243871212,0.009475957602262497,369,
370,80000,100.0,42,0.03736599162220955,0.014523137360811234,370,
371,20000,125.0,42,0.003254538867622614,0.0008974855882115662,371,
372,35000,125.0,42,0.006641023326665163,0.002945058047771454,372,
373,50000,125.0,42,0.014276431873440742,0.006063908338546753,373,
374,65000,125.0,42,0.02376811020076275,0.009995459578931332,374,
375,80000,125.0,42,0.036339860409498215,0.015182464383542538,375,
376,20000,150.0,42,0.002556182909756899,0.0010318260174244642,376,
377,35000,150.0,42,0.0066601294092834,0.0032237274572253227,377,
378,50000,150.0,42,0.014066454023122787,0.006484494544565678,378,
379,65000,150.0,42,0.023330967873334885,0.010542761534452438,379,
380,80000,150.0,42,0.03673747554421425,0.01588113233447075,380,2.157460927963257
381,20000,175.0,42,0.002661924809217453,0.001157425227575004,381,
382,35000,175.0,42,0.006936173886060715,0.0035030196886509657,382,
383,50000,175.0,42,0.014357119798660278,0.0069608320482075214,383,
384,65000,175.0,42,0.023859910666942596,0.011235558427870274,384,
385,80000,175.0,42,0.03733104094862938,0.016807887703180313,385,
386,20000,200.0,42,0.00310256564989686,0.0012821874115616083,386,
387,35000,200.0,42,0.007692420855164528,0.003784378059208393,387,
388,50000,200.0,42,0.015482933260500431,0.007431246340274811,388,
389,65000,200.0,42,0.025316055864095688,0.011885130777955055,389,
390,80000,200.0,42,0.03906723111867905,0.01760317012667656,390,
391,20000,1.0,42,0.002991878427565098,0.0013851459370926023,391,
392,35000,1.0,42,0.009709266945719719,0.003946149256080389,392,
393,50000,1.0,42,0.022041387856006622,0.007588764652609825,393,
394,65000,1.0,42,0.042122356593608856,0.011961917392909527,394,
395,80000,1.0,42,0.068831667304039,0.017502646893262863,395,
396,20000,2.0,42,0.00428780447691679,0.001331788720563054,396,
397,35000,2.0,42,0.011427157558500767,0.003715113503858447,397,
398,50000,2.0,42,0.022240420803427696,0.007008564192801714,398,
399,65000,2.0,42,0.03256891667842865,0.010828224010765553,399,
400,80000,2.0,42,0.04383300989866257,0.015534177422523499,400,2.0500495433807373
401,20000,5.0,42,0.006078926380723715,0.0009756738436408341,401,
402,35000,5.0,42,0.013725938275456429,0.0028084698133170605,402,
403,50000,5.0,42,0.02190794236958027,0.005371113773435354,403,
404,65000,5.0,42,0.028562244027853012,0.008494957350194454,404,
405,80000,5.0,42,0.04113765060901642,0.012645396403968334,405,
406,20000,10.0,42,0.0029900989029556513,0.0006907295319251716,406,
407,35000,10.0,42,0.008143065497279167,0.002188118640333414,407,
408,50000,10.0,42,0.01652679778635502,0.004508985206484795,408,
409,65000,10.0,42,0.028752386569976807,0.007593925576657057,409,
410,80000,10.0,42,0.04603281617164612,0.011880442500114441,410,
411,20000,20.0,42,0.004858706146478653,0.0006381833227351308,411,
412,35000,20.0,42,0.008080371655523777,0.0021417862735688686,412,
413,50000,20.0,42,0.016081631183624268,0.004655102267861366,413,
414,65000,20.0,42,0.027144823223352432,0.00811458844691515,414,
415,80000,20.0,42,0.039254575967788696,0.012887607328593731,415,
416,20000,30.0,42,0.00428400281816721,0.0006667175912298262,416,
417,35000,30.0,42,0.007515076547861099,0.002341931452974677,417,
418,50000,30.0,42,0.01696573570370674,0.005130453035235405,418,
419,65000,30.0,42,0.02802457846701145,0.008878294378519058,419,
420,80000,30.0,42,0.03895791992545128,0.013883638195693493,420,1.950390100479126
421,20000,50.0,42,0.004631427116692066,0.0007113200263120234,421,
422,35000,50.0,42,0.007267303764820099,0.00248143938370049,422,
423,50000,50.0,42,0.01485752034932375,0.005334202200174332,423,
424,65000,50.0,42,0.024735640734434128,0.009084594435989857,424,
425,80000,50.0,42,0.0374792255461216,0.014071019366383553,425,
426,20000,75.0,42,0.005209741182625294,0.0007520346553064883,426,
427,35000,75.0,42,0.007424287497997284,0.0025687820743769407,427,
428,50000,75.0,42,0.014052866026759148,0.005448488984256983,428,
429,65000,75.0,42,0.023754648864269257,0.00921614095568657,429,
430,80000,75.0,42,0.036276500672101974,0.014256477355957031,430,
431,20000,100.0,42,0.003507204819470644,0.0008353762095794082,431,
432,35000,100.0,42,0.006628308445215225,0.0027544498443603516,432,
433,50000,100.0,42,0.013920577242970467,0.005730029661208391,433,
434,65000,100.0,42,0.023527842015028,0.009577104821801186,434,
435,80000,100.0,42,0.03516683727502823,0.014702023938298225,435,
436,20000,125.0,42,0.002467760816216469,0.0009524781489744782,436,
437,35000,125.0,42,0.006405416876077652,0.0029777572490274906,437,
438,50000,125.0,42,0.013422569260001183,0.006037392187863588,438,
439,65000,125.0,42,0.02258792705833912,0.009953124448657036,439,
440,80000,125.0,42,0.03501744568347931,0.015191844664514065,440,2.096478223800659
441,20000,150.0,42,0.002351438859477639,0.0010745516046881676,441,
442,35000,150.0,42,0.006369958631694317,0.0032397990580648184,442,
443,50000,150.0,42,0.013203823007643223,0.006486312951892614,443,
444,65000,150.0,42,0.022366773337125778,0.010629591532051563,444,
445,80000,150.0,42,0.034606076776981354,0.016148852184414864,445,
446,20000,175.0,42,0.0024933298118412495,0.0012208945117890835,446,
447,35000,175.0,42,0.006733404006808996,0.0035699077416211367,447,
448,50000,175.0,42,0.013786187395453453,0.007048163563013077,448,
449,65000,175.0,42,0.02296421118080616,0.011426355689764023,449,
450,80000,175.0,42,0.03512419015169144,0.01715325564146042,450,
451,20000,200.0,42,0.0030073090456426144,0.0013357690768316388,451,
452,35000,200.0,42,0.007436329033225775,0.003805307438597083,452,
453,50000,200.0,42,0.014420982450246811,0.007417864166200161,453,
454,65000,200.0,42,0.024017037823796272,0.011931427754461765,454,
455,80000,200.0,42,0.03710901364684105,0.017806192860007286,455,
456,20000,1.0,42,0.003224316518753767,0.0014512768248096108,456,
457,35000,1.0,42,0.011546332389116287,0.004004553891718388,457,
458,50000,1.0,42,0.02596493624150753,0.007659092079848051,458,
459,65000,1.0,42,0.04638686776161194,0.012136247009038925,459,
460,80000,1.0,42,0.06897177547216415,0.017851335927844048,460,2.2757742404937744
461,20000,2.0,42,0.005131307989358902,0.0014605778269469738,461,
462,35000,2.0,42,0.012925860472023487,0.003876727307215333,462,
463,50000,2.0,42,0.025585733354091644,0.007179872132837772,463,
464,65000,2.0,42,0.037771422415971756,0.011000535450875759,464,
465,80000,2.0,42,0.047116968780756,0.015623319894075394,465,
466,20000,5.0,42,0.007439523935317993,0.0010156407952308655,466,
467,35000,5.0,42,0.013334808871150017,0.002764576580375433,467,
468,50000,5.0,42,0.01948375441133976,0.005183398257941008,468,
469,65000,5.0,42,0.026643861085176468,0.008174528367817402,469,
470,80000,5.0,42,0.04198640212416649,0.012183609418570995,470,
471,20000,10.0,42,0.0031098839826881886,0.0006723833503201604,471,
472,35000,10.0,42,0.008492214605212212,0.0021029303316026926,472,
473,50000,10.0,42,0.017105383798480034,0.004346348810940981,473,
474,65000,10.0,42,0.02944769896566868,0.00739540159702301,474,
475,80000,10.0,42,0.044888801872730255,0.011654676869511604,475,
476,20000,20.0,42,0.004408212378621101,0.0006308722659014165,476,
477,35000,20.0,42,0.007717693690210581,0.0021266359835863113,477,
478,50000,20.0,42,0.016200635582208633,0.0046533881686627865,478,
479,65000,20.0,42,0.028658563271164894,0.008181901648640633,479,
480,80000,20.0,42,0.040691349655389786,0.01300892699509859,480,1.8972200155258179
481,20000,30.0,42,0.0035787669476121664,0.0006771974731236696,481,
482,35000,30.0,42,0.00733164930716157,0.0023529017344117165,482,
483,50000,30.0,42,0.016025913879275322,0.005116465967148542,483,
484,65000,30.0,42,0.02633564919233322,0.008847272954881191,484,
485,80000,30.0,42,0.037451863288879395,0.013813275843858719,485,
486,20000,50.0,42,0.0044546592980623245,0.0007199213141575456,486,
487,35000,50.0,42,0.007327517028898001,0.0024583693593740463,487,
488,50000,50.0,42,0.014055149629712105,0.005250935908406973,488,
489,65000,50.0,42,0.023661620914936066,0.008972043171525002,489,
490,80000,50.0,42,0.03638611361384392,0.013958629220724106,490,
491,20000,75.0,42,0.00410242285579443,0.0007758254068903625,491,
492,35000,75.0,42,0.00688594114035368,0.0025870243553072214,492,
493,50000,75.0,42,0.013542707078158855,0.005452870391309261,493,
494,65000,75.0,42,0.02310696244239807,0.00924436841160059,494,
495,80000,75.0,42,0.03454834967851639,0.014323684386909008,495,
496,20000,100.0,42,0.002586674876511097,0.0008777030743658543,496,
497,35000,100.0,42,0.006345592439174652,0.002787228673696518,497,
498,50000,100.0,42,0.013361740857362747,0.005723557900637388,498,
499,65000,100.0,42,0.022478945553302765,0.00955530721694231,499,
500,80000,100.0,42,0.03370591253042221,0.01469113864004612,500,2.0432076454162598
501,20000,125.0,42,0.002269245684146881,0.0009846697794273496,501,
502,35000,125.0,42,0.006182319484651089,0.0029868341516703367,502,
503,50000,125.0,42,0.012741733342409134,0.0060230097733438015,503,
504,65000,125.0,42,0.021770119667053223,0.009982606396079063,504,
505,80000,125.0,42,0.033566124737262726,0.015335068106651306,505,
506,20000,150.0,42,0.0022276025265455246,0.001122106215916574,506,
507,35000,150.0,42,0.006194066256284714,0.00330014037899673,507,
508,50000,150.0,42,0.012843124568462372,0.0065818047150969505,508,
509,65000,150.0,42,0.021741125732660294,0.010825308971107006,509,
510,80000,150.0,42,0.032839447259902954,0.016464320942759514,510,
511,20000,175.0,42,0.0024174361024051905,0.0012626488460227847,511,
512,35000,175.0,42,0.0064594801515340805,0.0035853697918355465,512,
513,50000,175.0,42,0.01293113362044096,0.007025381084531546,513,
514,65000,175.0,42,0.021907206624746323,0.01142608467489481,514,
515,80000,175.0,42,0.03372279554605484,0.017244083806872368,515,
516,20000,200.0,42,0.0029016733169555664,0.0013756337575614452,516,
517,35000,200.0,42,0.007185938768088818,0.0038345393259078264,517,
518,50000,200.0,42,0.013864929787814617,0.0074531096033751965,518,
519,65000,200.0,42,0.02315358817577362,0.012033960781991482,519,
520,80000,200.0,42,0.035085514187812805,0.017969392240047455,520,2.292720317840576
521,20000,1.0,42,0.0037854223046451807,0.0014957066159695387,521,
522,35000,1.0,42,0.014439898543059826,0.0039872461929917336,522,
523,50000,1.0,42,0.03198428079485893,0.007535645272582769,523,
524,65000,1.0,42,0.05373179167509079,0.01192724984139204,524,
525,80000,1.0,42,0.07249635457992554,0.017565974965691566,525,
526,20000,2.0,42,0.005777616519480944,0.001530981156975031,526,
527,35000,2.0,42,0.014118943363428116,0.003892065491527319,527,
528,50000,2.0,42,0.02868887037038803,0.007085117511451244,528,
529,65000,2.0,42,0.043475404381752014,0.010773271322250366,529,
530,80000,2.0,42,0.051679663360118866,0.015175523236393929,530,
531,20000,5.0,42,0.00904538668692112,0.001021361444145441,531,
532,35000,5.0,42,0.01330149732530117,0.002655253279954195,532,
533,50000,5.0,42,0.01804737001657486,0.004910960327833891,533,
534,65000,5.0,42,0.026004290208220482,0.00775311142206192,534,
535,80000,5.0,42,0.04363900423049927,0.011581269092857838,535,
536,20000,10.0,42,0.003296629758551717,0.0006477113929577172,536,
537,35000,10.0,42,0.00920302513986826,0.0020128122996538877,537,
538,50000,10.0,42,0.018130376935005188,0.004178939387202263,538,
539,65000,10.0,42,0.030207954347133636,0.007177191320806742,539,
540,80000,10.0,42,0.04425480216741562,0.011363577097654343,540,1.7851349115371704
541,20000,20.0,42,0.004134728107601404,0.0006241771043278277,541,
542,35000,20.0,42,0.0075497105717659,0.0021088996436446905,542,
543,50000,20.0,42,0.016415352001786232,0.004633359145373106,543,
544,65000,20.0,42,0.030331844463944435,0.008191503584384918,544,
545,80000,20.0,42,0.04300824552774429,0.013001186773180962,545,
546,20000,30.0,42,0.0031433263793587685,0.0006910625379532576,546,
547,35000,30.0,42,0.007218834012746811,0.0023595935199409723,547,
548,50000,30.0,42,0.015292050316929817,0.005079162772744894,548,
549,65000,30.0,42,0.02512306347489357,0.008754380978643894,549,
550,80000,30.0,42,0.036509934812784195,0.013625041581690311,550,
551,20000,50.0,42,0.0041952962055802345,0.0007325544138439,551,
552,35000,50.0,42,0.007459206506609917,0.002441971329972148,552,
553,50000,50.0,42,0.013834841549396515,0.0051718889735639095,553,
554,65000,50.0,42,0.02316386252641678,0.008840696886181831,554,
555,80000,50.0,42,0.03548017889261246,0.013779240660369396,555,
556,20000,75.0,42,0.0032633005175739527,0.0008048413437791169,556,
557,35000,75.0,42,0.006507072597742081,0.0026108641177415848,557,
558,50000,75.0,42,0.013171790167689323,0.005454103462398052,558,
559,65000,75.0,42,0.022665949538350105,0.009239205159246922,559,
560,80000,75.0,42,0.03355948626995087,0.014306392520666122,560,2.0058679580688477
561,20000,100.0,42,0.0021989475935697556,0.0009217382175847888,561,
562,35000,100.0,42,0.0061403498984873295,0.0028226040303707123,562,
563,50000,100.0,42,0.012740885838866234,0.005723264999687672,563,
564,65000,100.0,42,0.021495841443538666,0.009534546174108982,564,
565,80000,100.0,42,0.032644763588905334,0.014668547548353672,565,
566,20000,125.0,42,0.0021322567481547594,0.0010238192044198513,566,
567,35000,125.0,42,0.006026407238095999,0.0030262882355600595,567,
568,50000,125.0,42,0.012315699830651283,0.0060712299309670925,568,
569,65000,125.0,42,0.02104901522397995,0.010091596283018589,569,
570,80000,125.0,42,0.032210297882556915,0.015546483919024467,570,
571,20000,150.0,42,0.0021854143124073744,0.0011782359797507524,571,
572,35000,150.0,42,0.006081763654947281,0.003386477706953883,572,
573,50000,150.0,42,0.012516319751739502,0.006716457195580006,573,
574,65000,150.0,42,0.02120693027973175,0.011053274385631084,574,
575,80000,150.0,42,0.031742580235004425,0.01679551787674427,575,
576,20000,175.0,42,0.0023682708851993084,0.0013094358146190643,576,
577,35000,175.0,42,0.0063584609888494015,0.0036436242517083883,577,
578,50000,175.0,42,0.012571573257446289,0.007105630356818438,578,
579,65000,175.0,42,0.021338997408747673,0.011583184823393822,579,
580,80000,175.0,42,0.0326487235724926,0.01752784475684166,580,2.272102117538452
581,20000,200.0,42,0.002795917447656393,0.0014327917015179992,581,
582,35000,200.0,42,0.007024985738098621,0.003930485807359219,582,
583,50000,200.0,42,0.013611222617328167,0.007610568776726723,583,
584,65000,200.0,42,0.02280932106077671,0.012281989678740501,584,
585,80000,200.0,42,0.033950336277484894,0.01826142892241478,585,
586,20000,1.0,42,0.003662902396172285,0.0015363654820248485,586,
587,35000,1.0,42,0.013340833596885204,0.003993336111307144,587,
588,50000,1.0,42,0.029315615072846413,0.0074610584415495396,588,
589,65000,1.0,42,0.04900797829031944,0.011750574223697186,589,
590,80000,1.0,42,0.06653916835784912,0.017228737473487854,590,
591,20000,2.0,42,0.005512109957635403,0.0014966691378504038,591,
592,35000,2.0,42,0.013002422638237476,0.003735792124643922,592,
593,50000,2.0,42,0.026065871119499207,0.006763236131519079,593,
594,65000,2.0,42,0.04013704136013985,0.010308092460036278,594,
595,80000,2.0,42,0.04883897677063942,0.01456950232386589,595,
596,20000,5.0,42,0.007504517678171396,0.0009754491620697081,596,
597,35000,5.0,42,0.011443320661783218,0.0025431925896555185,597,
598,50000,5.0,42,0.016873396933078766,0.004746694583445787,598,
599,65000,5.0,42,0.025804484263062477,0.007572843227535486,599,
600,80000,5.0,42,0.042493656277656555,0.011353908106684685,600,1.757178783416748
601,20000,10.0,42,0.0033432827331125736,0.0006352359196171165,601,
602,35000,10.0,42,0.009145042859017849,0.0019889066461473703,602,
603,50000,10.0,42,0.01752299629151821,0.004155375529080629,603,
604,65000,10.0,42,0.028528938069939613,0.007177468854933977,604,
605,80000,10.0,42,0.04165352135896683,0.011349370703101158,605,
606,20000,20.0,42,0.003816396463662386,0.0006264405674301088,606,
607,35000,20.0,42,0.007434953935444355,0.0021199865732342005,607,
608,50000,20.0,42,0.01617179811000824,0.004646109417080879,608,
609,65000,20.0,42,0.029876865446567535,0.008201652206480503,609,
610,80000,20.0,42,0.042424898594617844,0.012941871769726276,610,
611,20000,30.0,42,0.0029390070121735334,0.0007028710097074509,611,
612,35000,30.0,42,0.007047519087791443,0.002357140649110079,612,
613,50000,30.0,42,0.014477597549557686,0.005025598220527172,613,
614,65000,30.0,42,0.024002470076084137,0.008636768907308578,614,
615,80000,30.0,42,0.03574041277170181,0.013415292836725712,615,
616,20000,50.0,42,0.0036013408098369837,0.0007486927788704634,616,
617,35000,50.0,42,0.007200476713478565,0.0024451075587421656,617,
618,50000,50.0,42,0.01349407434463501,0.005140555091202259,618,
619,65000,50.0,42,0.02253151684999466,0.008782929740846157,619,
620,80000,50.0,42,0.034173641353845596,0.013687681406736374,620,1.9584218263626099
621,20000,75.0,42,0.0025560008361935616,0.0008368004346266389,621,
622,35000,75.0,42,0.006194204092025757,0.0026451374869793653,622,
623,50000,75.0,42,0.01283205859363079,0.005474006291478872,623,
624,65000,75.0,42,0.022033628076314926,0.009254705160856247,624,
625,80000,75.0,42,0.03250616788864136,0.014311435632407665,625,
626,20000,100.0,42,0.002058326965197921,0.0009546838700771332,626,
627,35000,100.0,42,0.005939009133726358,0.0028535937890410423,627,
628,50000,100.0,42,0.012215772643685341,0.005746937822550535,628,
629,65000,100.0,42,0.020776785910129547,0.00958179123699665,629,
630,80000,100.0,42,0.03182104602456093,0.01476950291544199,630,
631,20000,125.0,42,0.0020508202724158764,0.0010626786388456821,631,
632,35000,125.0,42,0.005893969442695379,0.003095128806307912,632,
633,50000,125.0,42,0.0119929239153862,0.006197925191372633,633,
634,65000,125.0,42,0.020431214943528175,0.010326331481337547,634,
635,80000,125.0,42,0.031076090410351753,0.01590602844953537,635,
636,20000,150.0,42,0.002177527407184243,0.0012298242654651403,636,
637,35000,150.0,42,0.005976586602628231,0.003474537981674075,637,
638,50000,150.0,42,0.012134358286857605,0.0068552736192941666,638,
639,65000,150.0,42,0.02058384194970131,0.011281181126832962,639,
640,80000,150.0,42,0.03093976527452469,0.017136801034212112,640,2.2368078231811523
641,20000,175.0,42,0.002330855932086706,0.0013572137104347348,641,
642,35000,175.0,42,0.006327413953840733,0.0037379255518317223,642,
643,50000,175.0,42,0.012400737963616848,0.00728094857186079,643,
644,65000,175.0,42,0.02091973088681698,0.01189196016639471,644,
645,80000,175.0,42,0.031713396310806274,0.017981836572289467,645,
646,20000,200.0,42,0.0027168048545718193,0.00149317248724401,646,
647,35000,200.0,42,0.006939444225281477,0.004035307094454765,647,
648,50000,200.0,42,0.01334003359079361,0.007766349241137505,648,
649,65000,200.0,42,0.022241108119487762,0.0125028807669878,649,
650,80000,200.0,42,0.032984115183353424,0.01852617971599102,650,
651,20000,1.0,42,0.0035650983918458223,0.0015774916391819715,651,
652,35000,1.0,42,0.011803846806287766,0.004039177671074867,652,
653,50000,1.0,42,0.02536361664533615,0.007495568133890629,653,
654,65000,1.0,42,0.04234454780817032,0.01176332775503397,654,
655,80000,1.0,42,0.05925412476062775,0.017161736264824867,655,
656,20000,2.0,42,0.00519068818539381,0.0014662831090390682,656,
657,35000,2.0,42,0.01194347906857729,0.003624205244705081,657,
658,50000,2.0,42,0.023459646850824356,0.0065430146642029285,658,
659,65000,2.0,42,0.03632558137178421,0.010000376962125301,659,
660,80000,2.0,42,0.04530481994152069,0.014178479090332985,660,1.9455446004867554
661,20000,5.0,42,0.005491706542670727,0.0009326781728304923,661,
662,35000,5.0,42,0.00947046373039484,0.0024662225041538477,662,
663,50000,5.0,42,0.015794575214385986,0.004659118130803108,663,
664,65000,5.0,42,0.02572408877313137,0.007509286981076002,664,
665,80000,5.0,42,0.041491296142339706,0.011287369765341282,665,
666,20000,10.0,42,0.0033671942073851824,0.0006315997452475131,666,
667,35000,10.0,42,0.008855888620018959,0.0019968359265476465,667,
668,50000,10.0,42,0.016555774956941605,0.004194220528006554,668,
669,65000,10.0,42,0.02667851746082306,0.007267485372722149,669,
670,80000,10.0,42,0.03925713524222374,0.011446771211922169,670,
671,20000,20.0,42,0.003397890366613865,0.0006361223058775067,671,
672,35000,20.0,42,0.007322269957512617,0.0021469532512128353,672,
673,50000,20.0,42,0.016035398468375206,0.0046745906583964825,673,
674,65000,20.0,42,0.029121316969394684,0.008210486732423306,674,
675,80000,20.0,42,0.04101179540157318,0.012865792028605938,675,
676,20000,30.0,42,0.002824381459504366,0.0007117036730051041,676,
677,35000,30.0,42,0.006908115930855274,0.002347791101783514,677,
678,50000,30.0,42,0.01381734386086464,0.0049665747210383415,678,
679,65000,30.0,42,0.02312498167157173,0.008522814139723778,679,
680,80000,30.0,42,0.03526958078145981,0.013241881504654884,680,1.917402982711792
681,20000,50.0,42,0.0030828651506453753,0.0007658191025257111,681,
682,35000,50.0,42,0.006806019693613052,0.002465251600369811,682,
683,50000,50.0,42,0.013029903173446655,0.005160768050700426,683,
684,65000,50.0,42,0.02186749503016472,0.008819879963994026,684,
685,80000,50.0,42,0.03290633484721184,0.013734908774495125,685,
686,20000,75.0,42,0.002130329143255949,0.0008708732202649117,686,
687,35000,75.0,42,0.005984419956803322,0.00269124424085021,687,
688,50000,75.0,42,0.012553595937788486,0.00551866227760911,688,
689,65000,75.0,42,0.021381614729762077,0.009302333928644657,689,
690,80000,75.0,42,0.031482480466365814,0.014352071098983288,690,
691,20000,100.0,42,0.0019816672429442406,0.0009712552418932319,691,
692,35000,100.0,42,0.005812768824398518,0.002865128219127655,692,
693,50000,100.0,42,0.011924023739993572,0.005756530445069075,693,
694,65000,100.0,42,0.020335767418146133,0.009624158032238483,694,
695,80000,100.0,42,0.03115323930978775,0.014874438755214214,695,
696,20000,125.0,42,0.0020073866471648216,0.0010851618135347962,696,
697,35000,125.0,42,0.0057772742584347725,0.0031457238364964724,697,
698,50000,125.0,42,0.011765155009925365,0.00630467152222991,698,
699,65000,125.0,42,0.020092613995075226,0.010526084341108799,699,
700,80000,125.0,42,0.03034866228699684,0.01618083007633686,700,2.1714320182800293
701,20000,150.0,42,0.002144316677004099,0.0012484040344133973,701,
702,35000,150.0,42,0.00586035568267107,0.0034925832878798246,702,
703,50000,150.0,42,0.011799538508057594,0.0068678660318255424,703,
704,65000,150.0,42,0.020070645958185196,0.011316260322928429,704,
705,80000,150.0,42,0.03035474754869938,0.017232010141015053,705,
706,20000,175.0,42,0.002272136276587844,0.001378456363454461,706,
707,35000,175.0,42,0.006188332103192806,0.0037943189963698387,707,
708,50000,175.0,42,0.012139709666371346,0.007408302742987871,708,
709,65000,175.0,42,0.020548636093735695,0.01212420966476202,709,
710,80000,175.0,42,0.030900167301297188,0.01826893351972103,710,
711,20000,200.0,42,0.0026428571436554193,0.001508609508164227,711,
712,35000,200.0,42,0.006854408420622349,0.004028907045722008,712,
713,50000,200.0,42,0.012882346287369728,0.0077126105315983295,713,
714,65000,200.0,42,0.02124950662255287,0.012424295768141747,714,
715,80000,200.0,42,0.031944453716278076,0.0184854157269001,715,
716,20000,1.0,42,0.0036531570367515087,0.001606781966984272,716,
717,35000,1.0,42,0.011539646424353123,0.004104281309992075,717,
718,50000,1.0,42,0.024047084152698517,0.00762646971270442,718,
719,65000,1.0,42,0.03929729759693146,0.011988693848252296,719,
720,80000,1.0,42,0.05531627684831619,0.017457840964198112,720,2.2337942123413086
721,20000,2.0,42,0.00564037449657917,0.0015186842065304518,721,
722,35000,2.0,42,0.012362342327833176,0.0036857074592262506,722,
723,50000,2.0,42,0.023545201867818832,0.0065877316519618034,723,
724,65000,2.0,42,0.035742320120334625,0.010010680183768272,724,
725,80000,2.0,42,0.043902505189180374,0.014114468358457088,725,
726,20000,5.0,42,0.004561207722872496,0.0009245473775081336,726,
727,35000,5.0,42,0.008248607628047466,0.002434409921988845,727,
728,50000,5.0,42,0.015023850835859776,0.004605959169566631,728,
729,65000,5.0,42,0.026208825409412384,0.007451791316270828,729,
730,80000,5.0,42,0.042487114667892456,0.01120457611978054,730,
731,20000,10.0,42,0.003422587178647518,0.0006303762784227729,731,
732,35000,10.0,42,0.008673599921166897,0.0020059917587786913,732,
733,50000,10.0,42,0.0158703550696373,0.004230857826769352,733,
734,65000,10.0,42,0.025563392788171768,0.007348730694502592,734,
735,80000,10.0,42,0.037846148014068604,0.011531222611665726,735,
736,20000,20.0,42,0.002993672387674451,0.0006462729070335627,736,
737,35000,20.0,42,0.007275785785168409,0.002171582542359829,737,
738,50000,20.0,42,0.01627047173678875,0.004698743112385273,738,
739,65000,20.0,42,0.02897055074572563,0.008211870677769184,739,
740,80000,20.0,42,0.03988155722618103,0.0127935241907835,740,1.8822438716888428
741,20000,30.0,42,0.0028465173672884703,0.0007121977978385985,741,
742,35000,30.0,42,0.006896225735545158,0.0023280412424355745,742,
743,50000,30.0,42,0.013509556651115417,0.004908634815365076,743,
744,65000,30.0,42,0.022788960486650467,0.008434446528553963,744,
745,80000,30.0,42,0.035323042422533035,0.013145960867404938,745,
746,20000,50.0,42,0.002796810120344162,0.0007801761385053396,746,
747,35000,50.0,42,0.006413440220057964,0.002500871429219842,747,
748,50000,50.0,42,0.012594704516232014,0.005236504599452019,748,
749,65000,50.0,42,0.021534204483032227,0.008960140869021416,749,
750,80000,50.0,42,0.03216291218996048,0.013927977532148361,750,
751,20000,75.0,42,0.0019796830601990223,0.0009032152593135834,751,
752,35000,75.0,42,0.005884350277483463,0.0027408369351178408,752,
753,50000,75.0,42,0.012276428751647472,0.005568856373429298,753,
754,65000,75.0,42,0.020674826577305794,0.009343571960926056,754,
755,80000,75.0,42,0.030592169612646103,0.014363697730004787,755,
756,20000,100.0,42,0.0019516833126544952,0.0009680872899480164,756,
757,35000,100.0,42,0.005780308973044157,0.0028469981625676155,757,
758,50000,100.0,42,0.011763475835323334,0.00572550855576992,758,
759,65000,100.0,42,0.019955702126026154,0.009603181853890419,759,
760,80000,100.0,42,0.030448727309703827,0.014868993312120438,760,2.0750842094421387
761,20000,125.0,42,0.0019890950061380863,0.0010796405840665102,761,
762,35000,125.0,42,0.005695364437997341,0.0031371035147458315,762,
763,50000,125.0,42,0.011722657829523087,0.006296737119555473,763,
764,65000,125.0,42,0.020123612135648727,0.010519309900701046,764,
765,80000,125.0,42,0.02987321838736534,0.016110122203826904,765,
766,20000,150.0,42,0.0020573416259139776,0.001207010354846716,766,
767,35000,150.0,42,0.005758954677730799,0.0033805316779762506,767,
768,50000,150.0,42,0.011644212529063225,0.006653771735727787,768,
769,65000,150.0,42,0.01986958086490631,0.011007818393409252,769,
770,80000,150.0,42,0.029885871335864067,0.016856063157320023,770,
771,20000,175.0,42,0.0021653389558196068,0.0013407192891463637,771,
772,35000,175.0,42,0.005942514631897211,0.003728550858795643,772,
773,50000,175.0,42,0.012022148817777634,0.007323174271732569,773,
774,65000,175.0,42,0.020663689821958542,0.012011587619781494,774,
775,80000,175.0,42,0.0301885437220335,0.018010355532169342,775,
776,20000,200.0,42,0.00254551088437438,0.001434921519830823,776,
777,35000,200.0,42,0.0069151329807937145,0.003820901270955801,777,
778,50000,200.0,42,0.012971975840628147,0.007312451023608446,778,
779,65000,200.0,42,0.02089482545852661,0.011862516403198242,779,
780,80000,200.0,42,0.030861401930451393,0.01789061725139618,780,2.3045156002044678
781,20000,1.0,42,0.004050733521580696,0.0015947879292070866,781,
782,35000,1.0,42,0.013629154302179813,0.004117232747375965,782,
783,50000,1.0,42,0.02755754441022873,0.007733519189059734,783,
784,65000,1.0,42,0.042499981820583344,0.012271707877516747,784,
785,80000,1.0,42,0.05628020316362381,0.017961330711841583,785,
786,20000,2.0,42,0.008104396052658558,0.001716474536806345,786,
787,35000,2.0,42,0.016596153378486633,0.0040084803476929665,787,
788,50000,2.0,42,0.03023960068821907,0.00698741665109992,788,
789,65000,2.0,42,0.04276648163795471,0.010385977104306221,789,
790,80000,2.0,42,0.04675346612930298,0.014330636709928513,790,
791,20000,5.0,42,0.00515102269127965,0.0009608430555090308,791,
792,35000,5.0,42,0.007612675428390503,0.002423482248559594,792,
793,50000,5.0,42,0.015087715350091457,0.004508202895522118,793,
794,65000,5.0,42,0.030132245272397995,0.007259196601808071,794,
795,80000,5.0,42,0.05056555196642876,0.010904821567237377,795,
796,20000,10.0,42,0.00369233638048172,0.0006211748695932329,796,
797,35000,10.0,42,0.008943036198616028,0.0019851867109537125,797,
798,50000,10.0,42,0.015675928443670273,0.004212571308016777,798,
799,65000,10.0,42,0.02532854676246643,0.0073558250442147255,799,
800,80000,10.0,42,0.03778291493654251,0.011535094119608402,800,1.8098559379577637
