种子,模型状态原标识,划分原标识,功率_瓦,模态原标识,实测点数,实际时刻数,绝对RMSE_摄氏度,绝对MAE_摄氏度,有符号偏差_摄氏度,绝对误差经验p95_摄氏度,最大绝对误差_摄氏度,首实测差分RMSE_摄氏度,首实测差分MAE_摄氏度,首实测差分有符号偏差_摄氏度,首实测差分绝对误差经验p95_摄氏度,首实测差分最大绝对误差_摄氏度,有符号峰值误差_摄氏度,空窗原因,模态中文名称,模型状态中文名称
0,best,validation,115.2,Top,1919,19,1.5823713012272005,1.16396970684296,-0.696866924530395,3.365655517578124,5.654998779296875,2.4676964821384333,2.2286098494139606,2.2243125164117457,3.67841796875,4.28936767578125,-2.01812744140625,,顶部,观测最佳
0,best,validation,403.0,Top,2424,24,2.8847617781314545,2.42090501915435,-1.9318663874838242,5.345846557617187,9.512298583984375,5.013208533985319,4.235298287625245,-4.071234787449928,8.404049682617186,9.817779541015625,-3.324462890625,,顶部,观测最佳
0,best,validation,630.5,Top,2929,29,6.115038519236195,3.964938496665795,0.615998266334906,13.714123535156247,26.3240966796875,10.550597607960041,9.281810996602767,-5.914013009906712,15.249505615234375,16.624114990234375,-2.38592529296875,,顶部,观测最佳
0,best,validation,115.2,Hot,100,100,0.8765411152872447,0.7503677368164062,0.25061004638671874,1.5297332763671874,1.597930908203125,1.5435094495529247,1.2976058959960937,-1.294952697753906,2.208760070800781,2.225372314453125,-0.3555908203125,,热环,观测最佳
0,best,validation,403.0,Hot,126,126,2.314199112114332,2.204176887633308,2.204176887633308,3.6822662353515625,4.077667236328125,1.1479429899352438,0.9404977465432786,0.9058980790395584,2.3839874267578125,2.779388427734375,4.077667236328125,,热环,观测最佳
0,best,validation,630.5,Hot,150,150,1.4611049536433143,1.2188909912109376,0.6745656331380209,2.4257019042968726,3.45428466796875,1.3742757775491354,1.2024827067057293,-0.4569956461588542,2.170120239257812,2.37554931640625,3.45428466796875,,热环,观测最佳
0,best,validation,115.2,Cold,100,100,1.59557713023151,1.4222116088867187,1.4222116088867187,2.4894653320312496,2.57830810546875,1.2153810482975953,0.9981246948242188,-0.9767141723632813,1.7850265502929688,1.798431396484375,1.11279296875,,冷环,观测最佳
0,best,validation,403.0,Cold,126,126,2.5420530123271057,2.493959457155258,2.493959457155258,3.21588134765625,3.225189208984375,1.5857490027389154,1.5074482266865077,1.5074482266865077,2.2293701171875,2.238677978515625,3.206024169921875,,冷环,观测最佳
0,best,validation,630.5,Cold,150,150,0.6899855935493151,0.5652113850911459,-0.057823282877604174,1.3520019531249994,1.510009765625,0.6945829566176336,0.5682004801432292,-0.09853373209635417,1.3112915039062494,1.46929931640625,0.504150390625,,冷环,观测最佳
0,final,validation,115.2,Top,1919,19,5.197119176219166,4.961866417547387,-4.961866417547387,8.837167358398437,10.77728271484375,4.933701875313856,4.753132639731387,4.753132639731387,6.466876220703124,7.5985107421875,-6.171295166015625,,顶部,训练末
0,final,validation,403.0,Top,2424,24,2.990984679708217,2.4098239915830737,-2.1754069879224462,5.788409423828124,11.49615478515625,3.3817599942685734,2.933742790320195,-2.067484900619945,5.7999755859375,6.590423583984375,-1.87548828125,,顶部,训练末
0,final,validation,630.5,Top,2929,29,6.382651222761786,4.73722620154946,-0.17836144182548574,12.366430664062499,31.51165771484375,7.124137354938228,6.020720303843177,-4.143361392332417,12.49134521484375,16.736846923828125,2.28033447265625,,顶部,训练末
0,final,validation,115.2,Hot,100,100,3.8795082111723427,3.758072204589844,-3.758072204589844,4.620391845703125,4.6290283203125,2.4107837044900533,2.210068054199219,-2.210068054199219,3.0723876953125,3.081024169921875,-4.401336669921875,,热环,训练末
0,final,validation,403.0,Hot,126,126,1.6137791784259354,1.5876920185391865,-1.5876920185391865,1.9694747924804688,1.98040771484375,0.41884766278789975,0.362027607266865,-0.3031766376798114,0.6849594116210938,0.695892333984375,-1.49615478515625,,热环,训练末
0,final,validation,630.5,Hot,150,150,2.591487265934,2.4414617919921877,-2.4414617919921877,3.7516662597656247,3.791351318359375,1.9724090451415326,1.7730914306640626,-1.7706854248046877,3.0808898925781247,3.120574951171875,-0.490325927734375,,热环,训练末
0,final,validation,115.2,Cold,100,100,3.2482075876792207,3.1938027954101558,-3.1938027954101558,3.7869216918945314,3.792724609375,1.5984023611986664,1.4847268676757812,-1.4847268676757812,2.0778457641601564,2.083648681640625,-3.673492431640625,,冷环,训练末
0,final,validation,403.0,Cold,126,126,1.7859865394197414,1.7746310763888886,-1.7746310763888886,1.9663162231445312,1.97235107421875,0.5093038388615738,0.46792941623263884,-0.46792941623263884,0.6596145629882812,0.6656494140625,-1.611968994140625,,冷环,训练末
0,final,validation,630.5,Cold,150,150,2.4095122302280383,2.3265425618489584,-2.3265425618489584,2.95281982421875,2.960784912109375,1.2274674371931438,1.095941162109375,-1.0553328450520834,1.681610107421875,1.6895751953125,-2.515869140625,,冷环,训练末
1,best,validation,115.2,Top,1919,19,1.6958691818105631,1.0973091383909668,-0.1778831462055025,4.363629150390625,6.944061279296875,5.586052453869941,5.3520029295602765,5.3520029295602765,7.151089477539061,8.969390869140625,-0.078826904296875,,顶部,观测最佳
1,best,validation,403.0,Top,2424,24,2.07937169907346,1.4683946754086579,0.1253333825124806,4.0532089233398425,13.82061767578125,5.293036028493652,4.332609224556049,1.827801888010986,9.976171874999999,12.38275146484375,1.74884033203125,,顶部,观测最佳
1,best,validation,630.5,Top,2929,29,4.95142063848764,3.687376485502723,0.3188854037915535,10.009374999999999,25.1170654296875,11.288111033042277,10.054183766617115,-3.6253008845950836,16.208880615234374,23.434814453125,1.6474609375,,顶部,观测最佳
1,best,validation,115.2,Hot,100,100,1.0861365733161301,0.9019702148437501,0.8271313476562501,1.7097671508789063,1.73468017578125,1.4047607822776544,1.215650634765625,1.215650634765625,2.098286437988281,2.123199462890625,0.83795166015625,,热环,观测最佳
1,best,validation,403.0,Hot,126,126,2.981356944452119,2.9586305164155506,2.9586305164155506,3.434814453125,3.662933349609375,1.2292994783188598,1.1731080554780506,1.1731080554780506,1.6492919921875,1.877410888671875,3.662933349609375,,热环,观测最佳
1,best,validation,630.5,Hot,150,150,1.7559688734431687,1.616937255859375,1.616937255859375,2.69560546875,3.7667236328125,0.754448543075922,0.6460481770833333,-0.3166259765625,1.4102569580078124,1.833160400390625,3.7667236328125,,热环,观测最佳
1,best,validation,115.2,Cold,100,100,1.0826149022148606,0.990616455078125,0.36017272949218754,1.57698974609375,1.602294921875,1.186200852447175,0.8846649169921875,-0.6039385986328125,2.3608749389648436,2.477325439453125,0.82763671875,,冷环,观测最佳
1,best,validation,403.0,Cold,126,126,2.5340712407736246,2.5003645155164924,2.5003645155164924,3.2731170654296875,3.38140869140625,1.567162357705774,1.512052747938368,1.512052747938368,2.2848052978515625,2.393096923828125,3.38140869140625,,冷环,观测最佳
1,best,validation,630.5,Cold,150,150,3.027241774312006,2.986509602864584,2.986509602864584,4.210092163085936,4.500885009765625,1.1396019743192243,1.0265181477864584,1.0265181477864584,2.2501007080078117,2.5408935546875,2.929931640625,,冷环,观测最佳
1,final,validation,115.2,Top,1919,19,4.9529075031122565,4.371271241761049,-4.3109502509088795,7.493115234375,8.43707275390625,2.8265330063621517,2.5192067363474626,2.5192067363474626,4.994577026367187,6.591705322265625,-7.856964111328125,,顶部,训练末
1,final,validation,403.0,Top,2424,24,2.396372418562979,1.6946331344477061,-0.5339513819124457,5.910311889648436,9.4427490234375,7.07023384505804,6.7224052955005895,-6.711623424541259,8.988092041015625,9.345458984375,-0.7503662109375,,顶部,训练末
1,final,validation,630.5,Top,2929,29,6.449600713763706,4.597999367474746,-0.40895289819198855,13.845336914062498,25.5250244140625,13.959000180688792,12.998812926884597,-12.915672303723237,18.643518066406248,23.355377197265625,0.27691650390625,,顶部,训练末
1,final,validation,115.2,Hot,100,100,0.6571837849958115,0.6028799438476563,-0.5151107788085938,0.93853759765625,0.982269287109375,0.5521161243599839,0.5145095825195313,-0.37186126708984385,0.7952880859375,0.839019775390625,-0.898468017578125,,热环,训练末
1,final,validation,403.0,Hot,126,126,0.521561857429358,0.46737210712735605,-0.09465026855468749,0.8979949951171875,1.094757080078125,0.725756945555187,0.6261996314639137,-0.5134735107421875,1.056732177734375,1.06298828125,-0.100921630859375,,热环,训练末
1,final,validation,630.5,Hot,150,150,1.0104382383753303,0.7980562337239585,0.43034138997395843,1.8533340454101557,2.38323974609375,2.055680900719213,1.844717203776042,-1.8412040201822921,3.587504577636718,3.721343994140625,1.1697998046875,,热环,训练末
1,final,validation,115.2,Cold,100,100,1.2206765421719528,0.9949710083007813,-0.9461984252929688,2.0584335327148438,2.109954833984375,1.5410008563305797,1.3346633911132815,-1.334137878417969,2.4463729858398438,2.497894287109375,-1.173797607421875,,冷环,训练末
1,final,validation,403.0,Cold,126,126,0.45989980179815343,0.39711313399057535,-0.39711313399057535,0.76519775390625,0.782196044921875,0.3388014755159447,0.265926300533234,-0.24693613203745038,0.615020751953125,0.63201904296875,-0.167510986328125,,冷环,训练末
1,final,validation,630.5,Cold,150,150,0.4808197567154769,0.3984999593098959,-0.04429504394531253,0.9864349365234374,1.100799560546875,1.2400294713267115,1.1438901774088541,-1.1438739013671875,2.0449020385742185,2.10504150390625,-0.334320068359375,,冷环,训练末
2,best,validation,115.2,Top,1919,19,2.1253320123939363,1.7911453445855994,-0.9446867703770274,4.007061767578122,5.55535888671875,3.8647545849451674,3.553106295062329,3.553106295062329,6.249276733398437,7.123291015625,-3.310546875,,顶部,观测最佳
2,best,validation,403.0,Top,2424,24,2.5422477112025765,2.0278947895405404,0.6382776259340485,4.8396072387695295,7.688690185546875,5.154423836115339,4.148424112917191,-3.6810106608603474,9.707691955566405,11.212432861328125,0.543212890625,,顶部,观测最佳
2,best,validation,630.5,Top,2929,29,7.457972166661517,5.470417849317439,2.3485428440654843,15.542883300781249,29.950927734375,13.819524924411759,12.020446640552894,-10.378333546814634,22.599658203125,28.61700439453125,0.81866455078125,,顶部,观测最佳
2,best,validation,115.2,Hot,100,100,1.645653582279829,1.5664096069335938,-1.5664096069335938,2.3285186767578123,2.39361572265625,1.3111602161686988,1.210208435058594,-1.210208435058594,1.9723175048828123,2.03741455078125,-1.892791748046875,,热环,观测最佳
2,best,validation,403.0,Hot,126,126,0.36452237175247265,0.3179982503255208,0.3179982503255208,0.7361297607421875,0.895965576171875,0.2526776274879339,0.18205164349268355,0.17914326985677084,0.5972747802734375,0.757110595703125,0.84747314453125,,热环,观测最佳
2,best,validation,630.5,Hot,150,150,0.9412588618049677,0.7419097900390627,-0.32211690266927095,1.503271484375,2.80743408203125,1.137733911323383,0.9481109619140625,-0.7157021077473957,1.8819976806640624,2.413848876953125,2.80743408203125,,热环,观测最佳
2,best,validation,115.2,Cold,100,100,1.703158331684856,1.5363262939453126,-1.5245849609375,2.6923431396484374,2.805267333984375,1.933645727634213,1.7783691406250002,-1.7783691406250002,2.9461273193359374,3.059051513671875,-1.7816162109375,,冷环,观测最佳
2,best,validation,403.0,Cold,126,126,0.3507022979546178,0.3131064763144841,-0.30008079892113093,0.5129623413085938,0.523468017578125,0.2911833878167435,0.25735425192212297,-0.2276931036086309,0.44057464599609375,0.451080322265625,-0.04718017578125,,冷环,观测最佳
2,best,validation,630.5,Cold,150,150,0.9843147381023962,0.9092938232421875,-0.8170359293619791,1.5417327880859375,1.56512451171875,0.6239914608664059,0.5362209065755208,-0.29671122233072916,1.0438385009765625,1.268341064453125,-0.80596923828125,,冷环,观测最佳
2,final,validation,115.2,Top,1919,19,4.856722918927157,4.303965796649051,-4.265996872353764,7.161959838867188,9.9410400390625,4.55980345410584,4.2864812758516795,4.2864812758516795,6.973254394531249,8.058685302734375,-6.609344482421875,,顶部,训练末
2,final,validation,403.0,Top,2424,24,2.4084211510655367,1.8152330930825138,-0.6847399713221791,4.910772705078124,9.768218994140625,5.509886447739132,5.030567040675092,-5.030567040675092,8.803431701660156,9.66162109375,-1.15936279296875,,顶部,训练末
2,final,validation,630.5,Top,2929,29,7.1874570278005026,4.822393985085419,0.8368763736850446,15.6513427734375,29.738525390625,16.007151075727613,14.31274435920919,-14.038838029199148,24.01845703124999,29.877197265625,-2.74981689453125,,顶部,训练末
2,final,validation,115.2,Hot,100,100,2.4044937608219654,2.3242547607421877,-2.3242547607421877,3.16754150390625,3.224609375,1.5635573716459503,1.4371087646484377,-1.4371087646484377,2.2803955078125,2.33746337890625,-2.81097412109375,,热环,训练末
2,final,validation,403.0,Hot,126,126,0.8068537364559684,0.756681654188368,-0.504695105174231,1.0143280029296875,1.1497802734375,1.1919162007023738,1.079090663364955,-1.0121108766586062,1.518829345703125,1.526092529296875,-0.57904052734375,,热环,训练末
2,final,validation,630.5,Hot,150,150,1.8683205909563032,1.6800144449869792,-1.3806028238932293,2.942866516113281,2.9794921875,2.9530721835586626,2.6798272705078126,-2.671343790690104,4.233607482910156,4.270233154296875,1.709716796875,,热环,训练末
2,final,validation,115.2,Cold,100,100,1.844223753816624,1.6427325439453124,-1.6427325439453124,2.94193115234375,3.05517578125,1.5867793355061814,1.3473223876953127,-1.3473223876953127,2.64652099609375,2.759765625,-1.928375244140625,,冷环,训练末
2,final,validation,403.0,Cold,126,126,0.6750883139758228,0.6306292821490574,-0.36103796580481146,0.8984298706054688,0.90850830078125,1.0344802761400147,0.8963637579055058,-0.8629910908048113,1.4003829956054688,1.41046142578125,-0.766265869140625,,冷环,训练末
2,final,validation,630.5,Cold,150,150,0.984304595421391,0.8926383463541667,-0.7136100260416668,1.6430953979492187,1.67034912109375,0.972642193396491,0.8818554687500002,-0.6974357096354168,1.6269210815429687,1.6541748046875,-0.70330810546875,,冷环,训练末
3,best,validation,115.2,Top,1919,19,2.323367166583421,1.9823980525236937,-1.4107051211263189,4.135501098632812,4.65826416015625,2.8432559923380567,2.3872892490086794,2.331194123729807,5.4493408203125,6.39276123046875,-4.31512451171875,,顶部,观测最佳
3,best,validation,403.0,Top,2424,24,2.4761822575765002,1.8910510545658943,1.0966905298348424,5.522172546386716,8.0699462890625,4.441554978514124,3.8348517075796993,-3.7376143900842558,7.350344848632813,8.172821044921875,1.01458740234375,,顶部,观测最佳
3,best,validation,630.5,Top,2929,29,6.888198813130784,5.226703307189586,3.0530844443113674,14.879791259765625,28.10882568359375,10.894618566707228,9.288296564964764,-7.806947203377433,15.985064697265623,23.134735107421875,0.5380859375,,顶部,观测最佳
3,best,validation,115.2,Hot,100,100,2.257526797036513,2.151724548339844,-2.151724548339844,3.1255783081054687,3.2093505859375,1.6535375476570513,1.505881042480469,-1.505881042480469,2.4797348022460937,2.563507080078125,-2.716400146484375,,热环,观测最佳
3,best,validation,403.0,Hot,126,126,0.32314265132306474,0.2835271926153274,0.2835271926153274,0.5779342651367188,0.72412109375,0.19250407295891048,0.1485169425843254,0.11412411644345236,0.40853118896484375,0.554718017578125,0.72412109375,,热环,观测最佳
3,best,validation,630.5,Hot,150,150,0.9988096120002863,0.8375225830078126,-0.23564473470052083,1.7111984252929686,2.26300048828125,1.2071396201006257,0.9780344645182291,-0.717700398763021,2.1772918701171875,2.205535888671875,2.26300048828125,,热环,观测最佳
3,best,validation,115.2,Cold,100,100,1.4757703357181118,1.3471829223632814,-1.3471829223632814,2.189276123046875,2.278533935546875,1.1971575203928249,1.0344998168945312,-1.0344998168945312,1.876593017578125,1.965850830078125,-1.689849853515625,,冷环,观测最佳
3,best,validation,403.0,Cold,126,126,0.24496901548215558,0.19971502394903276,-0.10912577311197914,0.42508697509765625,0.43572998046875,0.27256231123861047,0.22787742009238585,-0.16182963053385416,0.47779083251953125,0.488433837890625,-0.020904541015625,,冷环,观测最佳
3,best,validation,630.5,Cold,150,150,0.6133810852879357,0.5818815104166667,-0.5818815104166667,0.7515823364257812,0.77362060546875,0.22353735981426315,0.14931233723958331,0.11098958333333334,0.5441192626953124,0.62237548828125,-0.530181884765625,,冷环,观测最佳
3,final,validation,115.2,Top,1919,19,3.427146417984421,2.9541944510741676,-2.6595430518265126,5.7620361328125,6.279876708984375,2.5814459410810286,2.20995427420389,2.186975285309935,4.8118347167968745,6.079254150390625,-6.130401611328125,,顶部,训练末
3,final,validation,403.0,Top,2424,24,2.412226519058391,1.7552583506231696,-0.5795740340569925,5.784188842773435,9.363006591796875,6.257379188292228,5.907637690216123,-5.907637690216123,8.574475097656249,9.233123779296875,-1.1265869140625,,顶部,训练末
3,final,validation,630.5,Top,2929,29,6.94354515024581,4.862464192980918,1.5384696171365881,14.974829101562495,30.4664306640625,13.813645748413249,12.068863521209732,-11.723899249287733,20.201501464843744,28.146331787109375,0.09698486328125,,顶部,训练末
3,final,validation,115.2,Hot,100,100,2.4161926252224526,2.3330865478515626,-2.3330865478515626,3.0339752197265626,3.07220458984375,1.7622891493838109,1.6465020751953128,-1.6465020751953128,2.3473907470703126,2.3856201171875,-2.95196533203125,,热环,训练末
3,final,validation,403.0,Hot,126,126,0.6300175672457179,0.5760926746186755,-0.3669939798022073,0.9248123168945312,0.931488037109375,0.8526568629336744,0.7533053443545387,-0.6817522805834574,1.2395706176757812,1.246246337890625,-0.330413818359375,,热环,训练末
3,final,validation,630.5,Hot,150,150,1.744732087254429,1.336052652994792,-1.2871858723958334,3.1889739990234376,3.23956298828125,1.7752303714733915,1.3653747558593754,-1.3282320149739584,3.2300201416015626,3.280609130859375,0.8797607421875,,热环,训练末
3,final,validation,115.2,Cold,100,100,1.5278334560582707,1.377792663574219,-1.377792663574219,2.2366821289062497,2.324493408203125,1.3518571528766175,1.1802169799804687,-1.1796420288085936,2.0385314941406247,2.1263427734375,-1.804046630859375,,冷环,训练末
3,final,validation,403.0,Cold,126,126,0.48539680122891515,0.4351298014322917,-0.3791232638888889,0.7201690673828125,0.73077392578125,0.6924023634014861,0.6262633308531745,-0.622531467013889,0.9635772705078125,0.97418212890625,-0.438507080078125,,冷环,训练末
3,final,validation,630.5,Cold,150,150,0.9725431480678899,0.9150651041666669,-0.9150651041666669,1.2991287231445312,1.315093994140625,0.6813146483590974,0.6122285970052083,-0.5964005533854166,0.9804641723632812,0.996429443359375,-0.964691162109375,,冷环,训练末
4,best,validation,115.2,Top,1919,19,1.7625279109911818,1.1318253143930757,-0.30097882706650597,5.830938720703125,7.58612060546875,6.2670278945320055,6.035684749569477,6.035684749569477,7.777523803710937,8.700103759765625,0.314605712890625,,顶部,观测最佳
4,best,validation,403.0,Top,2424,24,2.5301994522848013,1.856352569243109,1.1685509230485123,6.024201965332031,7.920806884765625,4.731036302612666,4.11321981546151,-3.730509775068758,7.400018310546875,8.147705078125,-0.2877197265625,,顶部,观测最佳
4,best,validation,630.5,Top,2929,29,6.823838275805525,4.611124370564665,0.9658140727422504,15.034893798828124,28.90765380859375,15.03174541006477,13.766148085508412,-13.654391371034235,21.671026611328124,29.1470947265625,-3.3653564453125,,顶部,观测最佳
4,best,validation,115.2,Hot,100,100,1.652096088690915,1.5562478637695314,1.5562478637695314,2.6564788818359375,2.7601318359375,0.6109897570825163,0.4704165649414062,0.2565042114257813,1.3567352294921875,1.46038818359375,1.013092041015625,,热环,观测最佳
4,best,validation,403.0,Hot,126,126,2.002030650693165,1.9334619915674602,1.9334619915674602,2.6939239501953125,2.948455810546875,0.7117678351746646,0.572874038938492,-0.48658195374503965,1.17340087890625,1.185028076171875,1.948333740234375,,热环,观测最佳
4,best,validation,630.5,Hot,150,150,2.202494420548892,2.0310174560546876,2.0310174560546876,3.3703125,5.279296875,1.6092802739718084,1.4356016031901042,-1.3652227783203126,2.5798019409179687,2.618133544921875,5.279296875,,热环,观测最佳
4,best,validation,115.2,Cold,100,100,1.1255605448240393,0.9241488647460938,0.6434494018554688,2.084320068359375,2.181976318359375,1.4026100723431567,1.1428744506835937,-1.0556777954101562,2.3545303344726562,2.421844482421875,0.471923828125,,冷环,观测最佳
4,best,validation,403.0,Cold,126,126,3.231285847303394,3.2279185946025546,3.2279185946025546,3.5061264038085938,3.558013916015625,0.19147229443479505,0.14337182423425102,0.12211415124317955,0.40032196044921875,0.45220947265625,3.558013916015625,,冷环,观测最佳
4,best,validation,630.5,Cold,150,150,3.237781233556532,3.2312400309244795,3.2312400309244795,3.6448181152343744,3.824310302734375,0.2364925182791109,0.17655741373697917,0.11667704264322917,0.5302551269531243,0.709747314453125,3.824310302734375,,冷环,观测最佳
4,final,validation,115.2,Top,1919,19,4.7633055458896285,4.6355857988271065,-4.6355857988271065,6.269723510742187,7.26177978515625,1.39798631514786,1.0197300197806065,0.7371930653630228,2.9817626953125,4.742889404296875,-5.16107177734375,,顶部,训练末
4,final,validation,403.0,Top,2424,24,2.873966818354165,2.0793791091001683,-0.7226458018534453,6.997653198242182,10.122711181640625,8.187939119140983,7.714932732201175,-7.714932732201175,10.746829223632812,11.532684326171875,-1.3411865234375,,顶部,训练末
4,final,validation,630.5,Top,2929,29,7.691908476436138,6.135502698793525,-3.6385755334595675,15.667602539062498,26.482421875,15.808845444723865,14.769504658729266,-14.769325848927926,20.076300048828124,23.339019775390625,-2.4248046875,,顶部,训练末
4,final,validation,115.2,Hot,100,100,0.7956733218385661,0.7636260986328125,0.7633386230468749,1.1500396728515625,1.25665283203125,0.7815141744050865,0.749422607421875,0.748568115234375,1.1352691650390625,1.24188232421875,0.76904296875,,热环,训练末
4,final,validation,403.0,Hot,126,126,0.43987050146278645,0.3859085809616815,0.09802270314050097,0.8789596557617188,0.992950439453125,0.4618023317405892,0.41537015400235616,-0.171416994125124,0.651458740234375,0.7235107421875,-0.041015625,,热环,训练末
4,final,validation,630.5,Hot,150,150,2.6427201614413875,2.5035561116536464,2.5035561116536464,3.6349136352539055,3.719879150390625,1.9731515298288334,1.7824562581380208,1.7824562581380208,2.9138137817382805,2.998779296875,3.466156005859375,,热环,训练末
4,final,validation,115.2,Cold,100,100,0.6555917409788743,0.539495849609375,-0.30449951171874995,1.1414596557617187,1.18402099609375,0.9322546546786553,0.758175048828125,-0.729395751953125,1.5663558959960937,1.608917236328125,-0.575897216796875,,冷环,训练末
4,final,validation,403.0,Cold,126,126,0.5352006193264501,0.47438194638206843,-0.3508574470641121,0.765350341796875,0.76885986328125,0.5780375889016448,0.5079769558376735,-0.41326589432973715,0.8277587890625,0.831268310546875,-0.663787841796875,,冷环,训练末
4,final,validation,630.5,Cold,150,150,0.6770600551659873,0.5516094970703125,0.4601369222005209,1.1476577758789062,1.18701171875,0.49857550433160713,0.45521219889322917,0.043510945638020854,0.7310317993164062,0.7703857421875,0.6944580078125,,冷环,训练末
