种子,模型状态原标识,划分原标识,功率_瓦,模态原标识,时间窗原标识,下界_秒,上界_秒,下界闭端点,上界闭端点,实测点数,绝对RMSE_摄氏度,绝对MAE_摄氏度,有符号偏差_摄氏度,绝对误差经验p95_摄氏度,最大绝对误差_摄氏度,首实测差分RMSE_摄氏度,首实测差分MAE_摄氏度,首实测差分有符号偏差_摄氏度,首实测差分绝对误差经验p95_摄氏度,首实测差分最大绝对误差_摄氏度,有符号峰值误差_摄氏度,空窗原因,模态中文名称,模型状态中文名称,时间窗中文名称
0,best,validation,115.2,Top,time_0_30_s,0.0,30.0,True,True,606,2.0429244971388574,1.5346948604772588,-1.4675483325920482,4.3345184326171875,5.654998779296875,1.7282505622868451,1.4536311083500928,1.4536311083500928,3.0659637451171875,3.697906494140625,-4.12078857421875,,顶部,观测最佳,"[0,30]秒"
0,best,validation,115.2,Top,time_30_100_s,30.0,100.0,False,True,1313,1.3165466703563031,0.9928657897809763,-0.3411678131173244,2.6890441894531225,4.4859619140625,2.742540829160221,2.586292345289592,2.580011627824817,3.708746337890625,4.28936767578125,-2.01812744140625,,顶部,观测最佳,"(30,100]秒"
0,best,validation,115.2,Top,time_100_200_s,100.0,200.0,False,True,0,,,,,,,,,,,,预登记时间窗内无观测，不外推真值,顶部,观测最佳,"(100,200]秒"
0,best,validation,403.0,Top,time_0_30_s,0.0,30.0,True,True,606,2.266812709606405,1.8995892615994998,-0.12340528028632947,4.004600524902344,4.686767578125,3.464687682675278,2.5105334492799862,-2.2642381624026657,6.71044921875,8.22119140625,-0.26416015625,,顶部,观测最佳,"[0,30]秒"
0,best,validation,403.0,Top,time_30_100_s,30.0,100.0,False,True,1414,3.2288278826976375,2.8445701659455245,-2.779917970597659,5.535046386718748,7.832275390625,5.737757986957837,5.091377923872097,-4.919487712154192,8.851539611816406,9.817779541015625,-3.40032958984375,,顶部,观测最佳,"(30,100]秒"
0,best,validation,403.0,Top,time_100_200_s,100.0,200.0,False,True,404,2.3947422229381607,1.720050675654829,-1.676377669619038,5.448989868164058,9.512298583984375,4.190576962098009,3.826166969623374,-3.812844650598329,6.350247192382812,6.899139404296875,-3.324462890625,,顶部,观测最佳,"(100,200]秒"
0,best,validation,630.5,Top,time_0_30_s,0.0,30.0,True,True,606,10.431594120827981,9.282834070246912,8.144297191958401,16.692306518554688,18.013427734375,6.1847528791874895,4.3149078363872295,2.4555875414966017,13.506431579589844,14.71636962890625,11.6610107421875,,顶部,观测最佳,"[0,30]秒"
0,best,validation,630.5,Top,time_30_100_s,30.0,100.0,False,True,1414,3.1680624017191112,2.3291843701221815,-0.660467902776525,6.5241394042968714,11.7242431640625,11.527840625219188,10.792756737720559,-7.32670126780906,15.648339843749998,16.624114990234375,-2.10064697265625,,顶部,观测最佳,"(30,100]秒"
0,best,validation,630.5,Top,time_100_200_s,100.0,200.0,False,True,909,5.686197438086567,2.964181112287183,-2.4172538196089577,14.57298583984374,26.3240966796875,11.245520867018874,10.242719811122445,-9.296231839394464,15.125671386718748,16.183074951171875,-2.38592529296875,,顶部,观测最佳,"(100,200]秒"
0,best,validation,115.2,Hot,time_0_30_s,0.0,30.0,True,True,30,1.3789513669274094,1.364326985677083,1.364326985677083,1.5820632934570311,1.597930908203125,0.2701206187059954,0.19007975260416665,-0.18123575846354167,0.5828811645507811,0.62030029296875,0.925262451171875,,热环,观测最佳,"[0,30]秒"
0,best,validation,115.2,Hot,time_30_100_s,30.0,100.0,False,True,70,0.5316715756981067,0.48724234444754466,-0.22669721330915182,0.7549331665039061,0.876983642578125,1.8363519256022405,1.7722599574497766,-1.7722599574497766,2.213702392578125,2.225372314453125,-0.3555908203125,,热环,观测最佳,"(30,100]秒"
0,best,validation,115.2,Hot,time_100_200_s,100.0,200.0,False,True,0,,,,,,,,,,,,预登记时间窗内无观测，不外推真值,热环,观测最佳,"(100,200]秒"
0,best,validation,403.0,Hot,time_0_30_s,0.0,30.0,True,True,30,1.5524630372069275,1.4834330240885416,1.4834330240885416,2.4134704589843747,2.454986572265625,0.4938117338143899,0.3304728190104167,0.18515421549479166,1.1151916503906247,1.156707763671875,2.454986572265625,,热环,观测最佳,"[0,30]秒"
0,best,validation,403.0,Hot,time_30_100_s,30.0,100.0,False,True,70,2.109740475095982,2.1001752580915176,2.1001752580915176,2.48876953125,2.58203125,0.8266236587925443,0.8018964494977676,0.8018964494977676,1.19049072265625,1.28375244140625,2.58203125,,热环,观测最佳,"(30,100]秒"
0,best,validation,403.0,Hot,time_100_200_s,100.0,200.0,False,True,26,3.345034341145256,3.315808809720553,3.315808809720553,4.001716613769531,4.077667236328125,2.0652103975787472,2.017530001126803,2.017530001126803,2.7034378051757812,2.779388427734375,4.077667236328125,,热环,观测最佳,"(100,200]秒"
0,best,validation,630.5,Hot,time_0_30_s,0.0,30.0,True,True,30,1.1167919788023104,0.9779876708984374,0.18258158365885413,1.9273803710937496,2.056732177734375,1.4541151095972547,1.2131072998046872,-0.9489796956380209,2.3624755859375,2.37554931640625,2.056732177734375,,热环,观测最佳,"[0,30]秒"
0,best,validation,630.5,Hot,time_30_100_s,30.0,100.0,False,True,70,1.5277828142574041,1.321857125418527,0.8581041608537945,2.3185791015625,2.3504638671875,1.2932735102416937,1.1509857177734375,-0.27345711844308035,2.135328674316406,2.149810791015625,0.024078369140625,,热环,观测最佳,"(30,100]秒"
0,best,validation,630.5,Hot,time_100_200_s,100.0,200.0,False,True,50,1.5454384503358265,1.2192803955078126,0.7128021240234376,3.114346313476562,3.45428466796875,1.433754639361073,1.2682037353515625,-0.41875915527343754,2.133164978027344,2.322723388671875,3.45428466796875,,热环,观测最佳,"(100,200]秒"
0,best,validation,115.2,Cold,time_0_30_s,0.0,30.0,True,True,30,2.368728856886545,2.364450073242187,2.364450073242187,2.5719070434570312,2.57830810546875,0.14642685216412255,0.10584411621093752,-0.0344757080078125,0.3134445190429686,0.373931884765625,2.02581787109375,,冷环,观测最佳,"[0,30]秒"
0,best,validation,115.2,Cold,time_30_100_s,30.0,100.0,False,True,70,1.1100858778128766,1.0183951241629465,1.0183951241629465,1.835577392578125,1.9664306640625,1.4494919531884038,1.3805306570870535,-1.3805306570870535,1.7876113891601562,1.798431396484375,1.11279296875,,冷环,观测最佳,"(30,100]秒"
0,best,validation,115.2,Cold,time_100_200_s,100.0,200.0,False,True,0,,,,,,,,,,,,预登记时间窗内无观测，不外推真值,冷环,观测最佳,"(100,200]秒"
0,best,validation,403.0,Cold,time_0_30_s,0.0,30.0,True,True,30,2.3216837819552367,2.2502400716145834,2.2502400716145834,2.7376434326171877,2.779296875,1.3869555823593476,1.2637288411458332,1.2637288411458332,1.7511322021484375,1.79278564453125,2.38702392578125,,冷环,观测最佳,"[0,30]秒"
0,best,validation,403.0,Cold,time_30_100_s,30.0,100.0,False,True,70,2.368271024516003,2.350657435825892,2.350657435825892,2.9097366333007812,2.990203857421875,1.394278356193199,1.364146205357143,1.364146205357143,1.9232254028320312,2.003692626953125,2.990203857421875,,冷环,观测最佳,"(30,100]秒"
0,best,validation,403.0,Cold,time_100_200_s,100.0,200.0,False,True,26,3.1616708126186475,3.1609872671274037,3.1609872671274037,3.224639892578125,3.225189208984375,2.1754695719374735,2.1744760366586533,2.1744760366586533,2.238128662109375,2.238677978515625,3.206024169921875,,冷环,观测最佳,"(100,200]秒"
0,best,validation,630.5,Cold,time_0_30_s,0.0,30.0,True,True,30,1.0402678095303748,0.9354888916015625,0.9354888916015625,1.4905715942382813,1.510009765625,1.0038157750245889,0.8947784423828126,0.8947784423828126,1.4498611450195313,1.46929931640625,0.437835693359375,,冷环,观测最佳,"[0,30]秒"
0,best,validation,630.5,Cold,time_30_100_s,30.0,100.0,False,True,70,0.7126616294004664,0.6537004743303573,-0.6186654227120537,0.9877059936523438,0.99981689453125,0.7482755062440244,0.6874319893973214,-0.6593758719308035,1.0284164428710938,1.04052734375,-0.3177490234375,,冷环,观测最佳,"(30,100]秒"
0,best,validation,630.5,Cold,time_100_200_s,100.0,200.0,False,True,50,0.260585593159156,0.21916015625000002,0.13136840820312498,0.4671035766601562,0.504150390625,0.24262328456992524,0.20532958984375002,0.09065795898437501,0.4263931274414062,0.46343994140625,0.504150390625,,冷环,观测最佳,"(100,200]秒"
0,final,validation,115.2,Top,time_0_30_s,0.0,30.0,True,True,606,6.277867250758402,6.009725740640469,-6.009725740640469,10.165031433105469,10.77728271484375,4.077613300669794,3.7052733166383045,3.7052733166383045,5.2576446533203125,5.412994384765625,-6.37176513671875,,顶部,训练末,"[0,30]秒"
0,final,validation,115.2,Top,time_30_100_s,30.0,100.0,False,True,1313,4.613702030955899,4.478239037658273,-4.478239037658273,5.895635986328125,7.216033935546875,5.28222919373017,5.236760019620501,5.236760019620501,6.623767089843749,7.5985107421875,-6.171295166015625,,顶部,训练末,"(30,100]秒"
0,final,validation,115.2,Top,time_100_200_s,100.0,200.0,False,True,0,,,,,,,,,,,,预登记时间窗内无观测，不外推真值,顶部,训练末,"(100,200]秒"
0,final,validation,403.0,Top,time_0_30_s,0.0,30.0,True,True,606,2.35688370096435,1.7954828747034859,-1.1312581178772174,4.8585052490234375,11.39251708984375,2.7284689604326475,2.159018236418368,-1.0326902685385726,5.037933349609375,5.602203369140625,-1.542022705078125,,顶部,训练末,"[0,30]秒"
0,final,validation,403.0,Top,time_30_100_s,30.0,100.0,False,True,1414,3.349206953133235,2.85845219713252,-2.8099376687824544,6.2159774780273365,11.49615478515625,3.7855123796607777,3.398143740809025,-2.703530690568615,6.136233520507813,6.590423583984375,-1.66998291015625,,顶部,训练末,"(30,100]秒"
0,final,validation,403.0,Top,time_100_200_s,100.0,200.0,False,True,404,2.466461019140874,1.7611369910979913,-1.520772993277438,5.597491455078124,10.736419677734375,2.7010416542334648,2.470426356724053,-1.3935166659571352,4.205305480957031,4.58782958984375,-1.87548828125,,顶部,训练末,"(100,200]秒"
0,final,validation,630.5,Top,time_0_30_s,0.0,30.0,True,True,606,7.322272222469618,6.625411005289902,4.9865176947703915,10.751495361328125,20.570556640625,5.177550652377574,3.48351362220883,1.6312425344177732,11.254447937011719,15.32806396484375,7.45965576171875,,顶部,训练末,"[0,30]秒"
0,final,validation,630.5,Top,time_30_100_s,30.0,100.0,False,True,1414,5.166639631037286,3.7211964344625583,-1.0949349177235803,11.605688476562497,19.63922119140625,7.136171465165168,6.4750883487515605,-5.151168842234803,11.69132843017578,12.9010009765625,4.60943603515625,,顶部,训练末,"(30,100]秒"
0,final,validation,630.5,Top,time_100_200_s,100.0,200.0,False,True,909,7.348443001208723,5.058927071896466,-2.1958333559968817,16.944848632812473,31.51165771484375,8.151722900672075,7.005396746635051,-6.425396999716459,15.704345703125,16.736846923828125,2.28033447265625,,顶部,训练末,"(100,200]秒"
0,final,validation,115.2,Hot,time_0_30_s,0.0,30.0,True,True,30,2.481944932498331,2.428739420572916,-2.428739420572916,3.2266311645507812,3.294952392578125,1.0183172840781765,0.8807352701822915,-0.8807352701822915,1.678627014160156,1.7469482421875,-3.294952392578125,,热环,训练末,"[0,30]秒"
0,final,validation,115.2,Hot,time_30_100_s,30.0,100.0,False,True,70,4.34290369719342,4.327786254882812,-4.327786254882812,4.622071838378906,4.6290283203125,2.80326010273729,2.7797821044921878,-2.7797821044921878,3.0740676879882813,3.081024169921875,-4.401336669921875,,热环,训练末,"(30,100]秒"
0,final,validation,115.2,Hot,time_100_200_s,100.0,200.0,False,True,0,,,,,,,,,,,,预登记时间窗内无观测，不外推真值,热环,训练末,"(100,200]秒"
0,final,validation,403.0,Hot,time_0_30_s,0.0,30.0,True,True,30,1.1742473805391616,1.1695414225260417,-1.1695414225260417,1.3220199584960937,1.329345703125,0.15572020676097506,0.12608642578124996,0.11497395833333332,0.2689300537109375,0.300811767578125,-1.221893310546875,,热环,训练末,"[0,30]秒"
0,final,validation,403.0,Hot,time_30_100_s,30.0,100.0,False,True,70,1.683436348333325,1.673993355887277,-1.673993355887277,1.9538238525390625,1.970245361328125,0.42824908215538277,0.392098127092634,-0.38947797502790177,0.6693084716796874,0.68572998046875,-1.970245361328125,,热环,训练末,"(30,100]秒"
0,final,validation,403.0,Hot,time_100_200_s,100.0,200.0,False,True,26,1.8438768186734635,1.837823721078726,-1.837823721078726,1.9781646728515625,1.98040771484375,0.5730931966425803,0.553308340219351,-0.553308340219351,0.6936492919921875,0.695892333984375,-1.49615478515625,,热环,训练末,"(100,200]秒"
0,final,validation,630.5,Hot,time_0_30_s,0.0,30.0,True,True,30,1.2759505998868357,1.2517272949218752,-1.2517272949218752,1.5408157348632812,1.5921630859375,0.6314528430014174,0.5809509277343751,-0.5809509277343751,0.8700393676757812,0.92138671875,-1.5921630859375,,热环,训练末,"[0,30]秒"
0,final,validation,630.5,Hot,time_30_100_s,30.0,100.0,False,True,70,2.5320070085427755,2.5058000837053567,-2.5058000837053567,3.0808090209960937,3.210723876953125,1.8706516169492837,1.835023716517857,-1.835023716517857,2.4100326538085937,2.539947509765625,-3.08648681640625,,热环,训练末,"(30,100]秒"
0,final,validation,630.5,Hot,time_100_200_s,100.0,200.0,False,True,50,3.1929775289922824,3.065228881835937,-3.065228881835937,3.7847030639648436,3.791351318359375,2.5559499696814676,2.4016705322265626,-2.394452514648438,3.1139266967773436,3.120574951171875,-0.490325927734375,,热环,训练末,"(100,200]秒"
0,final,validation,115.2,Cold,time_0_30_s,0.0,30.0,True,True,30,2.438832505975885,2.4136667887369785,-2.4136667887369785,2.8343231201171872,2.875579833984375,0.7864889742145953,0.7045908610026042,-0.7045908610026042,1.1252471923828125,1.16650390625,-2.875579833984375,,冷环,训练末,"[0,30]秒"
0,final,validation,115.2,Cold,time_30_100_s,30.0,100.0,False,True,70,3.5388620719490116,3.528146798270089,-3.528146798270089,3.787733459472656,3.792724609375,1.8397673130500318,1.8190708705357144,-1.8190708705357144,2.078657531738281,2.083648681640625,-3.673492431640625,,冷环,训练末,"(30,100]秒"
0,final,validation,115.2,Cold,time_100_200_s,100.0,200.0,False,True,0,,,,,,,,,,,,预登记时间窗内无观测，不外推真值,冷环,训练末,"(100,200]秒"
0,final,validation,403.0,Cold,time_0_30_s,0.0,30.0,True,True,30,1.481454308538463,1.4748830159505204,-1.4748830159505204,1.7453445434570312,1.7659912109375,0.21843059763840486,0.16818135579427085,-0.16818135579427085,0.4386428833007812,0.45928955078125,-1.7659912109375,,冷环,训练末,"[0,30]秒"
0,final,validation,403.0,Cold,time_30_100_s,30.0,100.0,False,True,70,1.8981803790390304,1.8961805071149553,-1.8961805071149553,1.96761474609375,1.97235107421875,0.5958804803127825,0.5894788469587054,-0.5894788469587054,0.6609130859375,0.6656494140625,-1.927032470703125,,冷环,训练末,"(30,100]秒"
0,final,validation,403.0,Cold,time_100_200_s,100.0,200.0,False,True,26,1.7958372714967938,1.7932457557091348,-1.7932457557091348,1.9129638671875,1.924591064453125,0.4960104053803689,0.48654409555288464,-0.48654409555288464,0.60626220703125,0.617889404296875,-1.611968994140625,,冷环,训练末,"(100,200]秒"
0,final,validation,630.5,Cold,time_0_30_s,0.0,30.0,True,True,30,1.2729417253426618,1.254425048828125,-1.254425048828125,1.6045547485351563,1.609130859375,0.21697962593232065,0.18625691731770833,0.016784667968749997,0.33334503173828123,0.337921142578125,-1.604705810546875,,冷环,训练末,"[0,30]秒"
0,final,validation,630.5,Cold,time_30_100_s,30.0,100.0,False,True,70,2.4260902337302324,2.403334699358259,-2.403334699358259,2.784674072265625,2.81964111328125,1.1796622911669996,1.1321249825613837,-1.1321249825613837,1.51346435546875,1.548431396484375,-2.81964111328125,,冷环,训练末,"(30,100]秒"
0,final,validation,630.5,Cold,time_100_200_s,100.0,200.0,False,True,50,2.864391703329482,2.862304077148438,-2.862304077148438,2.9582855224609377,2.960784912109375,1.5948468464353407,1.5910943603515624,-1.5910943603515624,1.6870758056640625,1.6895751953125,-2.515869140625,,冷环,训练末,"(100,200]秒"
1,best,validation,115.2,Top,time_0_30_s,0.0,30.0,True,True,606,2.724239766977645,2.0765388413230976,-1.4678184081225507,5.9586944580078125,6.944061279296875,4.549258208592676,4.0620676676432295,4.0620676676432295,6.524009704589844,6.82403564453125,2.338104248046875,,顶部,观测最佳,"[0,30]秒"
1,best,validation,115.2,Top,time_30_100_s,30.0,100.0,False,True,1313,0.8820683519035191,0.6453569678069069,0.4174715900639042,1.92108154296875,2.87005615234375,6.004492912937103,5.947357665829684,5.947357665829684,7.36470947265625,8.969390869140625,-0.078826904296875,,顶部,观测最佳,"(30,100]秒"
1,best,validation,115.2,Top,time_100_200_s,100.0,200.0,False,True,0,,,,,,,,,,,,预登记时间窗内无观测，不外推真值,顶部,观测最佳,"(100,200]秒"
1,best,validation,403.0,Top,time_0_30_s,0.0,30.0,True,True,606,3.00161809970948,2.1563034309412386,0.2864421680815542,6.0578155517578125,13.82061767578125,4.1776356526164555,3.03724740912812,1.9955332035278723,7.980400085449219,8.46697998046875,0.407989501953125,,顶部,观测最佳,"[0,30]秒"
1,best,validation,403.0,Top,time_30_100_s,30.0,100.0,False,True,1414,1.4220949886022678,1.0154335765199667,-0.358197207888016,2.6823776245117186,7.163482666015625,5.421001721736156,4.678716050896614,1.3454296275010162,9.846090698242183,12.38275146484375,1.11285400390625,,顶部,观测最佳,"(30,100]秒"
1,best,validation,403.0,Top,time_100_200_s,100.0,200.0,False,True,404,2.312987935903903,2.021895335842124,1.576027285317078,4.111546325683594,6.17437744140625,6.250041223384139,5.064278190423463,3.2645078403776373,10.905577087402342,11.495574951171875,1.74884033203125,,顶部,观测最佳,"(100,200]秒"
1,best,validation,630.5,Top,time_0_30_s,0.0,30.0,True,True,606,7.4278438594951615,6.198074211288608,4.535234725207598,13.304847717285156,24.925445556640625,9.516591694255663,7.266975565939583,2.0390318938556895,18.630653381347656,23.434814453125,3.4703369140625,,顶部,观测最佳,"[0,30]秒"
1,best,validation,630.5,Top,time_30_100_s,30.0,100.0,False,True,1414,3.3916549015292157,2.5295318116164456,-1.768914750701761,6.701477050781244,12.60455322265625,12.245662343212894,11.386668155040224,-5.9469014408429715,16.01180419921875,18.97406005859375,1.7054443359375,,顶部,观测最佳,"(30,100]秒"
1,best,validation,630.5,Top,time_100_200_s,100.0,200.0,False,True,909,4.931719475945385,3.8146696945221557,0.75567495554902,8.733288574218745,25.1170654296875,10.813785022209675,9.83956909608688,-3.7901441581975712,15.97638549804687,20.106414794921875,1.6474609375,,顶部,观测最佳,"(100,200]秒"
1,best,validation,115.2,Hot,time_0_30_s,0.0,30.0,True,True,30,1.2751193637411746,1.1338267008463543,1.0830902099609376,1.723828125,1.73468017578125,1.61817165367028,1.4716094970703124,1.4716094970703124,2.112347412109375,2.123199462890625,1.72235107421875,,热环,观测最佳,"[0,30]秒"
1,best,validation,115.2,Hot,time_30_100_s,30.0,100.0,False,True,70,0.9942073931088423,0.8026031494140624,0.7174346923828125,1.6597488403320313,1.6961669921875,1.3026396306855035,1.1059539794921875,1.1059539794921875,2.048268127441406,2.084686279296875,0.83795166015625,,热环,观测最佳,"(30,100]秒"
1,best,validation,115.2,Hot,time_100_200_s,100.0,200.0,False,True,0,,,,,,,,,,,,预登记时间窗内无观测，不外推真值,热环,观测最佳,"(100,200]秒"
1,best,validation,403.0,Hot,time_0_30_s,0.0,30.0,True,True,30,2.435954718231225,2.424794514973958,2.424794514973958,2.7324127197265624,2.770050048828125,0.6803790917548588,0.6392720540364583,0.6392720540364583,0.9468902587890625,0.984527587890625,2.601226806640625,,热环,观测最佳,"[0,30]秒"
1,best,validation,403.0,Hot,time_30_100_s,30.0,100.0,False,True,70,3.0677192935899407,3.0625091552734376,3.0625091552734376,3.3598587036132814,3.379425048828125,1.2894317956531742,1.2769866943359374,1.2769866943359374,1.5743362426757812,1.593902587890625,3.020751953125,,热环,观测最佳,"(30,100]秒"
1,best,validation,403.0,Hot,time_100_200_s,100.0,200.0,False,True,26,3.30017636377603,3.2949218750000004,3.2949218750000004,3.6141586303710938,3.662933349609375,1.5208354483127628,1.5093994140625,1.5093994140625,1.8286361694335938,1.877410888671875,3.662933349609375,,热环,观测最佳,"(100,200]秒"
1,best,validation,630.5,Hot,time_0_30_s,0.0,30.0,True,True,30,1.7824753744815407,1.7132863362630206,1.7132863362630206,2.687405395507812,2.78912353515625,0.538878744792298,0.43858947753906247,-0.22027689615885418,0.8464553833007812,0.883392333984375,1.659912109375,,热环,观测最佳,"[0,30]秒"
1,best,validation,630.5,Hot,time_30_100_s,30.0,100.0,False,True,70,1.938066780000701,1.866131591796875,1.866131591796875,2.6741485595703125,2.702239990234375,0.5274492885551426,0.4832301548549107,-0.06743164062499998,0.7405853271484375,0.7686767578125,1.287109375,,热环,观测最佳,"(30,100]秒"
1,best,validation,630.5,Hot,time_100_200_s,100.0,200.0,False,True,50,1.4440931396155672,1.2102557373046876,1.2102557373046876,3.0418045043945305,3.7667236328125,1.069513804819056,0.9984686279296875,-0.7233074951171873,1.4469635009765625,1.833160400390625,3.7667236328125,,热环,观测最佳,"(100,200]秒"
1,best,validation,115.2,Cold,time_0_30_s,0.0,30.0,True,True,30,1.1581123377982845,1.1179595947265624,1.1179595947265624,1.58089599609375,1.602294921875,0.3392046884341862,0.2695424397786459,0.1538482666015625,0.61678466796875,0.63818359375,1.602294921875,,冷环,观测最佳,"[0,30]秒"
1,best,validation,115.2,Cold,time_30_100_s,30.0,100.0,False,True,70,1.0485961842996907,0.9360408238002231,0.0354069301060268,1.5480087280273436,1.589996337890625,1.4002828878223574,1.148288835797991,-0.9287043980189731,2.401564025878906,2.477325439453125,0.82763671875,,冷环,观测最佳,"(30,100]秒"
1,best,validation,115.2,Cold,time_100_200_s,100.0,200.0,False,True,0,,,,,,,,,,,,预登记时间窗内无观测，不外推真值,冷环,观测最佳,"(100,200]秒"
1,best,validation,403.0,Cold,time_0_30_s,0.0,30.0,True,True,30,2.3283880139402253,2.2709950764973956,2.2709950764973956,2.76500244140625,2.780731201171875,1.3817556140523486,1.2826833089192708,1.2826833089192708,1.776690673828125,1.79241943359375,2.28448486328125,,冷环,观测最佳,"[0,30]秒"
1,best,validation,403.0,Cold,time_30_100_s,30.0,100.0,False,True,70,2.3814122987582667,2.3792855398995534,2.3792855398995534,2.6037261962890623,2.702178955078125,1.3946085083592907,1.3909737723214288,1.3909737723214288,1.6154144287109373,1.7138671875,2.702178955078125,,冷环,观测最佳,"(30,100]秒"
1,best,validation,403.0,Cold,time_100_200_s,100.0,200.0,False,True,26,3.097708264846765,3.0910034179687504,3.0910034179687504,3.3685150146484375,3.38140869140625,2.112535571494102,2.1026916503906254,2.1026916503906254,2.3802032470703125,2.393096923828125,3.38140869140625,,冷环,观测最佳,"(100,200]秒"
1,best,validation,630.5,Cold,time_0_30_s,0.0,30.0,True,True,30,3.692097872857358,3.627985636393228,3.627985636393228,4.447950744628906,4.500885009765625,1.8031948074967623,1.6679941813151042,1.6679941813151042,2.487959289550781,2.5408935546875,3.35479736328125,,冷环,观测最佳,"[0,30]秒"
1,best,validation,630.5,Cold,time_30_100_s,30.0,100.0,False,True,70,2.9728333939086777,2.9647011893136153,2.9647011893136153,3.2372283935546875,3.274261474609375,1.0284585047966546,1.0047097342354911,1.0047097342354911,1.2772369384765625,1.31427001953125,2.714752197265625,,冷环,观测最佳,"(30,100]秒"
1,best,validation,630.5,Cold,time_100_200_s,100.0,200.0,False,True,50,2.6345383875833717,2.6321557617187503,2.6321557617187503,2.802926635742187,2.929931640625,0.6814348221384424,0.672164306640625,0.672164306640625,0.8429351806640624,0.969940185546875,2.929931640625,,冷环,观测最佳,"(100,200]秒"
1,final,validation,115.2,Top,time_0_30_s,0.0,30.0,True,True,606,5.391433316903567,5.076144932913701,-5.076144932913701,8.221809387207031,8.43707275390625,1.960009828001738,1.7540120543426412,1.7540120543426412,2.9804153442382812,3.36285400390625,-5.84332275390625,,顶部,训练末,"[0,30]秒"
1,final,validation,115.2,Top,time_30_100_s,30.0,100.0,False,True,1313,4.736837980451495,4.045944922767517,-3.9577834745989624,7.422113037109375,7.875335693359375,3.1469968190673243,2.8723735126573806,2.8723735126573806,5.252801513671873,6.591705322265625,-7.856964111328125,,顶部,训练末,"(30,100]秒"
1,final,validation,115.2,Top,time_100_200_s,100.0,200.0,False,True,0,,,,,,,,,,,,预登记时间窗内无观测，不外推真值,顶部,训练末,"(100,200]秒"
1,final,validation,403.0,Top,time_0_30_s,0.0,30.0,True,True,606,3.339050640129401,2.4543745588548114,1.6297824469336581,7.510589599609375,7.720947265625,5.332239223643255,4.589239894753636,-4.546112413060154,7.7985687255859375,8.56243896484375,-0.89971923828125,,顶部,训练末,"[0,30]秒"
1,final,validation,403.0,Top,time_30_100_s,30.0,100.0,False,True,1414,2.0673109057394523,1.557289481747191,-1.4718497943149562,4.110375976562498,9.4427490234375,7.754334176410246,7.649268602858508,-7.649268602858508,9.058241271972657,9.345458984375,-1.16949462890625,,顶部,训练末,"(30,100]秒"
1,final,validation,403.0,Top,time_100_200_s,100.0,200.0,False,True,404,1.6653843249588631,1.0357236984581997,-0.4969078813769664,3.7092864990234284,8.745880126953125,6.8429623810805476,6.678132017493926,-6.678132017493926,8.533143615722656,8.59539794921875,-0.7503662109375,,顶部,训练末,"(100,200]秒"
1,final,validation,630.5,Top,time_0_30_s,0.0,30.0,True,True,606,9.491897299099223,8.487396839771758,7.585321057902406,14.917816162109375,18.212249755859375,5.9717971160040975,4.789201271700191,-4.387354935428057,10.869827270507812,12.823944091796875,5.4163818359375,,顶部,训练末,"[0,30]秒"
1,final,validation,630.5,Top,time_30_100_s,30.0,100.0,False,True,1414,5.4442084017996955,3.7429233352330837,-2.3671790981079823,12.131616210937484,19.85589599609375,15.14669873617119,14.952662744275967,-14.952662744275967,18.591845703125,19.1741943359375,0.757568359375,,顶部,训练末,"(30,100]秒"
1,final,validation,630.5,Top,time_100_200_s,100.0,200.0,False,True,909,5.278833681930204,3.3351859103559067,-2.69233938162788,12.251843261718724,25.5250244140625,15.722835495622213,15.432565589627742,-15.432565589627742,20.436407470703124,23.355377197265625,0.27691650390625,,顶部,训练末,"(100,200]秒"
1,final,validation,115.2,Hot,time_0_30_s,0.0,30.0,True,True,30,0.2795241669265119,0.24598185221354166,0.046582031250000024,0.4215805053710937,0.452117919921875,0.3346638447255408,0.285662841796875,0.18983154296874993,0.5370468139648438,0.55145263671875,-0.452117919921875,,热环,训练末,"[0,30]秒"
1,final,validation,115.2,Hot,time_30_100_s,30.0,100.0,False,True,70,0.7638720903515502,0.7558362688337052,-0.7558362688337052,0.9564010620117187,0.982269287109375,0.6224746100253464,0.6125867571149555,-0.6125867571149555,0.8131515502929687,0.839019775390625,-0.898468017578125,,热环,训练末,"(30,100]秒"
1,final,validation,115.2,Hot,time_100_200_s,100.0,200.0,False,True,0,,,,,,,,,,,,预登记时间窗内无观测，不外推真值,热环,训练末,"(100,200]秒"
1,final,validation,403.0,Hot,time_0_30_s,0.0,30.0,True,True,30,0.6785236098753563,0.6084493001302085,0.6084493001302085,1.0654022216796875,1.094757080078125,0.35516444104137973,0.2829793294270833,0.18962605794270834,0.6465789794921875,0.675933837890625,0.418548583984375,,热环,训练末,"[0,30]秒"
1,final,validation,403.0,Hot,time_30_100_s,30.0,100.0,False,True,70,0.471907661239445,0.4289725167410714,-0.27960117885044644,0.6392257690429688,0.6441650390625,0.7951834338214763,0.6987862723214285,-0.6984244210379464,1.0580490112304688,1.06298828125,-0.601593017578125,,热环,训练末,"(30,100]秒"
1,final,validation,403.0,Hot,time_100_200_s,100.0,200.0,False,True,26,0.43300229327284284,0.40797424316406256,-0.40797424316406256,0.5810470581054688,0.596099853515625,0.8394296186565725,0.8267974853515625,-0.8267974853515625,0.9998703002929688,1.014923095703125,-0.100921630859375,,热环,训练末,"(100,200]秒"
1,final,validation,630.5,Hot,time_0_30_s,0.0,30.0,True,True,30,1.700484020674212,1.6606852213541665,1.6606852213541665,2.35013427734375,2.38323974609375,0.7119836166707165,0.6284261067708334,-0.6108601888020833,1.0736190795898437,1.10064697265625,1.206268310546875,,热环,训练末,"[0,30]秒"
1,final,validation,630.5,Hot,time_30_100_s,30.0,100.0,False,True,70,0.6904661844646472,0.5429552350725445,0.5429552350725445,1.2101791381835938,1.23828125,1.7804401584980047,1.7285901750837054,-1.7285901750837054,2.1521728515625,2.15838623046875,0.182281494140625,,热环,训练末,"(30,100]秒"
1,final,validation,630.5,Hot,time_100_200_s,100.0,200.0,False,True,50,0.8127286049643421,0.6376202392578125,-0.46552429199218753,1.4321990966796876,1.449798583984375,2.8169780746948305,2.7370697021484376,-2.7370697021484376,3.7037445068359376,3.721343994140625,1.1697998046875,,热环,训练末,"(100,200]秒"
1,final,validation,115.2,Cold,time_0_30_s,0.0,30.0,True,True,30,0.2274443428572836,0.1930104573567708,-0.03043518066406249,0.39003753662109375,0.410400390625,0.47522832730579057,0.4201263427734375,-0.4183746337890625,0.6939071655273437,0.71234130859375,-0.32440185546875,,冷环,训练末,"[0,30]秒"
1,final,validation,115.2,Cold,time_30_100_s,30.0,100.0,False,True,70,1.4513697677315243,1.3386683872767855,-1.3386683872767855,2.0772705078125,2.109954833984375,1.8153830962438056,1.7266078404017857,-1.7266078404017857,2.4652099609375,2.497894287109375,-1.173797607421875,,冷环,训练末,"(30,100]秒"
1,final,validation,115.2,Cold,time_100_200_s,100.0,200.0,False,True,0,,,,,,,,,,,,预登记时间窗内无观测，不外推真值,冷环,训练末,"(100,200]秒"
1,final,validation,403.0,Cold,time_0_30_s,0.0,30.0,True,True,30,0.1407736340456877,0.12636210123697916,-0.12636210123697916,0.21707916259765622,0.253326416015625,0.06646040106352444,0.055943806966145836,0.023814900716145837,0.10788269042968747,0.1370849609375,-0.253326416015625,,冷环,训练末,"[0,30]秒"
1,final,validation,403.0,Cold,time_30_100_s,30.0,100.0,False,True,70,0.5777084327835206,0.5486733572823662,-0.5486733572823662,0.775225830078125,0.782196044921875,0.4376116149376948,0.39849635532924116,-0.39849635532924116,0.625048828125,0.63201904296875,-0.54046630859375,,冷环,训练末,"(30,100]秒"
1,final,validation,403.0,Cold,time_100_200_s,100.0,200.0,False,True,26,0.3218442932492779,0.301471416766827,-0.301471416766827,0.492095947265625,0.522613525390625,0.18864976523587257,0.15129441481370196,-0.15129441481370196,0.3419189453125,0.3724365234375,-0.167510986328125,,冷环,训练末,"(100,200]秒"
1,final,validation,630.5,Cold,time_0_30_s,0.0,30.0,True,True,30,0.5438482181908985,0.4679890950520834,0.4679890950520834,1.0800781249999998,1.100799560546875,0.6896830571154239,0.631671142578125,-0.6315897623697917,0.8944854736328125,0.90447998046875,0.23663330078125,,冷环,训练末,"[0,30]秒"
1,final,validation,630.5,Cold,time_30_100_s,30.0,100.0,False,True,70,0.2880593202362193,0.2613189697265625,0.09655805315290177,0.44745483398437497,0.466766357421875,1.0390887585488797,1.0030208042689732,-1.0030208042689732,1.3523818969726562,1.3560791015625,-0.216888427734375,,冷环,训练末,"(30,100]秒"
1,final,validation,630.5,Cold,time_100_200_s,100.0,200.0,False,True,50,0.6324009360533935,0.54885986328125,-0.54885986328125,0.9947219848632812,1.005462646484375,1.6781042906546217,1.6484387207031248,-1.6484387207031248,2.0943008422851563,2.10504150390625,-0.334320068359375,,冷环,训练末,"(100,200]秒"
2,best,validation,115.2,Top,time_0_30_s,0.0,30.0,True,True,606,2.4068357634719373,1.9470863971773154,-1.587032154448355,5.0557861328125,5.55535888671875,3.2848612250563995,2.9107609109910015,2.9107609109910015,5.1467132568359375,5.58306884765625,-2.42999267578125,,顶部,观测最佳,"[0,30]秒"
2,best,validation,115.2,Top,time_30_100_s,30.0,100.0,False,True,1313,1.9819674906372406,1.7191725510817308,-0.6482196700364147,3.5852844238281247,4.199462890625,4.104859713034005,3.8495733954029414,3.8495733954029414,6.425268554687499,7.123291015625,-3.310546875,,顶部,观测最佳,"(30,100]秒"
2,best,validation,115.2,Top,time_100_200_s,100.0,200.0,False,True,0,,,,,,,,,,,,预登记时间窗内无观测，不外推真值,顶部,观测最佳,"(100,200]秒"
2,best,validation,403.0,Top,time_0_30_s,0.0,30.0,True,True,606,3.3472732792922906,2.818465985087278,2.3144918511016144,6.245964050292969,7.688690185546875,3.7879354573544837,2.7101231439672286,-2.0181204414997165,8.238555908203125,9.645721435546875,3.8272705078125,,顶部,观测最佳,"[0,30]秒"
2,best,validation,403.0,Top,time_30_100_s,30.0,100.0,False,True,1414,2.203489597594065,1.7872218843868113,-0.14901950390743604,4.111509704589843,6.962493896484375,5.815621296967058,4.879697309379967,-4.470467053886581,10.300357055664062,11.212432861328125,1.24200439453125,,顶部,观测最佳,"(30,100]秒"
2,best,validation,403.0,Top,time_100_200_s,100.0,200.0,False,True,404,2.2311432155757167,1.6843930840249204,0.8794960923446635,4.560511779785156,6.621368408203125,4.4170974851541285,3.7464195036858534,-3.4122487627954827,7.462428283691406,8.104034423828125,0.543212890625,,顶部,观测最佳,"(100,200]秒"
2,best,validation,630.5,Top,time_0_30_s,0.0,30.0,True,True,606,12.410043578690845,11.33582335168877,10.594604912351096,19.822898864746094,22.0064697265625,7.898425271949726,6.121177858963524,-1.7371613946578224,15.348777770996094,17.695037841796875,11.06170654296875,,顶部,观测最佳,"[0,30]秒"
2,best,validation,630.5,Top,time_30_100_s,30.0,100.0,False,True,1414,4.41209455544684,3.462891854348989,1.3944258369855567,8.670919799804686,14.788818359375,14.10320665970036,12.75545027751987,-11.387934881310176,21.96892395019531,23.359344482421875,3.33428955078125,,顶部,观测最佳,"(30,100]秒"
2,best,validation,630.5,Top,time_100_200_s,100.0,200.0,False,True,909,6.802221185435265,4.682965642251919,-1.6646500725913707,15.522131347656249,29.950927734375,16.259978045896723,14.809953655631123,-14.568624242128925,25.650891113281236,28.61700439453125,0.81866455078125,,顶部,观测最佳,"(100,200]秒"
2,best,validation,115.2,Hot,time_0_30_s,0.0,30.0,True,True,30,1.017728898007138,0.9682515462239585,-0.9682515462239585,1.4675125122070312,1.49151611328125,0.6876530475570055,0.6120503743489583,-0.6120503743489583,1.1113113403320312,1.13531494140625,-1.49151611328125,,热环,观测最佳,"[0,30]秒"
2,best,validation,115.2,Hot,time_30_100_s,30.0,100.0,False,True,70,1.850653969322654,1.8227630615234376,-1.8227630615234376,2.3524093627929688,2.39361572265625,1.5010858442756017,1.466561889648437,-1.466561889648437,1.9962081909179688,2.03741455078125,-1.892791748046875,,热环,观测最佳,"(30,100]秒"
2,best,validation,115.2,Hot,time_100_200_s,100.0,200.0,False,True,0,,,,,,,,,,,,预登记时间窗内无观测，不外推真值,热环,观测最佳,"(100,200]秒"
2,best,validation,403.0,Hot,time_0_30_s,0.0,30.0,True,True,30,0.45278794942190786,0.38593037923177087,0.38593037923177087,0.8671295166015625,0.895965576171875,0.3422293415264441,0.2494639078776042,0.24707539876302087,0.7282745361328125,0.757110595703125,0.10302734375,,热环,观测最佳,"[0,30]秒"
2,best,validation,403.0,Hot,time_30_100_s,30.0,100.0,False,True,70,0.2582152743796471,0.2436667306082589,0.2436667306082589,0.3974136352539062,0.416168212890625,0.13523000881810757,0.10902317592075894,0.10481175013950894,0.2585586547851562,0.277313232421875,0.232696533203125,,热环,观测最佳,"(30,100]秒"
2,best,validation,403.0,Hot,time_100_200_s,100.0,200.0,False,True,26,0.47735971475946554,0.43973834698016834,0.43973834698016834,0.7861099243164062,0.84747314453125,0.3536004577395679,0.30088336651141834,0.30088336651141834,0.6472549438476562,0.7086181640625,0.84747314453125,,热环,观测最佳,"(100,200]秒"
2,best,validation,630.5,Hot,time_0_30_s,0.0,30.0,True,True,30,0.3073097549653617,0.2562967936197917,0.03854777018229166,0.5576385498046871,0.62725830078125,0.4679796310612856,0.399456787109375,-0.35503743489583334,0.7176437377929688,0.791229248046875,0.036712646484375,,热环,观测最佳,"[0,30]秒"
2,best,validation,630.5,Hot,time_30_100_s,30.0,100.0,False,True,70,0.7451493792051702,0.6201725551060266,-0.5008531842912946,1.3119186401367187,1.398345947265625,1.0509108989314377,0.8944383893694196,-0.8944383893694196,1.7055038452148437,1.79193115234375,-1.341064453125,,热环,观测最佳,"(30,100]秒"
2,best,validation,630.5,Hot,time_100_200_s,100.0,200.0,False,True,50,1.350516392799153,1.2037097167968749,-0.288284912109375,2.3220108032226556,2.80743408203125,1.4851710990261764,1.3524450683593752,-0.6818701171875001,1.9640899658203121,2.413848876953125,2.80743408203125,,热环,观测最佳,"(100,200]秒"
2,best,validation,115.2,Cold,time_0_30_s,0.0,30.0,True,True,30,0.7218277530901862,0.6302256266276042,-0.5910878499348958,1.254890441894531,1.322998046875,0.9409884192851873,0.8448720296223957,-0.8448720296223957,1.508674621582031,1.5767822265625,-1.1728515625,,冷环,观测最佳,"[0,30]秒"
2,best,validation,115.2,Cold,time_30_100_s,30.0,100.0,False,True,70,1.9800568935722795,1.924655151367187,-1.924655151367187,2.7302597045898436,2.805267333984375,2.227538051119408,2.1784393310546872,-2.1784393310546872,2.9840438842773436,3.059051513671875,-1.7816162109375,,冷环,观测最佳,"(30,100]秒"
2,best,validation,115.2,Cold,time_100_200_s,100.0,200.0,False,True,0,,,,,,,,,,,,预登记时间窗内无观测，不外推真值,冷环,观测最佳,"(100,200]秒"
2,best,validation,403.0,Cold,time_0_30_s,0.0,30.0,True,True,30,0.1629260302372255,0.12892150878906253,-0.07421366373697914,0.33098297119140624,0.371185302734375,0.1450536369908838,0.12289530436197914,-0.0018259684244791652,0.25859527587890624,0.298797607421875,-0.271148681640625,,冷环,观测最佳,"[0,30]秒"
2,best,validation,403.0,Cold,time_30_100_s,30.0,100.0,False,True,70,0.4375612048233214,0.43400181361607143,-0.43400181361607143,0.5168533325195312,0.523468017578125,0.3658784009761532,0.36161411830357143,-0.36161411830357143,0.44446563720703125,0.451080322265625,-0.380859375,,冷环,观测最佳,"(30,100]秒"
2,best,validation,403.0,Cold,time_100_200_s,100.0,200.0,False,True,26,0.22347530650933206,0.20014014610877404,-0.20014014610877404,0.349853515625,0.370758056640625,0.16188212754795667,0.13179955115685096,-0.12775245079627406,0.2774658203125,0.298370361328125,-0.04718017578125,,冷环,观测最佳,"(100,200]秒"
2,best,validation,630.5,Cold,time_0_30_s,0.0,30.0,True,True,30,0.43813475917009964,0.38283996582031243,0.07844950358072916,0.7329360961914062,0.748016357421875,0.7377928556681591,0.5987742106119792,0.5987742106119792,1.2532608032226562,1.268341064453125,-0.51641845703125,,冷环,观测最佳,"[0,30]秒"
2,best,validation,630.5,Cold,time_30_100_s,30.0,100.0,False,True,70,0.8681137806919144,0.8564113071986607,-0.8564113071986607,1.0683334350585938,1.081329345703125,0.36487725599381965,0.33608660016741077,-0.33608660016741077,0.5480087280273438,0.561004638671875,-0.845306396484375,,冷环,观测最佳,"(30,100]秒"
2,best,validation,630.5,Cold,time_100_200_s,100.0,200.0,False,True,50,1.3177173899978893,1.29920166015625,-1.29920166015625,1.55872802734375,1.56512451171875,0.809384626898347,0.778876953125,-0.778876953125,1.0384033203125,1.0447998046875,-0.80596923828125,,冷环,观测最佳,"(100,200]秒"
2,final,validation,115.2,Top,time_0_30_s,0.0,30.0,True,True,606,5.914322671413177,5.514643653391218,-5.514643653391218,9.727912902832031,9.9410400390625,3.4015295253701487,3.0378344948142275,3.0378344948142275,5.130889892578125,5.552520751953125,-6.80572509765625,,顶部,训练末,"[0,30]秒"
2,final,validation,115.2,Top,time_30_100_s,30.0,100.0,False,True,1313,4.28137394144111,3.745191401229591,-3.689698358028787,6.617712402343749,7.253662109375,5.00478174879282,4.862779790176659,4.862779790176659,7.1665283203125,8.058685302734375,-6.609344482421875,,顶部,训练末,"(30,100]秒"
2,final,validation,115.2,Top,time_100_200_s,100.0,200.0,False,True,0,,,,,,,,,,,,预登记时间窗内无观测，不外推真值,顶部,训练末,"(100,200]秒"
2,final,validation,403.0,Top,time_0_30_s,0.0,30.0,True,True,606,2.7070246977021437,2.077541943037077,0.8556870060785375,5.8753662109375,7.229034423828125,4.403494159511286,3.5017028405721433,-3.5017028405721433,8.50146484375,9.482452392578125,-0.31451416015625,,顶部,训练末,"[0,30]秒"
2,final,validation,403.0,Top,time_30_100_s,30.0,100.0,False,True,1414,2.3351035268751357,1.7806928764657266,-1.4139228765899048,4.151159667968748,9.768218994140625,6.071545255995443,5.761655252839635,-5.761655252839635,9.106701660156249,9.66162109375,-0.5413818359375,,顶部,训练末,"(30,100]秒"
2,final,validation,403.0,Top,time_100_200_s,100.0,200.0,False,True,404,2.174051684469219,1.5426605464439072,-0.44324040668978687,4.416325378417964,9.32025146484375,4.903481965345786,4.765054734395274,-4.765054734395274,6.775445556640623,7.724334716796875,-1.15936279296875,,顶部,训练末,"(100,200]秒"
2,final,validation,630.5,Top,time_0_30_s,0.0,30.0,True,True,606,11.911546884977625,10.747796635298254,10.344323036159368,19.95299530029297,21.69610595703125,7.345589363647171,5.672597962607838,-4.348717397235375,14.785171508789062,17.152496337890625,7.5501708984375,,顶部,训练末,"[0,30]秒"
2,final,validation,630.5,Top,time_30_100_s,30.0,100.0,False,True,1414,3.954885078735069,2.3761538048254467,-0.4907173475805369,8.932101440429676,17.12286376953125,16.356222097121243,15.386894582656723,-15.386894582656723,22.459005737304683,23.58380126953125,-0.14996337890625,,顶部,训练末,"(30,100]秒"
2,final,validation,630.5,Top,time_100_200_s,100.0,200.0,False,True,909,6.894774902823757,4.677387987802038,-3.4362758496793218,14.761376953124989,29.738525390625,19.326227480505743,18.401941831398474,-18.401941831398474,27.438916015624997,29.877197265625,-2.74981689453125,,顶部,训练末,"(100,200]秒"
2,final,validation,115.2,Hot,time_0_30_s,0.0,30.0,True,True,30,1.5615039719455215,1.5327412923177082,-1.5327412923177082,2.019819641113281,2.063690185546875,0.7111906015495297,0.6455952962239583,-0.6455952962239583,1.1326736450195312,1.176544189453125,-2.063690185546875,,热环,训练末,"[0,30]秒"
2,final,validation,115.2,Hot,time_30_100_s,30.0,100.0,False,True,70,2.6859693247666705,2.663474818638393,-2.663474818638393,3.1891128540039064,3.224609375,1.8098831978527066,1.7763288225446425,-1.7763288225446425,2.3019668579101564,2.33746337890625,-2.81097412109375,,热环,训练末,"(30,100]秒"
2,final,validation,115.2,Hot,time_100_200_s,100.0,200.0,False,True,0,,,,,,,,,,,,预登记时间窗内无观测，不外推真值,热环,训练末,"(100,200]秒"
2,final,validation,403.0,Hot,time_0_30_s,0.0,30.0,True,True,30,0.6254200899681355,0.5363555908203124,0.5219879150390625,1.0990615844726563,1.1497802734375,0.3448061090768283,0.26674296061197916,0.01457214355468748,0.6199798583984374,0.655517578125,-0.148101806640625,,热环,训练末,"[0,30]秒"
2,final,validation,403.0,Hot,time_30_100_s,30.0,100.0,False,True,70,0.8358100484868876,0.7987165178571427,-0.7987165178571427,1.0142135620117188,1.0186767578125,1.3291395406481323,1.3061322893415177,-1.3061322893415177,1.5216293334960938,1.526092529296875,-0.9976806640625,,热环,训练末,"(30,100]秒"
2,final,validation,403.0,Hot,time_100_200_s,100.0,200.0,False,True,26,0.9070796904916762,0.8977332481971154,-0.8977332481971154,1.0058517456054688,1.008209228515625,1.4111386705408455,1.4051490196814906,-1.4051490196814906,1.5132675170898438,1.515625,-0.57904052734375,,热环,训练末,"(100,200]秒"
2,final,validation,630.5,Hot,time_0_30_s,0.0,30.0,True,True,30,0.8123728539938585,0.6871927897135417,0.3425231933593751,1.3011306762695312,1.31396484375,1.2007266390731044,0.9510253906249999,-0.9482177734374999,2.094801330566406,2.176788330078125,-0.88604736328125,,热环,训练末,"[0,30]秒"
2,final,validation,630.5,Hot,time_30_100_s,30.0,100.0,False,True,70,1.8749125859023235,1.8309740339006697,-1.8309740339006697,2.5165512084960935,2.65802001953125,3.147687379257431,3.121715000697545,-3.121715000697545,3.8072921752929685,3.948760986328125,-2.458160400390625,,热环,训练末,"(30,100]秒"
2,final,validation,630.5,Hot,time_100_200_s,100.0,200.0,False,True,50,2.2703479056623337,2.064364013671875,-1.783958740234375,2.9744613647460936,2.9794921875,3.380199567230429,3.0984655761718756,-3.0746997070312503,4.265202331542969,4.270233154296875,1.709716796875,,热环,训练末,"(100,200]秒"
2,final,validation,115.2,Cold,time_0_30_s,0.0,30.0,True,True,30,0.6553670077072667,0.6247406005859375,-0.6247406005859375,0.9186721801757811,0.984466552734375,0.38427026730831626,0.3293304443359375,-0.3293304443359375,0.6232620239257811,0.689056396484375,-0.971282958984375,,冷环,训练末,"[0,30]秒"
2,final,validation,115.2,Cold,time_30_100_s,30.0,100.0,False,True,70,2.1621118907560617,2.0790148053850444,-2.0790148053850444,2.9794906616210937,3.05517578125,1.8798060568991373,1.7836046491350446,-1.7836046491350446,2.6840805053710937,2.759765625,-1.945343017578125,,冷环,训练末,"(30,100]秒"
2,final,validation,115.2,Cold,time_100_200_s,100.0,200.0,False,True,0,,,,,,,,,,,,预登记时间窗内无观测，不外推真值,冷环,训练末,"(100,200]秒"
2,final,validation,403.0,Cold,time_0_30_s,0.0,30.0,True,True,30,0.5465216377468511,0.5336476643880208,0.5336476643880208,0.6696929931640625,0.676605224609375,0.12210902769954997,0.10847066243489584,0.03169453938802083,0.18905334472656243,0.21282958984375,0.329803466796875,,冷环,训练末,"[0,30]秒"
2,final,validation,403.0,Cold,time_30_100_s,30.0,100.0,False,True,70,0.6811280467323788,0.6152696881975447,-0.5874176025390625,0.9015853881835938,0.90850830078125,1.1426305432167092,1.0893707275390623,-1.0893707275390623,1.4035385131835938,1.41046142578125,-0.836517333984375,,冷环,训练末,"(30,100]秒"
2,final,validation,403.0,Cold,time_100_200_s,100.0,200.0,False,True,26,0.7841633721817797,0.7838839017427884,-0.7838839017427884,0.8212509155273438,0.833160400390625,1.2860074191865059,1.2858370267427885,-1.2858370267427885,1.3232040405273438,1.335113525390625,-0.766265869140625,,冷环,训练末,"(100,200]秒"
2,final,validation,630.5,Cold,time_0_30_s,0.0,30.0,True,True,30,0.5918302631506902,0.4683451334635416,0.42679646809895827,1.0472518920898437,1.052642822265625,0.6035983359192019,0.4791280110677083,0.4429707845052083,1.0634262084960937,1.068817138671875,-0.251983642578125,,冷环,训练末,"[0,30]秒"
2,final,validation,630.5,Cold,time_30_100_s,30.0,100.0,False,True,70,0.757629564133819,0.7482692173549107,-0.7482692173549107,0.9056442260742188,0.915252685546875,0.7416594088958214,0.7320949009486607,-0.7320949009486607,0.8894699096679688,0.899078369140625,-0.8375244140625,,冷环,训练末,"(30,100]秒"
2,final,validation,630.5,Cold,time_100_200_s,100.0,200.0,False,True,50,1.3757925695558013,1.3493310546875001,-1.3493310546875001,1.6646652221679688,1.67034912109375,1.3599330086903452,1.3331567382812501,-1.3331567382812501,1.6484909057617188,1.6541748046875,-0.70330810546875,,冷环,训练末,"(100,200]秒"
3,best,validation,115.2,Top,time_0_30_s,0.0,30.0,True,True,606,2.3535549823125694,2.0293379176174455,-2.0199938984987367,4.2006072998046875,4.54534912109375,1.9956306060246845,1.7219053463573895,1.7219053463573895,3.1792449951171875,3.35382080078125,-2.15826416015625,,顶部,观测最佳,"[0,30]秒"
3,best,validation,115.2,Top,time_30_100_s,30.0,100.0,False,True,1313,2.309301234569415,1.960733499403501,-1.1294949161852035,4.119329833984375,4.65826416015625,3.158660122792384,2.6943895117708134,2.612404328670923,5.5700439453124995,6.39276123046875,-4.31512451171875,,顶部,观测最佳,"(30,100]秒"
3,best,validation,115.2,Top,time_100_200_s,100.0,200.0,False,True,0,,,,,,,,,,,,预登记时间窗内无观测，不外推真值,顶部,观测最佳,"(100,200]秒"
3,best,validation,403.0,Top,time_0_30_s,0.0,30.0,True,True,606,3.7902297292813447,3.382103696514671,3.121684310459855,6.022064208984375,6.428436279296875,2.6144255091561006,1.9598188746486953,-1.7189205660678373,5.111701965332031,6.501617431640625,3.8175048828125,,顶部,观测最佳,"[0,30]秒"
3,best,validation,403.0,Top,time_30_100_s,30.0,100.0,False,True,1414,1.7320899044215767,1.3024755627901605,0.2517578916554432,3.474496459960937,7.14532470703125,5.089349631935253,4.6438582187498945,-4.583572663699046,7.741773986816406,8.172821044921875,1.32574462890625,,顶部,观测最佳,"(30,100]秒"
3,best,validation,403.0,Top,time_100_200_s,100.0,200.0,False,True,404,2.177070167646597,1.7144861711744341,1.0164639033695502,4.033000183105467,8.0699462890625,4.178092259593792,3.81587834112058,-3.804801356762677,5.845838928222656,6.04620361328125,1.01458740234375,,顶部,观测最佳,"(100,200]秒"
3,best,validation,630.5,Top,time_0_30_s,0.0,30.0,True,True,606,11.6873829688381,10.772012177823486,10.30404276819199,17.179275512695312,18.80474853515625,5.550270245425268,4.2600806044480874,0.26897050853536375,10.6546630859375,11.887725830078125,10.63299560546875,,顶部,观测最佳,"[0,30]秒"
3,best,validation,630.5,Top,time_30_100_s,30.0,100.0,False,True,1414,4.054336844251476,3.459473146222214,2.2233322187719535,8.098165893554686,11.6856689453125,10.976381375688279,9.796113685911394,-8.766101744660473,14.676123046875,15.02569580078125,2.97686767578125,,顶部,观测最佳,"(30,100]秒"
3,best,validation,630.5,Top,time_100_200_s,100.0,200.0,False,True,909,6.0210243384556055,4.278855333217157,-0.4901622773762411,12.64866943359375,28.10882568359375,13.209939229049327,11.850502930055647,-11.698874379115619,19.648675537109366,23.134735107421875,0.5380859375,,顶部,观测最佳,"(100,200]秒"
3,best,validation,115.2,Hot,time_0_30_s,0.0,30.0,True,True,30,1.3126094627951512,1.2847412109375,-1.2847412109375,1.5912414550781249,1.63385009765625,0.6932343761617112,0.638897705078125,-0.638897705078125,0.94539794921875,0.988006591796875,-1.63385009765625,,热环,观测最佳,"[0,30]秒"
3,best,validation,115.2,Hot,time_30_100_s,30.0,100.0,False,True,70,2.5577736297670297,2.5232888357979903,-2.5232888357979903,3.15582275390625,3.2093505859375,1.923543698275956,1.877445329938616,-1.877445329938616,2.509979248046875,2.563507080078125,-2.716400146484375,,热环,观测最佳,"(30,100]秒"
3,best,validation,115.2,Hot,time_100_200_s,100.0,200.0,False,True,0,,,,,,,,,,,,预登记时间窗内无观测，不外推真值,热环,观测最佳,"(100,200]秒"
3,best,validation,403.0,Hot,time_0_30_s,0.0,30.0,True,True,30,0.3974587330690654,0.37456766764322913,0.37456766764322913,0.604475402832031,0.668670654296875,0.24446884554639198,0.20516459147135416,0.20516459147135416,0.435072326660156,0.499267578125,0.18359375,,热环,观测最佳,"[0,30]秒"
3,best,validation,403.0,Hot,time_30_100_s,30.0,100.0,False,True,70,0.23750457250614052,0.21101946149553574,0.21101946149553574,0.36614990234375,0.379425048828125,0.11666675772843813,0.10111258370535714,0.04161638532366072,0.19674682617187497,0.21002197265625,0.120208740234375,,热环,观测最佳,"(30,100]秒"
3,best,validation,403.0,Hot,time_100_200_s,100.0,200.0,False,True,26,0.4146024480909327,0.37369361290564906,0.37369361290564906,0.6804962158203125,0.72412109375,0.27199797248415475,0.2107813908503606,0.20429053673377406,0.5110931396484375,0.554718017578125,0.72412109375,,热环,观测最佳,"(100,200]秒"
3,best,validation,630.5,Hot,time_0_30_s,0.0,30.0,True,True,30,0.3644017027813232,0.30261739095052087,0.08918965657552083,0.6515090942382811,0.754608154296875,0.528372506844014,0.44281107584635415,-0.3928660074869792,0.918389892578125,0.92303466796875,0.754608154296875,,热环,观测最佳,"[0,30]秒"
3,best,validation,630.5,Hot,time_30_100_s,30.0,100.0,False,True,70,0.8299255208939307,0.743611798967634,0.008102416992187455,1.31326904296875,1.4422607421875,0.9556894900952083,0.7812844412667409,-0.47395324707031244,1.79532470703125,1.92431640625,-1.0767822265625,,热环,观测最佳,"(30,100]秒"
3,best,validation,630.5,Hot,time_100_200_s,100.0,200.0,False,True,50,1.3960307461352859,1.2899407958984375,-0.7717913818359374,1.7646697998046872,2.26300048828125,1.7103719833963185,1.5746185302734377,-1.2538470458984374,2.198194885253906,2.205535888671875,2.26300048828125,,热环,观测最佳,"(100,200]秒"
3,best,validation,115.2,Cold,time_0_30_s,0.0,30.0,True,True,30,0.5996676605135686,0.5779886881510417,-0.5779886881510417,0.8403274536132812,0.8623046875,0.3097053949120757,0.26530558268229165,-0.26530558268229165,0.5276443481445312,0.54962158203125,-0.732757568359375,,冷环,观测最佳,"[0,30]秒"
3,best,validation,115.2,Cold,time_30_100_s,30.0,100.0,False,True,70,1.7196418617448908,1.6768375941685265,-1.6768375941685265,2.2180328369140625,2.278533935546875,1.416439650845842,1.3641544886997765,-1.3641544886997765,1.9053497314453125,1.965850830078125,-1.70635986328125,,冷环,观测最佳,"(30,100]秒"
3,best,validation,115.2,Cold,time_100_200_s,100.0,200.0,False,True,0,,,,,,,,,,,,预登记时间窗内无观测，不外推真值,冷环,观测最佳,"(100,200]秒"
3,best,validation,403.0,Cold,time_0_30_s,0.0,30.0,True,True,30,0.2063032286737066,0.1886260986328125,0.18200988769531248,0.2977386474609374,0.366790771484375,0.1617203524835713,0.14624328613281248,0.12930603027343748,0.2450347900390624,0.3140869140625,0.09820556640625,,冷环,观测最佳,"[0,30]秒"
3,best,validation,403.0,Cold,time_30_100_s,30.0,100.0,False,True,70,0.2991250218162457,0.2713091169084822,-0.2675040108816965,0.43168182373046876,0.43572998046875,0.34705973803120993,0.3210013253348214,-0.3202078683035714,0.48438568115234376,0.488433837890625,-0.076507568359375,,冷环,观测最佳,"(30,100]秒"
3,best,validation,403.0,Cold,time_100_200_s,100.0,200.0,False,True,26,0.028488840350644414,0.019756610576923076,-0.01864858774038462,0.05853271484375,0.071868896484375,0.07453197723425126,0.07135244516225961,-0.07135244516225961,0.111236572265625,0.12457275390625,-0.020904541015625,,冷环,观测最佳,"(100,200]秒"
3,best,validation,630.5,Cold,time_0_30_s,0.0,30.0,True,True,30,0.3937709645951494,0.32702534993489585,-0.32702534993489585,0.7411743164062499,0.77362060546875,0.42655961051860053,0.37740173339843747,0.3658457438151042,0.5857406616210937,0.62237548828125,-0.218658447265625,,冷环,观测最佳,"[0,30]秒"
3,best,validation,630.5,Cold,time_30_100_s,30.0,100.0,False,True,70,0.6210977065040889,0.6060062953404016,-0.6060062953404016,0.7496734619140625,0.753082275390625,0.16144418303296437,0.11796569824218751,0.0868647984095982,0.37090606689453115,0.41265869140625,-0.751129150390625,,冷环,观测最佳,"(30,100]秒"
3,best,validation,630.5,Cold,time_100_200_s,100.0,200.0,False,True,50,0.7039946153186155,0.7010205078124999,-0.7010205078124999,0.7521865844726563,0.75347900390625,0.06515427056971874,0.056343994140625006,-0.008149414062499999,0.13160552978515622,0.162689208984375,-0.530181884765625,,冷环,观测最佳,"(100,200]秒"
3,final,validation,115.2,Top,time_0_30_s,0.0,30.0,True,True,606,3.5557378902537127,3.2717076166234786,-3.2717076166234786,5.843437194824219,6.279876708984375,1.8084113303494658,1.574810720512969,1.574810720512969,3.1310272216796875,3.462646484375,-3.902923583984375,,顶部,训练末,"[0,30]秒"
3,final,validation,115.2,Top,time_30_100_s,30.0,100.0,False,True,1313,3.366140076278306,2.807649913128332,-2.3770055603817593,5.7598327636718745,6.1439208984375,2.8688149597047197,2.5030974528304695,2.469512776754689,5.033111572265624,6.079254150390625,-6.130401611328125,,顶部,训练末,"(30,100]秒"
3,final,validation,115.2,Top,time_100_200_s,100.0,200.0,False,True,0,,,,,,,,,,,,预登记时间窗内无观测，不外推真值,顶部,训练末,"(100,200]秒"
3,final,validation,403.0,Top,time_0_30_s,0.0,30.0,True,True,606,3.1182271391686114,2.3891711345206788,1.6686894885777643,6.12725830078125,7.035888671875,4.332244758159627,3.6651087594110976,-3.6651087594110976,7.0853424072265625,8.051971435546875,0.910430908203125,,顶部,训练末,"[0,30]秒"
3,final,validation,403.0,Top,time_30_100_s,30.0,100.0,False,True,1414,2.185095362065096,1.6597326726563753,-1.5104761366356843,4.611434936523435,9.181549072265625,6.963382661123709,6.839493512307675,-6.839493512307675,8.804374694824219,9.233123779296875,-0.88641357421875,,顶部,训练末,"(30,100]秒"
3,final,validation,403.0,Top,time_100_200_s,100.0,200.0,False,True,404,1.9017790189985084,1.1387289763486934,-0.693812169509906,4.597343444824214,9.363006591796875,6.0881694634967705,6.00993591885416,-6.00993591885416,7.218048095703125,7.380767822265625,-1.1265869140625,,顶部,训练末,"(100,200]秒"
3,final,validation,630.5,Top,time_0_30_s,0.0,30.0,True,True,606,11.35073973526303,10.24313063535179,9.645304850926676,18.0087890625,19.951751708984375,5.648991065027185,4.320645278584916,-2.764966517002218,11.23779296875,11.730133056640625,8.96026611328125,,顶部,训练末,"[0,30]秒"
3,final,validation,630.5,Top,time_30_100_s,30.0,100.0,False,True,1414,3.868588104056818,2.735209572114418,0.5989556063027246,7.9075927734374885,14.936279296875,13.96552074082153,12.84551816294195,-12.797668798480123,18.220028686523435,18.877593994140625,2.4384765625,,顶部,训练末,"(30,100]秒"
3,final,validation,630.5,Top,time_100_200_s,100.0,200.0,False,True,909,6.795524344974209,4.584415909918476,-2.404621178081105,15.321752929687454,30.4664306640625,17.03499707009022,16.026213115420347,-16.026213115420347,24.17968139648437,28.146331787109375,0.09698486328125,,顶部,训练末,"(100,200]秒"
3,final,validation,115.2,Hot,time_0_30_s,0.0,30.0,True,True,30,1.5226594881302542,1.4821655273437502,-1.4821655273437502,1.9460479736328122,2.0040283203125,0.8686923971835981,0.7955810546875,-0.7955810546875,1.2594635009765622,1.31744384765625,-2.0040283203125,,热环,训练末,"[0,30]秒"
3,final,validation,115.2,Hot,time_30_100_s,30.0,100.0,False,True,70,2.7104135760173573,2.697766985212053,-2.697766985212053,3.0507598876953126,3.07220458984375,2.028114924103006,2.0111825125558034,-2.0111825125558034,2.3641754150390626,2.3856201171875,-2.95196533203125,,热环,训练末,"(30,100]秒"
3,final,validation,115.2,Hot,time_100_200_s,100.0,200.0,False,True,0,,,,,,,,,,,,预登记时间窗内无观测，不外推真值,热环,训练末,"(100,200]秒"
3,final,validation,403.0,Hot,time_0_30_s,0.0,30.0,True,True,30,0.46845600329385656,0.43808898925781253,0.43808898925781253,0.6468109130859375,0.679962158203125,0.20673539424400686,0.17719217936197917,0.12333068847656248,0.33205261230468747,0.365203857421875,0.055877685546875,,热环,训练末,"[0,30]秒"
3,final,validation,403.0,Hot,time_30_100_s,30.0,100.0,False,True,70,0.6630421515482122,0.5980172293526784,-0.5971444266183035,0.9271408081054687,0.931488037109375,0.9563524521467618,0.9119027273995535,-0.9119027273995535,1.2418991088867188,1.246246337890625,-0.903106689453125,,热环,训练末,"(30,100]秒"
3,final,validation,403.0,Hot,time_100_200_s,100.0,200.0,False,True,26,0.697658599919303,0.6763000488281251,-0.6763000488281251,0.8818817138671875,0.89752197265625,1.00575465115847,0.991058349609375,-0.991058349609375,1.1966400146484375,1.2122802734375,-0.330413818359375,,热环,训练末,"(100,200]秒"
3,final,validation,630.5,Hot,time_0_30_s,0.0,30.0,True,True,30,0.29178272232781377,0.20837300618489582,-0.08538309733072919,0.6237136840820311,0.751495361328125,0.30631884767864337,0.20133158365885415,-0.12642923990885419,0.6647598266601561,0.79254150390625,0.02679443359375,,热环,训练末,"[0,30]秒"
3,final,validation,630.5,Hot,time_30_100_s,30.0,100.0,False,True,70,1.3146917469725001,1.0618351527622767,-1.0618351527622767,2.3368438720703124,2.5146484375,1.34806069949674,1.102881295340402,-1.102881295340402,2.3778900146484374,2.555694580078125,-2.0950927734375,,热环,训练末,"(30,100]秒"
3,final,validation,630.5,Hot,time_100_200_s,100.0,200.0,False,True,50,2.580970307709007,2.39656494140625,-2.323758544921875,3.230230712890625,3.23956298828125,2.6179868533283486,2.4312915039062504,-2.3648046875,3.27127685546875,3.280609130859375,0.8797607421875,,热环,训练末,"(100,200]秒"
3,final,validation,115.2,Cold,time_0_30_s,0.0,30.0,True,True,30,0.527693684027114,0.4959035237630208,-0.4959035237630208,0.7872222900390623,0.851654052734375,0.34813374181170986,0.2996693929036458,-0.29775288899739577,0.5890716552734373,0.65350341796875,-0.846954345703125,,冷环,训练末,"[0,30]秒"
3,final,validation,115.2,Cold,time_30_100_s,30.0,100.0,False,True,70,1.7931364708649984,1.7557451520647318,-1.7557451520647318,2.2648895263671873,2.324493408203125,1.5996243447971183,1.5575945172991073,-1.5575945172991073,2.0667388916015623,2.1263427734375,-1.814605712890625,,冷环,训练末,"(30,100]秒"
3,final,validation,115.2,Cold,time_100_200_s,100.0,200.0,False,True,0,,,,,,,,,,,,预登记时间窗内无观测，不外推真值,冷环,训练末,"(100,200]秒"
3,final,validation,403.0,Cold,time_0_30_s,0.0,30.0,True,True,30,0.15149332236248075,0.12358907063802085,0.11163838704427087,0.2921691894531249,0.357330322265625,0.1668843362587552,0.14744364420572914,-0.13176981608072916,0.2815032958984374,0.34002685546875,-0.09661865234375,,冷环,训练末,"[0,30]秒"
3,final,validation,403.0,Cold,time_30_100_s,30.0,100.0,False,True,70,0.5883997131336398,0.571341814313616,-0.571341814313616,0.7216720581054688,0.73077392578125,0.8268012727063256,0.8147500174386161,-0.8147500174386161,0.9650802612304688,0.97418212890625,-0.458465576171875,,冷环,训练末,"(30,100]秒"
3,final,validation,403.0,Cold,time_100_200_s,100.0,200.0,False,True,26,0.4280260827034506,0.4278752253605769,-0.4278752253605769,0.44744110107421875,0.456817626953125,0.6713795948317519,0.671283428485577,-0.671283428485577,0.6908493041992188,0.700225830078125,-0.438507080078125,,冷环,训练末,"(100,200]秒"
3,final,validation,630.5,Cold,time_0_30_s,0.0,30.0,True,True,30,0.3586575645862836,0.3407379150390624,-0.3407379150390624,0.4946502685546874,0.517730712890625,0.11410589511263179,0.10121358235677083,-0.022073364257812502,0.19568939208984373,0.199066162109375,-0.474609375,,冷环,训练末,"[0,30]秒"
3,final,validation,630.5,Cold,time_30_100_s,30.0,100.0,False,True,70,0.9610242325779964,0.9517582484654017,-0.9517582484654017,1.0873199462890626,1.108245849609375,0.6469400606915525,0.6330936976841516,-0.6330936976841516,0.7686553955078125,0.789581298828125,-1.108245849609375,,冷环,训练末,"(30,100]秒"
3,final,validation,630.5,Cold,time_100_200_s,100.0,200.0,False,True,50,1.2113400717954679,1.2082910156250002,-1.2082910156250002,1.3112411499023438,1.315093994140625,0.8937633009067574,0.8896264648437501,-0.8896264648437501,0.9925765991210938,0.996429443359375,-0.964691162109375,,冷环,训练末,"(100,200]秒"
4,best,validation,115.2,Top,time_0_30_s,0.0,30.0,True,True,606,2.7517860945661967,1.7717253933645316,-1.7715372519918005,6.5329742431640625,7.58612060546875,5.029350778538423,4.565126324644183,4.565126324644183,6.356292724609375,7.007232666015625,-0.618927001953125,,顶部,观测最佳,"[0,30]秒"
4,best,validation,115.2,Top,time_30_100_s,30.0,100.0,False,True,1313,1.0224265195319409,0.83648681640625,0.3777404459759377,1.9300231933593743,3.885162353515625,6.762287496814697,6.714404022611921,6.714404022611921,7.877777099609374,8.700103759765625,0.314605712890625,,顶部,观测最佳,"(30,100]秒"
4,best,validation,115.2,Top,time_100_200_s,100.0,200.0,False,True,0,,,,,,,,,,,,预登记时间窗内无观测，不外推真值,顶部,观测最佳,"(100,200]秒"
4,best,validation,403.0,Top,time_0_30_s,0.0,30.0,True,True,606,4.196170358500991,3.519055004560515,3.339182787602491,7.105049133300781,7.920806884765625,3.4969370570130125,2.722847966864557,-1.5628881171198175,6.1584625244140625,6.837066650390625,0.219024658203125,,顶部,观测最佳,"[0,30]秒"
4,best,validation,403.0,Top,time_30_100_s,30.0,100.0,False,True,1414,1.534871946914266,1.232477155462433,0.31197919979336675,2.650930786132812,7.316131591796875,5.2334280226637775,4.739850915502471,-4.587567170629706,7.704042053222656,8.147705078125,0.40338134765625,,顶部,观测最佳,"(30,100]秒"
4,best,validation,403.0,Top,time_100_200_s,100.0,200.0,False,True,404,1.9375949976439577,1.5458627041816733,0.9106039513333669,3.490394592285155,7.34503173828125,4.482486326001223,4.005568864760017,-3.9822415834001577,6.003887939453125,6.426025390625,-0.2877197265625,,顶部,观测最佳,"(100,200]秒"
4,best,validation,630.5,Top,time_0_30_s,0.0,30.0,True,True,606,11.225229456554835,10.337860619687222,10.098069510519498,16.837928771972656,17.56439208984375,6.041345271963722,4.747061852075109,-4.206904410891407,11.577857971191406,13.504913330078125,8.2197265625,,顶部,观测最佳,"[0,30]秒"
4,best,validation,630.5,Top,time_30_100_s,30.0,100.0,False,True,1414,3.4989585042245617,2.2062562990650347,-0.1728084371081019,7.463198852539045,15.439208984375,15.146569153570747,14.838213471929922,-14.838213471929922,18.19403991699219,18.972991943359375,-0.88677978515625,,顶部,观测最佳,"(30,100]秒"
4,best,validation,630.5,Top,time_100_200_s,100.0,200.0,False,True,909,6.855214410907224,4.534206031315859,-3.351165882752224,15.511315917968746,28.90765380859375,18.624359404669008,18.11121520761229,-18.11121520761229,25.162109375,29.1470947265625,-3.3653564453125,,顶部,观测最佳,"(100,200]秒"
4,best,validation,115.2,Hot,time_0_30_s,0.0,30.0,True,True,30,2.242584946191825,2.1985819498697916,2.1985819498697916,2.751850891113281,2.7601318359375,1.0016660799350499,0.8988382975260417,0.8988382975260417,1.4521072387695313,1.46038818359375,1.99188232421875,,热环,观测最佳,"[0,30]秒"
4,best,validation,115.2,Hot,time_30_100_s,30.0,100.0,False,True,70,1.3205330709343766,1.2809618268694198,1.2809618268694198,1.827545166015625,1.93792724609375,0.32139873444505385,0.28680725097656246,-0.018781825474330348,0.5278015136718749,0.63818359375,1.013092041015625,,热环,观测最佳,"(30,100]秒"
4,best,validation,115.2,Hot,time_100_200_s,100.0,200.0,False,True,0,,,,,,,,,,,,预登记时间窗内无观测，不外推真值,热环,观测最佳,"(100,200]秒"
4,best,validation,403.0,Hot,time_0_30_s,0.0,30.0,True,True,30,2.50722370287333,2.4915313720703125,2.4915313720703125,2.894972229003906,2.948455810546875,0.2890546149497223,0.2585133870442708,0.0714874267578125,0.47492828369140605,0.528411865234375,2.622314453125,,热环,观测最佳,"[0,30]秒"
4,best,validation,403.0,Hot,time_30_100_s,30.0,100.0,False,True,70,1.8882472128770693,1.8202584402901785,1.8202584402901785,2.4587860107421875,2.59857177734375,0.7822272045417927,0.6136823381696429,-0.5997855050223214,1.1776748657226563,1.185028076171875,1.35498046875,,热环,观测最佳,"(30,100]秒"
4,best,validation,403.0,Hot,time_100_200_s,100.0,200.0,False,True,26,1.6035467785088662,1.5943145751953125,1.5943145751953125,1.8979644775390625,1.948333740234375,0.843417037330928,0.8257293701171875,-0.8257293701171875,1.0357818603515625,1.05548095703125,1.948333740234375,,热环,观测最佳,"(100,200]秒"
4,best,validation,630.5,Hot,time_0_30_s,0.0,30.0,True,True,30,2.8238120215902636,2.792208862304687,2.792208862304687,3.3844970703125,3.396240234375,0.7364359449334337,0.6040313720703125,-0.6040313720703125,1.2892623901367186,1.38848876953125,2.670440673828125,,热环,观测最佳,"[0,30]秒"
4,best,validation,630.5,Hot,time_30_100_s,30.0,100.0,False,True,70,2.0598264014366907,2.0208953857421874,2.0208953857421874,2.5521621704101562,2.583709716796875,1.4319357864800977,1.3753448486328126,-1.3753448486328126,1.9909576416015624,2.097412109375,1.36334228515625,,热环,观测最佳,"(30,100]秒"
4,best,validation,630.5,Hot,time_100_200_s,100.0,200.0,False,True,50,1.95667005190004,1.5884735107421872,1.5884735107421872,4.249636840820312,5.279296875,2.1385345741294453,2.0189031982421874,-1.8077667236328123,2.612896728515625,2.618133544921875,5.279296875,,热环,观测最佳,"(100,200]秒"
4,best,validation,115.2,Cold,time_0_30_s,0.0,30.0,True,True,30,1.7956055938716649,1.779377237955729,1.779377237955729,2.165858459472656,2.181976318359375,0.25388218294913484,0.21040547688802083,0.08025004069010415,0.4667312622070312,0.48284912109375,1.42645263671875,,冷环,观测最佳,"[0,30]秒"
4,best,validation,115.2,Cold,time_30_100_s,30.0,100.0,False,True,70,0.6542462461725641,0.5576224190848214,0.15662318638392855,1.222645568847656,1.370849609375,1.6681804313994206,1.5425040108816963,-1.5425040108816963,2.376806640625,2.421844482421875,0.471923828125,,冷环,观测最佳,"(30,100]秒"
4,best,validation,115.2,Cold,time_100_200_s,100.0,200.0,False,True,0,,,,,,,,,,,,预登记时间窗内无观测，不外推真值,冷环,观测最佳,"(100,200]秒"
4,best,validation,403.0,Cold,time_0_30_s,0.0,30.0,True,True,30,3.295119115768871,3.293629964192709,3.293629964192709,3.436604309082031,3.441192626953125,0.21234423079914586,0.1878397623697917,0.18782552083333334,0.33079986572265624,0.33538818359375,3.312530517578125,,冷环,观测最佳,"[0,30]秒"
4,best,validation,403.0,Cold,time_30_100_s,30.0,100.0,False,True,70,3.128216102705225,3.1273267473493305,3.1273267473493305,3.26416015625,3.3203125,0.07763124439787092,0.05978001185825893,0.021522303989955353,0.15835571289062497,0.214508056640625,3.24053955078125,,冷环,观测最佳,"(30,100]秒"
4,best,validation,403.0,Cold,time_100_200_s,100.0,200.0,False,True,26,3.424214778158992,3.422921987680289,3.422921987680289,3.553253173828125,3.558013916015625,0.33078006308328695,0.31711754432091355,0.31711754432091355,0.44744873046875,0.45220947265625,3.558013916015625,,冷环,观测最佳,"(100,200]秒"
4,best,validation,630.5,Cold,time_0_30_s,0.0,30.0,True,True,30,3.254828350006542,3.241020711263021,3.241020711263021,3.722438049316406,3.779510498046875,0.3250905917927871,0.25890401204427077,0.12645772298177085,0.6078750610351562,0.664947509765625,3.2308349609375,,冷环,观测最佳,"[0,30]秒"
4,best,validation,630.5,Cold,time_30_100_s,30.0,100.0,False,True,70,3.143927102136102,3.1419651576450893,3.1419651576450893,3.3320037841796877,3.34521484375,0.11438291208053934,0.09674944196428568,0.027402169363839286,0.21744079589843748,0.23065185546875,3.066131591796875,,冷环,观测最佳,"(30,100]秒"
4,best,validation,630.5,Cold,time_100_200_s,100.0,200.0,False,True,50,3.3548992120993,3.3503564453125,3.3503564453125,3.6906951904296874,3.824310302734375,0.2933580867749208,0.23888061523437504,0.23579345703125,0.5761322021484374,0.709747314453125,3.824310302734375,,冷环,观测最佳,"(100,200]秒"
4,final,validation,115.2,Top,time_0_30_s,0.0,30.0,True,True,606,4.722592472799094,4.584453872328151,-4.584453872328151,6.344322204589844,7.26177978515625,1.3924764016675126,1.054940151302728,0.7883249918619791,2.8076400756835938,3.027862548828125,-5.685791015625,,顶部,训练末,"[0,30]秒"
4,final,validation,115.2,Top,time_30_100_s,30.0,100.0,False,True,1313,4.781979287360824,4.659185149518933,-4.659185149518933,6.1460632324218745,6.540374755859375,1.4005220409730663,1.00347918984732,0.7135937146711966,3.146179199218749,4.742889404296875,-5.16107177734375,,顶部,训练末,"(30,100]秒"
4,final,validation,115.2,Top,time_100_200_s,100.0,200.0,False,True,0,,,,,,,,,,,,预登记时间窗内无观测，不外推真值,顶部,训练末,"(100,200]秒"
4,final,validation,403.0,Top,time_0_30_s,0.0,30.0,True,True,606,3.9899072232884105,2.8958770953389283,2.1709927599815644,8.349662780761719,9.857513427734375,5.641596265078834,4.821804789426697,-4.821804789426697,8.767059326171875,9.820526123046875,0.151336669921875,,顶部,训练末,"[0,30]秒"
4,final,validation,403.0,Top,time_30_100_s,30.0,100.0,False,True,1414,2.473246105476743,1.8792122840678798,-1.811918933067856,5.265538024902341,10.122711181640625,8.96902888937781,8.804281146583822,-8.804281146583822,10.815086364746094,11.532684326171875,-1.51995849609375,,顶部,训练末,"(30,100]秒"
4,final,validation,403.0,Top,time_100_200_s,100.0,200.0,False,True,404,2.066339596371277,1.55521593102507,-1.2506479641073862,4.414503479003899,9.285675048828125,8.541691612470451,8.241905474707151,-8.241905474707151,10.925794982910157,11.202911376953125,-1.3411865234375,,顶部,训练末,"(100,200]秒"
4,final,validation,630.5,Top,time_0_30_s,0.0,30.0,True,True,606,8.087599104093735,6.836966974519428,5.132911425761525,14.108848571777344,17.631591796875,7.0411055574366355,5.416100730892467,-5.415236483538691,12.544441223144531,13.862335205078125,2.74761962890625,,顶部,训练末,"[0,30]秒"
4,final,validation,630.5,Top,time_30_100_s,30.0,100.0,False,True,1414,7.621453914890958,5.95924816157314,-5.916989891638327,16.222344970703123,24.9952392578125,17.30043119027443,17.137241875644357,-17.137241875644357,20.10178985595703,20.96807861328125,-2.90374755859375,,顶部,训练末,"(30,100]秒"
4,final,validation,630.5,Top,time_100_200_s,100.0,200.0,False,True,909,7.528692010438534,5.942033559319127,-5.942033559319127,16.391381835937473,26.482421875,17.51169892715244,17.321960675289205,-17.321960675289205,20.705462646484374,23.339019775390625,-2.4248046875,,顶部,训练末,"(100,200]秒"
4,final,validation,115.2,Hot,time_0_30_s,0.0,30.0,True,True,30,0.8596062283393476,0.7581624348958333,0.7572041829427083,1.2414382934570312,1.25665283203125,0.8466241522075848,0.7452819824218749,0.7424336751302083,1.2266677856445312,1.24188232421875,0.77850341796875,,热环,训练末,"[0,30]秒"
4,final,validation,115.2,Hot,time_30_100_s,30.0,100.0,False,True,70,0.7666431231075594,0.7659676688058035,0.7659676688058035,0.8232147216796875,0.833404541015625,0.7518858844510347,0.7511971609933036,0.7511971609933036,0.8084442138671875,0.818634033203125,0.76904296875,,热环,训练末,"(30,100]秒"
4,final,validation,115.2,Hot,time_100_200_s,100.0,200.0,False,True,0,,,,,,,,,,,,预登记时间窗内无观测，不外推真值,热环,训练末,"(100,200]秒"
4,final,validation,403.0,Hot,time_0_30_s,0.0,30.0,True,True,30,0.657693820405916,0.617035929361979,0.617035929361979,0.9601867675781248,0.992950439453125,0.41551289251250745,0.3475962320963541,0.3475962320963541,0.6907470703124998,0.7235107421875,0.78240966796875,,热环,训练末,"[0,30]秒"
4,final,validation,403.0,Hot,time_30_100_s,30.0,100.0,False,True,70,0.37696782838055487,0.34674944196428575,-0.004561070033482137,0.6046768188476562,0.750457763671875,0.46600467889775593,0.41517682756696433,-0.27400076729910716,0.6469802856445312,0.65606689453125,-0.29827880859375,,热环,训练末,"(30,100]秒"
4,final,validation,403.0,Hot,time_100_200_s,100.0,200.0,False,True,26,0.2365681247480509,0.2246516301081731,-0.2246516301081731,0.29364776611328125,0.298126220703125,0.4996222198046757,0.49409132737379813,-0.49409132737379813,0.5630874633789062,0.56756591796875,-0.041015625,,热环,训练末,"(100,200]秒"
4,final,validation,630.5,Hot,time_0_30_s,0.0,30.0,True,True,30,2.0554131728311953,1.8535105387369788,1.8535105387369788,3.0821823120117187,3.104736328125,1.439297034611845,1.132410685221354,1.132410685221354,2.3610824584960937,2.383636474609375,3.08642578125,,热环,训练末,"[0,30]秒"
4,final,validation,630.5,Hot,time_30_100_s,30.0,100.0,False,True,70,3.2131791963776197,3.201203264508929,3.201203264508929,3.6722198486328126,3.719879150390625,2.495542253008737,2.480103410993304,2.480103410993304,2.9511199951171876,2.998779296875,2.743621826171875,,热环,训练末,"(30,100]秒"
4,final,validation,630.5,Hot,time_100_200_s,100.0,200.0,False,True,50,1.9906649143414565,1.9168774414062502,1.9168774414062502,2.7280822753906246,3.466156005859375,1.3108057504906776,1.195777587890625,1.195777587890625,2.0069824218749996,2.74505615234375,3.466156005859375,,热环,训练末,"(100,200]秒"
4,final,validation,115.2,Cold,time_0_30_s,0.0,30.0,True,True,30,0.4016458217490807,0.36538391113281254,0.36538391113281254,0.628424072265625,0.661529541015625,0.17707535381547596,0.15544331868489586,-0.0595123291015625,0.2870025634765625,0.295745849609375,0.192138671875,,冷环,训练末,"[0,30]秒"
4,final,validation,115.2,Cold,time_30_100_s,30.0,100.0,False,True,70,0.7381489599969092,0.614115251813616,-0.5915924072265625,1.155535888671875,1.18402099609375,1.1082109371745823,1.0164886474609376,-1.0164886474609376,1.58043212890625,1.608917236328125,-0.575897216796875,,冷环,训练末,"(30,100]秒"
4,final,validation,115.2,Cold,time_100_200_s,100.0,200.0,False,True,0,,,,,,,,,,,,预登记时间窗内无观测，不外推真值,冷环,训练末,"(100,200]秒"
4,final,validation,403.0,Cold,time_0_30_s,0.0,30.0,True,True,30,0.28478934637716624,0.24860941569010414,0.2267384847005208,0.42687225341796875,0.452362060546875,0.23811550258015443,0.21323954264322917,0.16433003743489583,0.36446380615234375,0.38995361328125,0.203094482421875,,冷环,训练末,"[0,30]秒"
4,final,validation,403.0,Cold,time_30_100_s,30.0,100.0,False,True,70,0.5401941137459254,0.48255615234374993,-0.46393258231026785,0.76671142578125,0.76885986328125,0.5946520991400629,0.5350054059709821,-0.5263410295758928,0.829119873046875,0.831268310546875,-0.75347900390625,,冷环,训练末,"(30,100]秒"
4,final,validation,403.0,Cold,time_100_200_s,100.0,200.0,False,True,26,0.7133770116024579,0.7128812349759615,-0.7128812349759615,0.7471847534179688,0.753631591796875,0.7757455748454267,0.7752896822415867,-0.7752896822415867,0.8095932006835938,0.8160400390625,-0.663787841796875,,冷环,训练末,"(100,200]秒"
4,final,validation,630.5,Cold,time_0_30_s,0.0,30.0,True,True,30,0.9228656064836926,0.9013600667317707,0.9013600667317707,1.1521011352539063,1.18701171875,0.5236392803295435,0.4847340901692708,0.4847340901692708,0.7354751586914062,0.7703857421875,1.18701171875,,冷环,训练末,"[0,30]秒"
4,final,validation,630.5,Cold,time_30_100_s,30.0,100.0,False,True,70,0.7594383092779657,0.654658726283482,0.654658726283482,1.1534271240234375,1.186676025390625,0.4525793716461189,0.40060250418526777,0.2380327497209822,0.7368011474609375,0.770050048828125,0.021270751953125,,冷环,训练末,"(30,100]秒"
4,final,validation,630.5,Cold,time_100_200_s,100.0,200.0,False,True,50,0.23827973998482443,0.197490234375,-0.076927490234375,0.44156494140624974,0.6944580078125,0.5426365453235615,0.5139526367187501,-0.493553466796875,0.6829315185546875,0.68817138671875,0.6944580078125,,冷环,训练末,"(100,200]秒"
