种子,模型状态原标识,划分原标识,功率_瓦,模态原标识,径向窗原标识,下界_毫米,上界_毫米,下界闭端点,上界闭端点,实测点数,绝对RMSE_摄氏度,绝对MAE_摄氏度,有符号偏差_摄氏度,绝对误差经验p95_摄氏度,最大绝对误差_摄氏度,首实测差分RMSE_摄氏度,首实测差分MAE_摄氏度,首实测差分有符号偏差_摄氏度,首实测差分绝对误差经验p95_摄氏度,首实测差分最大绝对误差_摄氏度,有符号峰值误差_摄氏度,空窗原因,模态中文名称,模型状态中文名称,径向窗中文名称
0,best,validation,115.2,Top,center_0_8_mm,0.0,8.0,True,True,608,2.3373848582085937,1.9939918016132554,-1.9939625890631425,4.403573608398437,5.654998779296875,2.8525714871047363,2.6535975305657633,2.6535975305657633,3.6826217651367186,3.72369384765625,-2.01812744140625,,顶部,观测最佳,"中心[0,8]毫米"
0,best,validation,115.2,Top,middle_8_17_mm,8.0,17.0,False,True,684,1.0827849040169866,0.7846860829849689,-0.3884150633337903,2.3114028930664063,3.643829345703125,2.5017711188439824,2.327647694370203,2.327647694370203,3.6829132080078124,4.1845703125,-0.225250244140625,,顶部,观测最佳,"中圈(8,17]毫米"
0,best,validation,115.2,Top,outer_17_25_mm,17.0,25.0,False,True,627,1.0424153751893677,0.7728637500623007,0.22442987128688194,2.0963317871093725,2.8804931640625,1.9796996524226451,1.7084592974357058,1.695306854004685,3.5014892578125,4.28936767578125,0.0914306640625,,顶部,观测最佳,"外圈(17,25]毫米"
0,best,validation,403.0,Top,center_0_8_mm,0.0,8.0,True,True,768,2.5744451991507957,2.3096313619426816,-1.510401695881059,3.973164367675781,4.767913818359375,5.704247428736826,5.3189745219668545,-5.317306488666704,7.486827087402343,8.58935546875,-3.324462890625,,顶部,观测最佳,"中心[0,8]毫米"
0,best,validation,403.0,Top,middle_8_17_mm,8.0,17.0,False,True,864,3.3364021601276903,2.9209886245507097,-2.50350091095121,5.552896118164062,6.31719970703125,6.173920510596584,5.711909857622523,-5.711909857622523,9.041856384277343,9.817779541015625,-0.8560791015625,,顶部,观测最佳,"中圈(8,17]毫米"
0,best,validation,403.0,Top,outer_17_25_mm,17.0,25.0,False,True,792,2.6318118654122222,1.9875793945217213,-1.7226466124372135,5.778637695312492,9.512298583984375,1.9674427320408112,1.582752797516266,-1.083144849844769,3.8463928222656247,5.515380859375,-0.99224853515625,,顶部,观测最佳,"外圈(17,25]毫米"
0,best,validation,630.5,Top,center_0_8_mm,0.0,8.0,True,True,928,5.992213106707127,3.596861329489161,2.2335218187301034,15.476068115234371,18.013427734375,11.994198100032284,11.08204988411085,-10.624865073879743,15.10079345703125,16.044952392578125,-2.38592529296875,,顶部,观测最佳,"中心[0,8]毫米"
0,best,validation,630.5,Top,middle_8_17_mm,8.0,17.0,False,True,1044,5.0612447958366005,3.548396797870823,1.5237869574325824,11.09446411132812,14.40093994140625,10.626474079339035,9.271946493673372,-8.986625104212273,15.9474853515625,16.624114990234375,-0.30743408203125,,顶部,观测最佳,"中圈(8,17]毫米"
0,best,validation,630.5,Top,outer_17_25_mm,17.0,25.0,False,True,957,7.163641533769201,4.995935671583178,-3.0227335390153645,14.646679687499999,26.3240966796875,7.362438228462916,6.218296942732415,5.097889846006659,12.869006347656248,14.71636962890625,1.4068603515625,,顶部,观测最佳,"外圈(17,25]毫米"
0,final,validation,115.2,Top,center_0_8_mm,0.0,8.0,True,True,608,6.035187302080634,5.931222614489103,-5.931222614489103,10.162928771972656,10.77728271484375,4.651024842111654,4.5193379552740796,4.5193379552740796,5.206385803222656,5.288116455078125,-6.171295166015625,,顶部,训练末,"中心[0,8]毫米"
0,final,validation,115.2,Top,middle_8_17_mm,8.0,17.0,False,True,684,5.008279402625724,4.817512824521427,-4.817512824521427,9.155490112304689,10.1279296875,5.0100616727508775,4.841136196203399,4.841136196203399,6.242431640625,7.16741943359375,-5.341094970703125,,顶部,训练末,"中圈(8,17]毫米"
0,final,validation,115.2,Top,outer_17_25_mm,17.0,25.0,False,True,627,4.470374614986881,4.179361297753439,-4.179361297753439,8.825827026367188,9.796966552734375,5.112764656521911,4.883838756993247,4.883838756993247,6.811325073242185,7.5985107421875,-4.416748046875,,顶部,训练末,"外圈(17,25]毫米"
0,final,validation,403.0,Top,center_0_8_mm,0.0,8.0,True,True,768,2.033917135154115,1.869861957170075,-1.7436872881736034,3.23883056640625,3.817962646484375,2.8363106218592344,2.6094257273009522,-2.6014791888083693,4.3986267089843745,5.100341796875,-1.87548828125,,顶部,训练末,"中心[0,8]毫米"
0,final,validation,403.0,Top,middle_8_17_mm,8.0,17.0,False,True,864,2.68622654015237,2.413582446808906,-2.143748344588148,4.231733703613281,4.4783935546875,4.420597451246548,4.11942490158149,-4.119383840080103,6.322023010253906,6.590423583984375,-2.1939697265625,,顶部,训练末,"中圈(8,17]毫米"
0,final,validation,403.0,Top,outer_17_25_mm,17.0,25.0,False,True,792,3.936398000759444,2.930733993320093,-2.629429173641631,8.63027801513671,11.49615478515625,2.440693495020826,1.9651540816765678,0.6735761852372282,4.496054077148437,5.602203369140625,-0.182861328125,,顶部,训练末,"外圈(17,25]毫米"
0,final,validation,630.5,Top,center_0_8_mm,0.0,8.0,True,True,928,4.8012907138204515,3.915476010440374,2.9688447899763193,9.461624145507812,11.90008544921875,7.23646070098644,6.319289583374047,-6.175453041264577,12.794369506835936,16.3529052734375,2.28033447265625,,顶部,训练末,"中心[0,8]毫米"
0,final,validation,630.5,Top,middle_8_17_mm,8.0,17.0,False,True,1044,4.234875399112103,3.4383401272721015,0.34853476180135395,8.319754028320311,9.08038330078125,8.287907027724387,7.23915614243465,-7.005868974736087,12.899481201171874,16.736846923828125,1.5823974609375,,顶部,训练末,"中圈(8,17]毫米"
0,final,validation,630.5,Top,outer_17_25_mm,17.0,25.0,False,True,957,9.64228311202126,7.395637214784685,-6.060079895633166,18.44114990234375,31.51165771484375,5.537203912462153,4.333164618556003,2.0927211385717115,10.59633178710937,15.32806396484375,1.0404052734375,,顶部,训练末,"外圈(17,25]毫米"
1,best,validation,115.2,Top,center_0_8_mm,0.0,8.0,True,True,608,1.5440676182097954,1.1081547486154657,0.5343456770244398,4.326017761230468,5.2330322265625,5.360157967921911,5.166984608298854,5.166984608298854,6.597285461425781,6.82403564453125,-0.078826904296875,,顶部,观测最佳,"中心[0,8]毫米"
1,best,validation,115.2,Top,middle_8_17_mm,8.0,17.0,False,True,684,1.5491595906561235,0.8226071631002148,-0.546112997490063,5.331549072265626,6.081268310546875,5.510021122549003,5.316479911581117,5.316479911581117,6.632794189453126,7.792144775390625,-0.277801513671875,,顶部,观测最佳,"中圈(8,17]毫米"
1,best,validation,115.2,Top,outer_17_25_mm,17.0,25.0,False,True,627,1.9678039660647162,1.3864670651571223,-0.46682398551198667,5.761868286132812,6.944061279296875,5.8755497844311835,5.5701670182758924,5.5701670182758924,7.889520263671871,8.969390869140625,0.2325439453125,,顶部,观测最佳,"外圈(17,25]毫米"
1,best,validation,403.0,Top,center_0_8_mm,0.0,8.0,True,True,768,1.4818389886138064,1.083904753812336,0.610145854519477,3.498237609863281,4.3055419921875,3.2804473500417455,3.000375435546682,-2.997204494906793,4.61273193359375,5.275360107421875,1.74884033203125,,顶部,观测最佳,"中心[0,8]毫米"
1,best,validation,403.0,Top,middle_8_17_mm,8.0,17.0,False,True,864,1.4516137425560536,1.2009218669481196,0.4320575265881817,2.9113143920898397,4.395782470703125,2.9193917824930904,2.363311161166592,0.6813861742575997,5.57335968017578,8.520904541015625,1.0418701171875,,顶部,观测最佳,"中圈(8,17]毫米"
1,best,validation,403.0,Top,outer_17_25_mm,17.0,25.0,False,True,792,2.965285199611344,2.1318471641682573,-0.6781610424913666,6.053170776367186,13.82061767578125,8.117919739154821,7.760317479763259,7.760317479763259,11.05298309326172,12.38275146484375,3.219879150390625,,顶部,观测最佳,"外圈(17,25]毫米"
1,best,validation,630.5,Top,center_0_8_mm,0.0,8.0,True,True,928,4.049225556603623,2.8925364357318823,1.2427580991109894,10.657275390625,14.954193115234375,12.820822810163943,12.209049261643088,-12.209049261643088,16.205276489257812,20.106414794921875,1.6474609375,,顶部,观测最佳,"中心[0,8]毫米"
1,best,validation,630.5,Top,middle_8_17_mm,8.0,17.0,False,True,1044,4.321402351624804,3.6432842820090032,1.4280448805546027,7.942935180664063,10.106689453125,6.8266422405439835,5.556460165078366,-3.3104663313739846,12.398320007324216,14.469451904296875,2.97119140625,,顶部,观测最佳,"中圈(8,17]毫米"
1,best,validation,630.5,Top,outer_17_25_mm,17.0,25.0,False,True,957,6.635195777682337,5.086812205508146,-2.3304379269474156,11.717248535156244,25.1170654296875,11.936184796437297,10.723833730711616,10.723002303545046,18.191046142578113,23.434814453125,5.84600830078125,,顶部,观测最佳,"外圈(17,25]毫米"
1,final,validation,115.2,Top,center_0_8_mm,0.0,8.0,True,True,608,6.833874410190689,6.807737902591102,-6.807737902591102,8.170075988769531,8.43707275390625,1.6602900642531069,1.5449613771940534,1.5449613771940534,2.2770187377929685,2.397857666015625,-7.856964111328125,,顶部,训练末,"中心[0,8]毫米"
1,final,validation,115.2,Top,middle_8_17_mm,8.0,17.0,False,True,684,4.794277026094134,4.5457418341385685,-4.5457418341385685,6.4524993896484375,8.26031494140625,2.7439390789391673,2.5577398824412922,2.5577398824412922,4.201600646972657,5.43621826171875,-6.231201171875,,顶部,训练末,"中圈(8,17]毫米"
1,final,validation,115.2,Top,outer_17_25_mm,17.0,25.0,False,True,627,2.172405344250562,1.8183053486655205,-1.633686558481609,4.605059814453124,6.217071533203125,3.6831182985691635,3.421893349484774,3.421893349484774,5.545690917968748,6.591705322265625,-2.25042724609375,,顶部,训练末,"外圈(17,25]毫米"
1,final,validation,403.0,Top,center_0_8_mm,0.0,8.0,True,True,768,2.008730602877406,1.3873294887819392,-0.16440957270375478,3.4488983154296875,7.720947265625,8.037411245387108,7.784577304942525,-7.784577304942525,9.166139221191406,9.345458984375,-0.7503662109375,,顶部,训练末,"中心[0,8]毫米"
1,final,validation,403.0,Top,middle_8_17_mm,8.0,17.0,False,True,864,2.0068239124395713,1.4464068156819505,-0.43865587497846836,3.5850341796874927,7.456390380859375,7.07565591512697,6.791127253960958,-6.791127253960958,8.88499755859375,9.293792724609375,-0.39349365234375,,顶部,训练末,"中圈(8,17]毫米"
1,final,validation,403.0,Top,outer_17_25_mm,17.0,25.0,False,True,792,3.0430539452077565,2.26220010178282,-0.9964296165489543,6.3588882446289015,9.4427490234375,5.9748480821312695,5.615290099262007,-5.582350451362053,7.974839782714843,8.8170166015625,0.517791748046875,,顶部,训练末,"外圈(17,25]毫米"
1,final,validation,630.5,Top,center_0_8_mm,0.0,8.0,True,True,928,5.003519288316886,3.035868872871667,2.300550640446938,14.661288452148437,18.212249755859375,15.01249116710437,14.324444701860996,-14.324444701860996,18.305494689941405,23.355377197265625,0.27691650390625,,顶部,训练末,"中心[0,8]毫米"
1,final,validation,630.5,Top,middle_8_17_mm,8.0,17.0,False,True,1044,5.547514358137934,4.469742576458954,-0.10233705178341812,10.330831909179684,14.47210693359375,14.325475531096908,13.236757349980508,-13.236757349980508,19.000125122070312,20.4700927734375,-0.9423828125,,顶部,训练末,"中圈(8,17]毫米"
1,final,validation,630.5,Top,outer_17_25_mm,17.0,25.0,False,True,957,8.96279110731998,7.388581906806442,-5.330552261334326,16.017065429687495,25.5250244140625,11.52096489152565,10.505901648237705,-10.200464001861953,17.318914794921874,19.1048583984375,-1.67510986328125,,顶部,训练末,"外圈(17,25]毫米"
2,best,validation,115.2,Top,center_0_8_mm,0.0,8.0,True,True,608,2.7109971257573964,2.542099450763903,-2.542099450763903,5.013772583007812,5.55535888671875,2.9274844828391284,2.775201345744886,2.775201345744886,3.6952606201171876,3.925018310546875,-3.310546875,,顶部,观测最佳,"中心[0,8]毫米"
2,best,validation,115.2,Top,middle_8_17_mm,8.0,17.0,False,True,684,1.6915873960926084,1.3315077664559345,-0.8586451212565103,3.677427673339844,4.957305908203125,3.6185636243042674,3.387670728895399,3.387670728895399,5.192886352539063,5.979827880859375,-2.806884765625,,顶部,观测最佳,"中圈(8,17]毫米"
2,best,validation,115.2,Top,outer_17_25_mm,17.0,25.0,False,True,627,1.8911567253578003,1.564370235948091,0.5104558479272578,3.54359130859375,5.118408203125,4.808262264571931,4.487913530218925,4.487913530218925,6.593685913085937,7.123291015625,-0.229888916015625,,顶部,观测最佳,"外圈(17,25]毫米"
2,best,validation,403.0,Top,center_0_8_mm,0.0,8.0,True,True,768,1.9673899058658422,1.5505907685410678,1.0824266870627703,3.9000473022460933,5.020782470703125,3.583676837006209,3.0540736131659156,-3.004386285959691,6.382164001464843,8.042510986328125,0.543212890625,,顶部,观测最佳,"中心[0,8]毫米"
2,best,validation,403.0,Top,middle_8_17_mm,8.0,17.0,False,True,864,2.583894359064341,2.0211809427842513,-0.33828305841587913,5.054142761230457,7.688690185546875,7.579317264416081,7.155788536013572,-7.155788536013572,10.712718200683591,11.212432861328125,-0.78863525390625,,顶部,观测最佳,"中圈(8,17]毫米"
2,best,validation,403.0,Top,outer_17_25_mm,17.0,25.0,False,True,792,2.9584321173641306,2.4992251910333776,1.263913716701247,5.260905456542969,6.969696044921875,2.544920899661239,1.9559078038241646,-0.5762236265434347,5.164447021484372,7.051788330078125,3.06402587890625,,顶部,观测最佳,"外圈(17,25]毫米"
2,best,validation,630.5,Top,center_0_8_mm,0.0,8.0,True,True,928,6.596953619935435,4.929615355392995,4.183609532372653,16.004647827148435,20.956085205078125,14.5004424485256,13.448899976098183,-13.409133125755245,21.187080383300778,27.218597412109375,0.81866455078125,,顶部,观测最佳,"中心[0,8]毫米"
2,best,validation,630.5,Top,middle_8_17_mm,8.0,17.0,False,True,1044,7.417017340697554,5.169124526521149,4.226211905071348,15.451365661621093,22.0064697265625,17.388040469152408,16.076242257634014,-16.072632613308155,24.28706817626953,28.61700439453125,1.7254638671875,,顶部,观测最佳,"中圈(8,17]毫米"
2,best,validation,630.5,Top,outer_17_25_mm,17.0,25.0,False,True,957,8.767434869711561,6.684847893668287,-2.5991466287814458,15.600732421874975,29.950927734375,7.0994992143661655,5.661209075419975,0.3001271159315346,13.638122558593746,19.42449951171875,4.72503662109375,,顶部,观测最佳,"外圈(17,25]毫米"
2,final,validation,115.2,Top,center_0_8_mm,0.0,8.0,True,True,608,6.4465043525765715,6.370301899157072,-6.370301899157072,9.724571228027344,9.9410400390625,3.630406118644767,3.4943955572027905,3.4943955572027905,4.487551879882813,4.81683349609375,-6.609344482421875,,顶部,训练末,"中心[0,8]毫米"
2,final,validation,115.2,Top,middle_8_17_mm,8.0,17.0,False,True,684,4.729239691857528,4.430847614132173,-4.430847614132173,7.643057250976564,9.667449951171875,4.500036334197654,4.2837274116382265,4.2837274116382265,6.167541503906251,7.1671142578125,-6.056671142578125,,顶部,训练末,"中圈(8,17]毫米"
2,final,validation,115.2,Top,outer_17_25_mm,17.0,25.0,False,True,627,2.737841610597676,2.1618294115081738,-2.045621491695325,6.844461059570312,7.5537109375,5.363190011999238,5.057568612471342,5.057568612471342,7.30128173828125,8.058685302734375,-3.03546142578125,,顶部,训练末,"外圈(17,25]毫米"
2,final,validation,403.0,Top,center_0_8_mm,0.0,8.0,True,True,768,1.3663039276451736,1.1027557478131447,-0.5477257340421479,2.933309936523436,3.43768310546875,3.8957427648837206,3.6803970902433196,-3.6803970902433196,5.5080825805664055,6.58477783203125,-1.15936279296875,,顶部,训练末,"中心[0,8]毫米"
2,final,validation,403.0,Top,middle_8_17_mm,8.0,17.0,False,True,864,2.4076549758984296,2.0206129701084623,-1.0457418352113217,3.7748565673828125,7.229034423828125,7.006584962760908,6.683264181166111,-6.683264181166111,9.395077514648436,9.66162109375,-1.58807373046875,,顶部,训练末,"中圈(8,17]毫米"
2,final,validation,403.0,Top,outer_17_25_mm,17.0,25.0,False,True,792,3.1030704722837297,2.2855474086389975,-0.4270443322832032,6.95089874267578,9.768218994140625,4.983405231687849,4.553663352916917,-4.553663352916917,7.51141357421875,8.452239990234375,1.613525390625,,顶部,训练末,"外圈(17,25]毫米"
2,final,validation,630.5,Top,center_0_8_mm,0.0,8.0,True,True,928,6.035346861050797,3.788276954994765,1.4150920503687079,16.0133544921875,20.28985595703125,17.572350583076766,16.541798703192256,-16.53858055285299,24.849719238281246,29.3314208984375,-2.74981689453125,,顶部,训练末,"中心[0,8]毫米"
2,final,validation,630.5,Top,middle_8_17_mm,8.0,17.0,False,True,1044,7.202209137973007,4.727048715951577,3.277109924511435,15.278982543945306,21.69610595703125,18.588437499377367,17.369926714763093,-17.369926714763093,25.264994812011718,29.877197265625,-0.41748046875,,顶部,训练末,"中圈(8,17]毫米"
2,final,validation,630.5,Top,outer_17_25_mm,17.0,25.0,False,True,957,8.801098719433321,6.679828718525158,-2.5091831928278685,15.921569824218746,29.738525390625,8.954360020365584,7.55224512723239,-6.551475924079794,16.822686767578123,21.847259521484375,4.29205322265625,,顶部,训练末,"外圈(17,25]毫米"
3,best,validation,115.2,Top,center_0_8_mm,0.0,8.0,True,True,608,3.057150441459725,2.9073842701159025,-2.903362976877313,4.466909790039063,4.65826416015625,1.4182868397025978,1.1497725436561985,0.9727223044947574,3.1780670166015623,3.35382080078125,-4.31512451171875,,顶部,观测最佳,"中心[0,8]毫米"
3,best,validation,115.2,Top,middle_8_17_mm,8.0,17.0,False,True,684,2.0962159883818066,1.7762100041261193,-1.544162371005231,3.9157058715820314,4.54534912109375,2.9031710437960614,2.621415835374977,2.621415835374977,4.741514587402344,5.57257080078125,-3.86322021484375,,顶部,观测最佳,"中圈(8,17]毫米"
3,best,validation,115.2,Top,outer_17_25_mm,17.0,25.0,False,True,627,1.6323969998921577,1.3103741367467854,0.1823104055304276,3.1161743164062496,3.842376708984375,3.6874187842386337,3.331894626647852,3.331894626647852,5.695822143554685,6.39276123046875,-0.4503173828125,,顶部,观测最佳,"外圈(17,25]毫米"
3,best,validation,403.0,Top,center_0_8_mm,0.0,8.0,True,True,768,2.3601002679563794,1.8329973586561736,1.7805242338934022,5.179679870605468,5.860015869140625,4.271258493567073,3.972572346611969,-3.972572346611969,5.981065368652343,6.866912841796875,1.01458740234375,,顶部,观测最佳,"中心[0,8]毫米"
3,best,validation,403.0,Top,middle_8_17_mm,8.0,17.0,False,True,864,2.151382053974714,1.5056775706894017,0.773113429941439,5.757807922363276,6.428436279296875,5.805781101932684,5.44967494175236,-5.44967494175236,7.906735229492187,8.172821044921875,0.25689697265625,,顶部,观测最佳,"中圈(8,17]毫米"
3,best,validation,403.0,Top,outer_17_25_mm,17.0,25.0,False,True,792,2.8818146401188356,2.364792742778534,0.7822140654588003,5.595046997070311,8.0699462890625,2.4560550965329138,1.9523531064380466,-1.6552837932253692,4.905519104003906,6.3388671875,2.26593017578125,,顶部,观测最佳,"外圈(17,25]毫米"
3,best,validation,630.5,Top,center_0_8_mm,0.0,8.0,True,True,928,6.557738784782396,4.930161497017985,4.311215743066899,16.617990112304685,18.80474853515625,13.524249746387788,12.621562762079954,-12.58132717512663,19.582658386230467,23.134735107421875,0.5380859375,,顶部,观测最佳,"中心[0,8]毫米"
3,best,validation,630.5,Top,middle_8_17_mm,8.0,17.0,False,True,1044,6.548024882729015,5.011579150917242,4.689291066817858,13.518341064453125,15.74462890625,9.820971023805239,8.68063974160474,-8.374671336739123,14.673831176757812,19.43212890625,3.22149658203125,,顶部,观测最佳,"中圈(8,17]毫米"
3,best,validation,630.5,Top,outer_17_25_mm,17.0,25.0,False,True,957,7.710430369895621,5.940872814366436,-0.6763352151929867,14.132739257812492,28.10882568359375,5.5300448330694945,4.185768721522258,0.8918645885682955,10.9557373046875,16.284912109375,4.767578125,,顶部,观测最佳,"外圈(17,25]毫米"
3,final,validation,115.2,Top,center_0_8_mm,0.0,8.0,True,True,608,4.751410336890952,4.665416817916067,-4.665416817916067,6.113591003417969,6.279876708984375,1.5371648924494081,1.271183415463096,1.19865598176655,3.128689575195312,3.462646484375,-6.130401611328125,,顶部,训练末,"中心[0,8]毫米"
3,final,validation,115.2,Top,middle_8_17_mm,8.0,17.0,False,True,684,3.25948990374103,2.9559537207174023,-2.9295838562368646,5.136846923828125,6.255950927734375,2.6439874131506027,2.4292299594098363,2.4292299594098363,4.229237365722656,5.191741943359375,-5.530548095703125,,顶部,训练末,"中圈(8,17]毫米"
3,final,validation,115.2,Top,outer_17_25_mm,17.0,25.0,False,True,627,1.5703300556654294,1.2929081042227373,-0.419863370807167,3.054965209960937,3.9637451171875,3.236974124535978,2.881067692758174,2.881067692758174,5.301791381835933,6.079254150390625,-1.47149658203125,,顶部,训练末,"外圈(17,25]毫米"
3,final,validation,403.0,Top,center_0_8_mm,0.0,8.0,True,True,768,1.7597782216552866,1.2759880908221704,-0.08280038030629794,4.162011718749999,6.110321044921875,6.150155416293955,5.894357196407372,-5.894357196407372,7.618217468261719,8.157440185546875,-1.1265869140625,,顶部,训练末,"中心[0,8]毫米"
3,final,validation,403.0,Top,middle_8_17_mm,8.0,17.0,False,True,864,2.1212948460968026,1.6672899347164094,-0.623723778122077,4.44366149902343,6.793426513671875,7.061166992440322,6.765284060107238,-6.765284060107238,8.9507080078125,9.233123779296875,-0.96990966796875,,顶部,训练末,"中圈(8,17]毫米"
3,final,validation,403.0,Top,outer_17_25_mm,17.0,25.0,False,True,792,3.1453992732721643,2.316486336940874,-1.0147565891999695,6.790547180175781,9.363006591796875,5.371789764733391,4.991853731823576,-4.991853731823576,7.820304870605467,8.773651123046875,0.103912353515625,,顶部,训练末,"外圈(17,25]毫米"
3,final,validation,630.5,Top,center_0_8_mm,0.0,8.0,True,True,928,6.365090696800001,4.4346969080954395,3.35380975662021,17.3453857421875,19.951751708984375,16.881931939180507,15.976503036472144,-15.976503036472144,23.92830657958984,28.146331787109375,0.09698486328125,,顶部,训练末,"中心[0,8]毫米"
3,final,validation,630.5,Top,middle_8_17_mm,8.0,17.0,False,True,1044,6.16097074650869,4.192046974805739,3.0976062889361504,13.69208984375,17.690826416015625,13.021334376486404,11.796375343471091,-11.738325386859747,19.342724609374997,24.270233154296875,1.91632080078125,,顶部,训练末,"中圈(8,17]毫米"
3,final,validation,630.5,Top,outer_17_25_mm,17.0,25.0,False,True,957,8.44205187512757,6.2407813048991025,-3.0676133425675682,14.93212890625,30.4664306640625,7.113274011317525,5.661851364127584,-4.450658046729913,15.816394042968737,21.725738525390625,1.91241455078125,,顶部,训练末,"外圈(17,25]毫米"
4,best,validation,115.2,Top,center_0_8_mm,0.0,8.0,True,True,608,1.722113366249623,1.1304113488448293,-0.05224488910875824,5.854508972167968,6.9613037109375,6.5063119807769185,6.271651518972297,6.271651518972297,7.764341735839844,8.015350341796875,0.314605712890625,,顶部,观测最佳,"中心[0,8]毫米"
4,best,validation,115.2,Top,middle_8_17_mm,8.0,17.0,False,True,684,1.614526635163848,1.0149599041855129,-0.0880865353589867,5.826808166503906,6.288482666015625,6.110647765330042,5.893208732381899,5.893208732381899,7.507240295410156,8.349395751953125,0.753662109375,,顶部,观测最佳,"中圈(8,17]毫米"
4,best,validation,115.2,Top,outer_17_25_mm,17.0,25.0,False,True,627,1.946358844930487,1.260685970908717,-0.774421509373131,6.322680664062498,7.58612060546875,6.198660321458126,5.9622968707168305,5.9622968707168305,8.258847045898435,8.700103759765625,-0.6143798828125,,顶部,观测最佳,"外圈(17,25]毫米"
4,best,validation,403.0,Top,center_0_8_mm,0.0,8.0,True,True,768,2.4583733275499218,1.9177942850732825,1.9108464764615465,5.9454299926757805,7.132049560546875,4.98573328671584,4.742654841072188,-4.74155640134607,6.328125,7.074615478515625,-0.2877197265625,,顶部,观测最佳,"中心[0,8]毫米"
4,best,validation,403.0,Top,middle_8_17_mm,8.0,17.0,False,True,864,2.2765504773791863,1.4984996221562548,0.6563430637434116,5.964791870117187,7.526214599609375,5.898022939307992,5.503782764699341,-5.451292455080036,7.855451965332031,8.147705078125,1.1549072265625,,顶部,观测最佳,"中圈(8,17]毫米"
4,best,validation,403.0,Top,outer_17_25_mm,17.0,25.0,False,True,792,2.8408639917926815,2.184114053218262,1.0014921463242745,6.383407592773436,7.920806884765625,2.5583187731948325,1.9954889008003411,-0.8841797925734817,5.180526733398437,6.37567138671875,1.87860107421875,,顶部,观测最佳,"外圈(17,25]毫米"
4,best,validation,630.5,Top,center_0_8_mm,0.0,8.0,True,True,928,5.667763003813455,3.5393639408949946,1.2723766885139112,14.164062499999998,17.56439208984375,17.055485321650064,16.13316433699386,-16.13316433699386,23.976484680175776,28.890838623046875,-3.3653564453125,,顶部,观测最佳,"中心[0,8]毫米"
4,best,validation,630.5,Top,middle_8_17_mm,8.0,17.0,False,True,1044,6.191969276002255,4.1697779414770935,3.0791422142241704,14.239016723632805,16.681671142578125,13.82058073618683,12.698395169554685,-12.698395169554685,19.256564331054683,24.181671142578125,0.12994384765625,,顶部,观测最佳,"中圈(8,17]毫米"
4,best,validation,630.5,Top,outer_17_25_mm,17.0,25.0,False,True,957,8.897578537002905,6.867304817874601,-1.600500076411276,15.51861572265625,28.90765380859375,12.201959240384028,10.757817546093966,-10.34725160927833,21.7281982421875,29.1470947265625,3.31915283203125,,顶部,观测最佳,"外圈(17,25]毫米"
4,final,validation,115.2,Top,center_0_8_mm,0.0,8.0,True,True,608,5.507593373848516,5.463222403275339,-5.463222403275339,6.415435791015625,6.498504638671875,0.7159906850300688,0.5126510921277498,-0.09205903505024156,1.7123580932617188,2.5386962890625,-5.16107177734375,,顶部,训练末,"中心[0,8]毫米"
4,final,validation,115.2,Top,middle_8_17_mm,8.0,17.0,False,True,684,4.713717983669145,4.638081288477133,-4.638081288477133,5.832298278808594,6.291839599609375,0.8731770943530242,0.6322771038925438,0.37712409482364767,1.9360961914062502,2.752044677734375,-5.557464599609375,,顶部,训练末,"中圈(8,17]毫米"
4,final,validation,115.2,Top,outer_17_25_mm,17.0,25.0,False,True,627,3.9735237362210416,3.830306739137884,-3.830306739137884,5.5701965332031245,7.26177978515625,2.1570082939537585,1.9341188275642944,1.9341188275642944,3.6082153320312487,4.742889404296875,-4.234344482421875,,顶部,训练末,"外圈(17,25]毫米"
4,final,validation,403.0,Top,center_0_8_mm,0.0,8.0,True,True,768,2.654832015450599,1.699569182237844,0.19656919813863094,6.823854064941406,9.857513427734375,9.498736986323616,9.124408012859904,-9.124408012859904,11.107673645019531,11.532684326171875,-1.3411865234375,,顶部,训练末,"中心[0,8]毫米"
4,final,validation,403.0,Top,middle_8_17_mm,8.0,17.0,False,True,864,2.4437780243311624,1.9068425299512681,-0.708737382220696,4.265647888183592,8.199127197265625,8.409250488094333,8.06865167563872,-8.06865167563872,10.269097900390625,10.631256103515625,-1.8580322265625,,顶部,训练末,"中圈(8,17]毫米"
4,final,validation,403.0,Top,outer_17_25_mm,17.0,25.0,False,True,792,3.451777579549764,2.6354804717005056,-1.6314161571074388,7.197528076171874,10.122711181640625,6.365887405089617,5.961543963550209,-5.961543963550209,9.05015869140625,10.03570556640625,0.34423828125,,顶部,训练末,"外圈(17,25]毫米"
4,final,validation,630.5,Top,center_0_8_mm,0.0,8.0,True,True,928,5.088993559001544,4.074255573343805,-1.3585377450109197,11.734933471679687,16.609954833984375,17.30736089317871,16.59686364850388,-16.59686364850388,20.374714660644532,23.339019775390625,-2.4248046875,,顶部,训练末,"中心[0,8]毫米"
4,final,validation,630.5,Top,middle_8_17_mm,8.0,17.0,False,True,1044,6.572047513240683,6.00757381469674,-2.581249531004421,10.289709472656245,13.09576416015625,15.186098036884578,13.930934525376486,-13.930934525376486,19.864955139160156,21.56451416015625,-4.41644287109375,,顶部,训练末,"中圈(8,17]毫米"
4,final,validation,630.5,Top,outer_17_25_mm,17.0,25.0,False,True,957,11.462815557401061,9.77777212087111,-8.552796060162015,20.412243652343747,26.482421875,13.559794193040199,12.460825371062224,-12.46016846902332,18.18726806640625,22.45526123046875,-4.46697998046875,,顶部,训练末,"外圈(17,25]毫米"
