运行臂,功率_瓦,材料,时间窗,权重口径,RMSE_摄氏度,MAE_摄氏度,偏差_摄氏度,最大绝对误差_摄氏度,验证点数,完整场推理秒
原始LF_B0,90.0,Cu,全时段,节点等权,0.9783694675312722,0.6539524684839806,-0.18258696397941074,2.907318115234375,82921,0.0510105629946338
原始LF_B0,90.0,Cu,全时段,轴对称有限元集总真实体积,0.6231145302537898,0.42439956793024153,0.1550737090077293,2.907318115234375,82921,0.0510105629946338
原始LF_B0,90.0,Cu,"[0,30]秒",节点等权,0.6620207216867,0.5132722657142109,0.11922265260721966,2.44671630859375,13136,0.0510105629946338
原始LF_B0,90.0,Cu,"[0,30]秒",轴对称有限元集总真实体积,0.533161845157199,0.4344822972025648,0.2609495420950012,2.44671630859375,13136,0.0510105629946338
原始LF_B0,90.0,Cu,"(30,100]秒",节点等权,1.0348616744191705,0.688974507207225,-0.23091347825325986,2.907318115234375,28735,0.0510105629946338
原始LF_B0,90.0,Cu,"(30,100]秒",轴对称有限元集总真实体积,0.6332722977628646,0.431166275331298,0.15499607363267737,2.907318115234375,28735,0.0510105629946338
原始LF_B0,90.0,Cu,"(100,200]秒",节点等权,1.021593768171096,0.6744547062640358,-0.24533748129543811,2.882537841796875,41050,0.0510105629946338
原始LF_B0,90.0,Cu,"(100,200]秒",轴对称有限元集总真实体积,0.6423562179984811,0.41643639938235866,0.12124778718233879,2.882537841796875,41050,0.0510105629946338
原始LF_B0,90.0,SiC,全时段,节点等权,3.142138574283326,2.8732140637343626,-2.8630612772443715,7.42974853515625,34138,0.0510105629946338
原始LF_B0,90.0,SiC,全时段,轴对称有限元集总真实体积,2.5729946265694688,2.3496734421311847,-2.341199916971372,7.42974853515625,34138,0.0510105629946338
原始LF_B0,90.0,SiC,"[0,30]秒",节点等权,2.313614342809881,1.9573870608087123,-1.893297596090644,6.061004638671875,5408,0.0510105629946338
原始LF_B0,90.0,SiC,"[0,30]秒",轴对称有限元集总真实体积,1.8668232467136878,1.5579596668104938,-1.504470539239177,6.061004638671875,5408,0.0510105629946338
原始LF_B0,90.0,SiC,"(30,100]秒",节点等权,3.32787892439419,3.178677373323416,-3.178677373323416,6.98358154296875,11830,0.0510105629946338
原始LF_B0,90.0,SiC,"(30,100]秒",轴对称有限元集总真实体积,2.863802753101377,2.741331319067207,-2.741331319067207,6.98358154296875,11830,0.0510105629946338
原始LF_B0,90.0,SiC,"(100,200]秒",节点等权,3.237018074845702,2.952454387958233,-2.952454387958233,7.42974853515625,16900,0.0510105629946338
原始LF_B0,90.0,SiC,"(100,200]秒",轴对称有限元集总真实体积,2.552810820757681,2.32886133637859,-2.32886133637859,7.42974853515625,16900,0.0510105629946338
原始LF_B0,170.0,Cu,全时段,节点等权,1.3888241752444732,1.038967655219746,-0.00042782390392662894,4.826080322265625,82921,0.009506693997536786
原始LF_B0,170.0,Cu,全时段,轴对称有限元集总真实体积,0.9957073891433712,0.7618844313328932,0.44483336384366323,4.826080322265625,82921,0.009506693997536786
原始LF_B0,170.0,Cu,"[0,30]秒",节点等权,1.1346005259123912,0.9544761694886071,0.5424406769505081,3.97259521484375,13136,0.009506693997536786
原始LF_B0,170.0,Cu,"[0,30]秒",轴对称有限元集总真实体积,1.03184116620641,0.8913308389612867,0.7583726612633995,3.97259521484375,13136,0.009506693997536786
原始LF_B0,170.0,Cu,"(30,100]秒",节点等权,1.457393764800036,1.0892336565120253,-0.07106370821359241,4.653961181640625,28735,0.009506693997536786
原始LF_B0,170.0,Cu,"(30,100]秒",轴对称有限元集总真实体积,1.0043822354462657,0.7792038400306547,0.45045551208015994,4.653961181640625,28735,0.009506693997536786
原始LF_B0,170.0,Cu,"(100,200]秒",节点等权,1.4133302332501845,1.030818729749115,-0.1247006251605797,4.826080322265625,41050,0.009506693997536786
原始LF_B0,170.0,Cu,"(100,200]秒",轴对称有限元集总真实体积,0.9776726035541041,0.7083379948033743,0.34056528490380017,4.826080322265625,41050,0.009506693997536786
原始LF_B0,170.0,SiC,全时段,节点等权,4.326922299194608,3.884264277814038,-3.8611055982365006,11.47015380859375,34138,0.009506693997536786
原始LF_B0,170.0,SiC,全时段,轴对称有限元集总真实体积,3.5080752332616147,3.1408749652141874,-3.116384558506151,11.47015380859375,34138,0.009506693997536786
原始LF_B0,170.0,SiC,"[0,30]秒",节点等权,3.0895198032641558,2.563565677439673,-2.420121142144739,10.84796142578125,5408,0.009506693997536786
原始LF_B0,170.0,SiC,"[0,30]秒",轴对称有限元集总真实体积,2.4672887072093324,2.0131328707993412,-1.8612817966502588,10.84796142578125,5408,0.009506693997536786
原始LF_B0,170.0,SiC,"(30,100]秒",节点等权,4.575439226534312,4.306140794536368,-4.306127844558161,10.73406982421875,11830,0.009506693997536786
原始LF_B0,170.0,SiC,"(30,100]秒",轴对称有限元集总真实体积,3.9100353694643206,3.6743960141628245,-3.674378912397588,10.73406982421875,11830,0.009506693997536786
原始LF_B0,170.0,SiC,"(100,200]秒",节点等权,4.484447009440584,4.011574268228204,-4.010705051760702,11.47015380859375,16900,0.009506693997536786
原始LF_B0,170.0,SiC,"(100,200]秒",轴对称有限元集总真实体积,3.4942019929100945,3.128287701162892,-3.127421394576031,11.47015380859375,16900,0.009506693997536786
原始LF_B0,250.0,Cu,全时段,节点等权,1.9295362378650047,1.5108043941019775,0.14396628745104997,6.92596435546875,82921,0.009746291994815692
原始LF_B0,250.0,Cu,全时段,轴对称有限元集总真实体积,1.4580161635992799,1.1666264266590944,0.7511357833007111,6.92596435546875,82921,0.009746291994815692
原始LF_B0,250.0,Cu,"[0,30]秒",节点等权,1.7257582193910677,1.4802555962398776,0.8236197496012271,5.806915283203125,13136,0.009746291994815692
原始LF_B0,250.0,Cu,"[0,30]秒",轴对称有限元集总真实体积,1.5879066842223113,1.3969985484682927,1.1877130772698483,5.806915283203125,13136,0.009746291994815692
原始LF_B0,250.0,Cu,"(30,100]秒",节点等权,2.011960728898424,1.5745538741085703,0.05568179742385973,6.5853271484375,28735,0.009746291994815692
原始LF_B0,250.0,Cu,"(30,100]秒",轴对称有限元集总真实体积,1.4662274478189194,1.1902270853673278,0.7625420636331178,6.5853271484375,28735,0.009746291994815692
原始LF_B0,250.0,Cu,"(100,200]秒",节点等权,1.9323702926504165,1.4759553734132347,-0.011723677417973508,6.92596435546875,41050,0.009746291994815692
原始LF_B0,250.0,Cu,"(100,200]秒",轴对称有限元集总真实体积,1.4079769867040532,1.076386886584388,0.6034466529979031,6.92596435546875,41050,0.009746291994815692
原始LF_B0,250.0,SiC,全时段,节点等权,5.930911686782171,5.311990769985404,-5.273171976151942,16.110931396484375,34138,0.009746291994815692
原始LF_B0,250.0,SiC,全时段,轴对称有限元集总真实体积,4.805552709243343,4.293930427221307,-4.251179688432837,16.110931396484375,34138,0.009746291994815692
原始LF_B0,250.0,SiC,"[0,30]秒",节点等权,4.493332195228825,3.7746470129701515,-3.543819421847191,15.815887451171875,5408,0.009746291994815692
原始LF_B0,250.0,SiC,"[0,30]秒",轴对称有限元集总真实体积,3.632089506947925,3.0123688334982837,-2.756066122025665,15.815887451171875,5408,0.009746291994815692
原始LF_B0,250.0,SiC,"(30,100]秒",节点等权,6.231410917215361,5.824661832730445,-5.823527512667246,15.08599853515625,11830,0.009746291994815692
原始LF_B0,250.0,SiC,"(30,100]秒",轴对称有限元集总真实体积,5.307260229309502,4.942225334155255,-4.941104993943296,15.08599853515625,11830,0.009746291994815692
原始LF_B0,250.0,SiC,"(100,200]秒",节点等权,6.116599772649486,5.445071028308756,-5.44131591796875,16.110931396484375,16900,0.009746291994815692
原始LF_B0,250.0,SiC,"(100,200]秒",轴对称有限元集总真实体积,4.765518742031884,4.25022370235891,-4.24666831582581,16.110931396484375,16900,0.009746291994815692
原始LF_B0,330.0,Cu,全时段,节点等权,2.4880096897642385,2.031408505108472,0.38037992394080755,8.99273681640625,82921,0.012633279999135993
原始LF_B0,330.0,Cu,全时段,轴对称有限元集总真实体积,1.9718191842476447,1.645478910568087,1.1448838439466118,8.99273681640625,82921,0.012633279999135993
原始LF_B0,330.0,Cu,"[0,30]秒",节点等权,2.3346113615196726,2.057144697052262,1.239789795498029,7.6483154296875,13136,0.012633279999135993
原始LF_B0,330.0,Cu,"[0,30]秒",轴对称有限元集总真实体积,2.19813092950459,1.9836533552287148,1.7223726817114446,7.6483154296875,13136,0.012633279999135993
原始LF_B0,330.0,Cu,"(30,100]秒",节点等权,2.5750810763851346,2.103374609043645,0.2657658630233029,8.429931640625,28735,0.012633279999135993
原始LF_B0,330.0,Cu,"(30,100]秒",轴对称有限元集总真实体积,1.9729711784944917,1.6678145430187827,1.1526022798127724,8.429931640625,28735,0.012633279999135993
原始LF_B0,330.0,Cu,"(100,200]秒",节点等权,2.473525262674947,1.972796650931838,0.18559860768474992,8.99273681640625,41050,0.012633279999135993
原始LF_B0,330.0,Cu,"(100,200]秒",轴对称有限元集总真实体积,1.8928557927597573,1.5216281455611997,0.9546845107555534,8.99273681640625,41050,0.012633279999135993
原始LF_B0,330.0,SiC,全时段,节点等权,7.486421589553097,6.677249847435352,-6.622089944479999,20.8712158203125,34138,0.012633279999135993
原始LF_B0,330.0,SiC,全时段,轴对称有限元集总真实体积,6.051529222774332,5.382327016430845,-5.320932288550107,20.8712158203125,34138,0.012633279999135993
原始LF_B0,330.0,SiC,"[0,30]秒",节点等权,5.67240613862021,4.764961688476201,-4.4511701990161425,20.8712158203125,5408,0.012633279999135993
原始LF_B0,330.0,SiC,"[0,30]秒",轴对称有限元集总真实体积,4.5876449975728,3.8064123142384583,-3.4504518310516215,20.8712158203125,5408,0.012633279999135993
原始LF_B0,330.0,SiC,"(30,100]秒",节点等权,7.84198182143846,7.288839670086149,-7.284409776624742,19.4283447265625,11830,0.012633279999135993
原始LF_B0,330.0,SiC,"(30,100]秒",轴对称有限元集总真实体积,6.652721580401045,6.14821994184437,-6.143979841922337,19.4283447265625,11830,0.012633279999135993
原始LF_B0,330.0,SiC,"(100,200]秒",节点等权,7.737563578251109,6.861069182446722,-6.853160380527113,20.747039794921875,16900,0.012633279999135993
原始LF_B0,330.0,SiC,"(100,200]秒",轴对称有限元集总真实体积,6.02150007629578,5.3504946733429435,-5.343352747589063,20.747039794921875,16900,0.012633279999135993
原始LF_B0,410.0,Cu,全时段,节点等权,3.038020007194984,2.5755675448083917,0.7171225983735885,10.9373779296875,82921,0.009523073997115716
原始LF_B0,410.0,Cu,全时段,轴对称有限元集总真实体积,2.523267566238999,2.1815299190863224,1.6162550426879139,10.9373779296875,82921,0.009523073997115716
原始LF_B0,410.0,Cu,"[0,30]秒",节点等权,2.9602701886768736,2.653238596201814,1.7062144262055967,9.545074462890625,13136,0.009523073997115716
原始LF_B0,410.0,Cu,"[0,30]秒",轴对称有限元集总真实体积,2.8306287238709698,2.594488355897099,2.289998257194238,9.545074462890625,13136,0.009523073997115716
原始LF_B0,410.0,Cu,"(30,100]秒",节点等权,3.1189275857543253,2.6520557961796642,0.5798780482106153,10.10736083984375,28735,0.009523073997115716
原始LF_B0,410.0,Cu,"(30,100]秒",轴对称有限元集总真实体积,2.514679289608263,2.1997068613255815,1.6191830710044732,10.10736083984375,28735,0.009523073997115716
原始LF_B0,410.0,Cu,"(100,200]秒",节点等权,3.005012823783081,2.4971710324026053,0.496684398581427,10.9373779296875,41050,0.009523073997115716
原始LF_B0,410.0,Cu,"(100,200]秒",轴对称有限元集总真实体积,2.4229281425592566,2.0366593597393936,1.3986075942242993,10.9373779296875,41050,0.009523073997115716
原始LF_B0,410.0,SiC,全时段,节点等权,8.828902369265107,7.830670921222433,-7.753938213985102,25.572021484375,34138,0.009523073997115716
原始LF_B0,410.0,SiC,全时段,轴对称有限元集总真实体积,7.111795608793231,6.284777902045607,-6.198942110526744,25.572021484375,34138,0.009523073997115716
原始LF_B0,410.0,SiC,"[0,30]秒",节点等权,6.700270203948077,5.606161128839798,-5.198603974291559,25.572021484375,5408,0.009523073997115716
原始LF_B0,410.0,SiC,"[0,30]秒",轴对称有限元集总真实体积,5.429032239415933,4.48620592515554,-4.015724719560742,25.572021484375,5408,0.009523073997115716
原始LF_B0,410.0,SiC,"(30,100]秒",节点等权,9.221296790030125,8.519927950139179,-8.50819519249343,23.4246826171875,11830,0.009523073997115716
原始LF_B0,410.0,SiC,"(30,100]秒",轴对称有限元集总真实体积,7.790539793923735,7.14062692312383,-7.129537068088829,23.4246826171875,11830,0.009523073997115716
原始LF_B0,410.0,SiC,"(100,200]秒",节点等权,9.141632547427392,8.060034134543153,-8.043665285731208,25.04449462890625,16900,0.009523073997115716
原始LF_B0,410.0,SiC,"(100,200]秒",轴对称有限元集总真实体积,7.088742057905073,6.261226619895672,-6.246155205342405,25.04449462890625,16900,0.009523073997115716
原始LF_B0,490.0,Cu,全时段,节点等权,3.5890186302405427,3.108778337754271,1.0514594865295828,12.9259033203125,82921,0.009735018000355922
原始LF_B0,490.0,Cu,全时段,轴对称有限元集总真实体积,3.0735101953715205,2.709427469517351,2.0792321951148693,12.9259033203125,82921,0.009735018000355922
原始LF_B0,490.0,Cu,"[0,30]秒",节点等权,3.5719986527521876,3.239043750367995,2.169657575953457,11.478363037109375,13136,0.009735018000355922
原始LF_B0,490.0,Cu,"[0,30]秒",轴对称有限元集总真实体积,3.451703719454429,3.196254868423422,2.8499457333919906,11.478363037109375,13136,0.009735018000355922
原始LF_B0,490.0,Cu,"(30,100]秒",节点等权,3.658803192554221,3.1864333057685665,0.9003121968951872,11.732208251953125,28735,0.009735018000355922
原始LF_B0,490.0,Cu,"(30,100]秒",轴对称有限元集总真实体积,3.053786192145127,2.720564590847913,2.0792841455847917,11.732208251953125,28735,0.009735018000355922
原始LF_B0,490.0,Cu,"(100,200]秒",节点等权,3.5448563002773334,3.0127349281078715,0.79943920065802,12.9259033203125,41050,0.009735018000355922
原始LF_B0,490.0,Cu,"(100,200]秒",轴对称有限元集总真实体积,2.95658068112211,2.5458467169360164,1.8325674975372461,12.9259033203125,41050,0.009735018000355922
原始LF_B0,490.0,SiC,全时段,节点等权,10.166626568909807,8.98679244845828,-8.890341407686037,30.395355224609375,34138,0.009735018000355922
原始LF_B0,490.0,SiC,全时段,轴对称有限元集总真实体积,8.171394889404626,7.194493618678145,-7.086791799947904,30.395355224609375,34138,0.009735018000355922
原始LF_B0,490.0,SiC,"[0,30]秒",节点等权,7.755252355228406,6.488816436225846,-6.008705500314927,30.395355224609375,5408,0.009735018000355922
原始LF_B0,490.0,SiC,"[0,30]秒",轴对称有限元集总真实体积,6.280799478368602,5.193194993934079,-4.637439856097105,30.395355224609375,5408,0.009735018000355922
原始LF_B0,490.0,SiC,"(30,100]秒",节点等权,10.56611631634172,9.714084037722719,-9.692012631439699,27.3929443359375,11830,0.009735018000355922
原始LF_B0,490.0,SiC,"(30,100]秒",轴对称有限元集总真实体积,8.8976840117275,8.099001354679308,-8.077522913392821,27.3929443359375,11830,0.009735018000355922
原始LF_B0,490.0,SiC,"(100,200]秒",节点等权,10.554229824197819,9.27704065988755,-9.25129504141723,29.32342529296875,16900,0.009735018000355922
原始LF_B0,490.0,SiC,"(100,200]秒",轴对称有限元集总真实体积,8.17540058695413,7.201753763395432,-7.177072642568717,29.32342529296875,16900,0.009735018000355922
原始LF_B0,570.0,Cu,全时段,节点等权,4.117247256812164,3.6065002077790673,1.3777957073052542,14.881744384765625,82921,0.009606695006368682
原始LF_B0,570.0,Cu,全时段,轴对称有限元集总真实体积,3.59632228825419,3.2019486198299036,2.512882061872663,14.881744384765625,82921,0.009606695006368682
原始LF_B0,570.0,Cu,"[0,30]秒",节点等权,4.183082403653627,3.8034956138694476,2.6021449917271715,13.43646240234375,13136,0.009606695006368682
原始LF_B0,570.0,Cu,"[0,30]秒",轴对称有限元集总真实体积,4.042809149751214,3.754477435876532,3.363948893860178,13.43646240234375,13136,0.009606695006368682
原始LF_B0,570.0,Cu,"(30,100]秒",节点等权,4.175275412807457,3.682139348178941,1.2061211284148252,13.3267822265625,28735,0.009606695006368682
原始LF_B0,570.0,Cu,"(30,100]秒",轴对称有限元集总真实体积,3.56281147866252,3.2002283276691834,2.5036896906717865,13.3267822265625,28735,0.009606695006368682
原始LF_B0,570.0,Cu,"(100,200]秒",节点等权,4.054629455243831,3.490514279550234,1.106176141513541,14.881744384765625,41050,0.009606695006368682
原始LF_B0,570.0,Cu,"(100,200]秒",轴对称有限元集总真实体积,3.46554799078661,3.0263436032074886,2.2469753354772726,14.881744384765625,41050,0.009606695006368682
原始LF_B0,570.0,SiC,全时段,节点等权,11.371091026931756,10.020791796362946,-9.900951450085751,35.29595947265625,34138,0.009606695006368682
原始LF_B0,570.0,SiC,全时段,轴对称有限元集总真实体积,9.127629369974585,8.0087599794879,-7.874386137748221,35.29595947265625,34138,0.009606695006368682
原始LF_B0,570.0,SiC,"[0,30]秒",节点等权,8.79485054055848,7.342035400796924,-6.784959177999101,35.29595947265625,5408,0.009606695006368682
原始LF_B0,570.0,SiC,"[0,30]秒",轴对称有限元集总真实体积,7.139312115959395,5.8865459279742565,-5.237255814176528,35.29595947265625,5408,0.009606695006368682
原始LF_B0,570.0,SiC,"(30,100]秒",节点等权,11.784365960923871,10.792407917915918,-10.755290922550257,31.05364990234375,11830,0.009606695006368682
原始LF_B0,570.0,SiC,"(30,100]秒",轴对称有限元集总真实体积,9.90374519019427,8.963155869175738,-8.925570304556079,31.05364990234375,11830,0.009606695006368682
原始LF_B0,570.0,SiC,"(100,200]秒",节点等权,11.79948104824363,10.337862557856994,-10.300031346428323,33.30584716796875,16900,0.009606695006368682
原始LF_B0,570.0,SiC,"(100,200]秒",轴对称有限元集总真实体积,9.128212379126776,8.01979135319078,-7.982438924525659,33.30584716796875,16900,0.009606695006368682
原始LF_B0,650.0,Cu,全时段,节点等权,4.625285941998724,4.068419390707722,1.6501167591696841,16.892547607421875,82921,0.009539313003187999
原始LF_B0,650.0,Cu,全时段,轴对称有限元集总真实体积,4.076111538459502,3.6435625907430436,2.8893888978896536,16.892547607421875,82921,0.009539313003187999
原始LF_B0,650.0,Cu,"[0,30]秒",节点等权,4.745829918973067,4.3238871477988985,2.984683760481543,15.297576904296875,13136,0.009539313003187999
原始LF_B0,650.0,Cu,"[0,30]秒",轴对称有限元集总真实体积,4.578537621946589,4.260177287727192,3.8236983974328873,15.297576904296875,13136,0.009539313003187999
原始LF_B0,650.0,Cu,"(30,100]秒",节点等权,4.673493449200641,4.141149278929156,1.461321919529007,14.94671630859375,28735,0.009539313003187999
原始LF_B0,650.0,Cu,"(30,100]秒",轴对称有限元集总真实体积,4.029239556428618,3.6272020427079483,2.870889511952194,14.94671630859375,28735,0.009539313003187999
原始LF_B0,650.0,Cu,"(100,200]秒",节点等权,4.551702786788675,3.9357587866835413,1.3552117064983633,16.892547607421875,41050,0.009539313003187999
原始LF_B0,650.0,Cu,"(100,200]秒",轴对称有限元集总真实体积,3.9356272828427956,3.4576982713326836,2.603359428192042,16.892547607421875,41050,0.009539313003187999
原始LF_B0,650.0,SiC,全时段,节点等权,12.55512612564836,11.044387483940413,-10.90294733616818,40.207305908203125,34138,0.009539313003187999
原始LF_B0,650.0,SiC,全时段,轴对称有限元集总真实体积,10.071283084473254,8.820222669563353,-8.661582585238634,40.207305908203125,34138,0.009539313003187999
原始LF_B0,650.0,SiC,"[0,30]秒",节点等权,9.865111270548423,8.230797682993511,-7.612426453088162,40.207305908203125,5408,0.009539313003187999
原始LF_B0,650.0,SiC,"[0,30]秒",轴对称有限元集总真实体积,8.006635250681247,6.597295722037564,-5.876308730017509,40.207305908203125,5408,0.009539313003187999
原始LF_B0,650.0,SiC,"(30,100]秒",节点等权,12.963342966754736,11.836840933818285,-11.782681282153094,34.634521484375,11830,0.009539313003187999
原始LF_B0,650.0,SiC,"(30,100]秒",轴对称有限元集总真实体积,10.881658607498895,9.804354561253517,-9.747841404699052,34.634521484375,11830,0.009539313003187999
原始LF_B0,650.0,SiC,"(100,200]秒",节点等权,13.024541864081119,11.39001880532891,-11.34010025656435,37.2191162109375,16900,0.009539313003187999
原始LF_B0,650.0,SiC,"(100,200]秒",轴对称有限元集总真实体积,10.074163408812332,8.842666968588494,-8.7924890452871,37.2191162109375,16900,0.009539313003187999
原始LF_B0,730.0,Cu,全时段,节点等权,5.188890112516133,4.625334322440326,2.114088383834934,18.570068359375,82921,0.009747274991241284
原始LF_B0,730.0,Cu,全时段,轴对称有限元集总真实体积,4.67348232917272,4.23660788629177,3.4444325853864997,18.570068359375,82921,0.009747274991241284
原始LF_B0,730.0,Cu,"[0,30]秒",节点等权,5.362410286136152,4.900304199571877,3.4501951521990795,17.182769775390625,13136,0.009747274991241284
原始LF_B0,730.0,Cu,"[0,30]秒",轴对称有限元集总真实体积,5.185425029815545,4.838787988541193,4.363893987569062,17.182769775390625,13136,0.009747274991241284
原始LF_B0,730.0,Cu,"(30,100]秒",节点等权,5.230563249120106,4.698557196664089,1.891819087463772,16.4459228515625,28735,0.009747274991241284
原始LF_B0,730.0,Cu,"(30,100]秒",轴对称有限元集总真实体积,4.619780062615239,4.206216599344172,3.4095880357219825,16.4459228515625,28735,0.009747274991241284
原始LF_B0,730.0,Cu,"(100,200]秒",节点等权,5.102426518314968,4.486087949801595,1.8421227254182209,18.570068359375,41050,0.009747274991241284
原始LF_B0,730.0,Cu,"(100,200]秒",轴对称有限元集总真实体积,4.536042652819421,4.065184154435275,3.1745961214532445,18.570068359375,41050,0.009747274991241284
原始LF_B0,730.0,SiC,全时段,节点等权,13.275630431376573,11.611409311519719,-11.424229584285543,45.0843505859375,34138,0.009747274991241284
原始LF_B0,730.0,SiC,全时段,轴对称有限元集总真实体积,10.605640966992917,9.224665234525641,-9.012183183952594,45.0843505859375,34138,0.009747274991241284
原始LF_B0,730.0,SiC,"[0,30]秒",节点等权,10.689901944307243,8.876064672977966,-8.142743940184102,45.0843505859375,5408,0.009747274991241284
原始LF_B0,730.0,SiC,"[0,30]秒",轴对称有限元集总真实体积,8.655756650523498,7.099114539474451,-6.234397164268861,45.0843505859375,5408,0.009747274991241284
原始LF_B0,730.0,SiC,"(30,100]秒",节点等权,13.698642018561879,12.451791724932969,-12.364787188003554,37.42236328125,11830,0.009747274991241284
原始LF_B0,730.0,SiC,"(30,100]秒",轴对称有限元集总真实体积,11.476625906166865,10.270818937607363,-10.1757803767997,37.42236328125,11830,0.009747274991241284
原始LF_B0,730.0,SiC,"(100,200]秒",节点等权,13.714406207191319,11.898451906463803,-11.815914667795395,40.3160400390625,16900,0.009747274991241284
原始LF_B0,730.0,SiC,"(100,200]秒",轴对称有限元集总真实体积,10.537300133007298,9.172533864784821,-9.086556675258413,40.3160400390625,16900,0.009747274991241284
原始LF_B0,800.0,Cu,全时段,节点等权,5.931672429595544,5.19871562454894,1.8361633104252184,21.43707275390625,82921,0.009545312001137063
原始LF_B0,800.0,Cu,全时段,轴对称有限元集总真实体积,5.129403354744105,4.59226986264068,3.554720481497128,21.43707275390625,82921,0.009545312001137063
原始LF_B0,800.0,Cu,"[0,30]秒",节点等权,5.985231122092852,5.431165346710168,3.5190229311349475,18.602264404296875,13136,0.009545312001137063
原始LF_B0,800.0,Cu,"[0,30]秒",轴对称有限元集总真实体积,5.723929065778725,5.303660154875746,4.6916399944788045,18.602264404296875,13136,0.009545312001137063
原始LF_B0,800.0,Cu,"(30,100]秒",节点等权,6.038912261049677,5.271975761640584,1.5179204528925418,19.425323486328125,28735,0.009545312001137063
原始LF_B0,800.0,Cu,"(30,100]秒",轴对称有限元集总真实体积,5.067269196607694,4.530060155875849,3.4730152636734495,19.425323486328125,28735,0.009545312001137063
原始LF_B0,800.0,Cu,"(100,200]秒",节点等权,5.837969695490973,5.073049617493196,1.5204182320709787,21.43707275390625,41050,0.009545312001137063
原始LF_B0,800.0,Cu,"(100,200]秒",轴对称有限元集总真实体积,4.968847420196121,4.4081717638608415,3.2480998898195668,21.43707275390625,41050,0.009545312001137063
原始LF_B0,800.0,SiC,全时段,节点等权,16.479303288048268,14.609333049727908,-14.447491152745096,50.717620849609375,34138,0.009545312001137063
原始LF_B0,800.0,SiC,全时段,轴对称有限元集总真实体积,13.313375978215392,11.75578619121962,-11.572953725565666,50.717620849609375,34138,0.009545312001137063
原始LF_B0,800.0,SiC,"[0,30]秒",节点等权,13.166504203458992,11.029220885779026,-10.232206852478388,50.717620849609375,5408,0.009545312001137063
原始LF_B0,800.0,SiC,"[0,30]秒",轴对称有限元集总真实体积,10.700760690904596,8.851875509290576,-7.916144208306386,50.717620849609375,5408,0.009545312001137063
原始LF_B0,800.0,SiC,"(30,100]秒",节点等权,17.097023004357922,15.694102453520413,-15.646482530530992,44.0950927734375,11830,0.009545312001137063
原始LF_B0,800.0,SiC,"(30,100]秒",轴对称有限元集总真实体积,14.40140747240952,13.057184353394977,-13.010007301614392,44.0950927734375,11830,0.009545312001137063
原始LF_B0,800.0,SiC,"(100,200]秒",节点等权,16.984590044724676,14.995630359536797,-14.957088164380316,47.17205810546875,16900,0.009545312001137063
原始LF_B0,800.0,SiC,"(100,200]秒",轴对称有限元集总真实体积,13.27458074842471,11.774058895914163,-11.737195267854524,47.17205810546875,16900,0.009545312001137063
原采样接续,90.0,Cu,全时段,节点等权,0.039398723426026044,0.022030167868268443,0.01101371779950005,0.514007568359375,82921,0.011310792004223913
原采样接续,90.0,Cu,全时段,轴对称有限元集总真实体积,0.02816749078149616,0.016370432287836224,0.007483780865820238,0.514007568359375,82921,0.011310792004223913
原采样接续,90.0,Cu,"[0,30]秒",节点等权,0.04866613364355539,0.03417141457858533,0.011615829839485716,0.41845703125,13136,0.011310792004223913
原采样接续,90.0,Cu,"[0,30]秒",轴对称有限元集总真实体积,0.03621555319998338,0.0259799130770888,0.003577923994318393,0.41845703125,13136,0.011310792004223913
原采样接续,90.0,Cu,"(30,100]秒",节点等权,0.035449705649604805,0.01853656174722953,0.00945317534046296,0.45269775390625,28735,0.011310792004223913
原采样接续,90.0,Cu,"(30,100]秒",轴对称有限元集总真实体积,0.025090428660701755,0.013901698207698524,0.007488402007560087,0.45269775390625,28735,0.011310792004223913
原采样接续,90.0,Cu,"(100,200]秒",节点等权,0.0387040209988897,0.020590493205694275,0.011913421668030603,0.514007568359375,41050,0.011310792004223913
原采样接续,90.0,Cu,"(100,200]秒",轴对称有限元集总真实体积,0.027245390130801152,0.01502351229137179,0.008730420265482939,0.514007568359375,41050,0.011310792004223913
原采样接续,90.0,SiC,全时段,节点等权,0.047258835080178675,0.030869007641377004,0.025367406502822643,0.410400390625,34138,0.011310792004223913
原采样接续,90.0,SiC,全时段,轴对称有限元集总真实体积,0.041160013523398244,0.027277744612514077,0.022183896469570853,0.410400390625,34138,0.011310792004223913
原采样接续,90.0,SiC,"[0,30]秒",节点等权,0.1005148890921602,0.07861817941157775,0.07231188666891064,0.410400390625,5408,0.011310792004223913
原采样接续,90.0,SiC,"[0,30]秒",轴对称有限元集总真实体积,0.0862515220330651,0.06801178176716206,0.0618797115502868,0.410400390625,5408,0.011310792004223913
原采样接续,90.0,SiC,"(30,100]秒",节点等权,0.03078951887010737,0.025291833692149195,0.02142463484157069,0.145904541015625,11830,0.011310792004223913
原采样接续,90.0,SiC,"(30,100]秒",轴对称有限元集总真实体积,0.02763291504828709,0.022696571318085737,0.01898387353546155,0.145904541015625,11830,0.011310792004223913
原采样接续,90.0,SiC,"(100,200]秒",节点等权,0.0247957469782604,0.019493294439372227,0.01310511301255085,0.1187744140625,16900,0.011310792004223913
原采样接续,90.0,SiC,"(100,200]秒",轴对称有限元集总真实体积,0.02251860892561934,0.017449674029126568,0.01172125169761826,0.1187744140625,16900,0.011310792004223913
原采样接续,170.0,Cu,全时段,节点等权,0.07582040899275226,0.04222822553337665,0.026655603105808164,0.964752197265625,82921,0.009502881992375478
原采样接续,170.0,Cu,全时段,轴对称有限元集总真实体积,0.05420306010167751,0.03148731726321105,0.020802680900037302,0.964752197265625,82921,0.009502881992375478
原采样接续,170.0,Cu,"[0,30]秒",节点等权,0.10409556217166892,0.07681451442035485,0.054773885933693665,0.8385009765625,13136,0.009502881992375478
原采样接续,170.0,Cu,"[0,30]秒",轴对称有限元集总真实体积,0.07657552253916762,0.05653306308358684,0.03689037144778874,0.8385009765625,13136,0.009502881992375478
原采样接续,170.0,Cu,"(30,100]秒",节点等权,0.06654686203507135,0.03440132678768542,0.019412088601593765,0.869110107421875,28735,0.009502881992375478
原采样接续,170.0,Cu,"(30,100]秒",轴对称有限元集总真实体积,0.046942469670214704,0.025937197262564618,0.01606426553094218,0.869110107421875,28735,0.009502881992375478
原采样接续,170.0,Cu,"(100,200]秒",节点等权,0.07102830840534777,0.036639442211527484,0.02272821275383488,0.964752197265625,41050,0.009502881992375478
原采样接续,170.0,Cu,"(100,200]秒",轴对称有限元集总真实体积,0.05015741872799703,0.027357762601143306,0.018971510683123423,0.964752197265625,41050,0.009502881992375478
原采样接续,170.0,SiC,全时段,节点等权,0.08088818726623231,0.054212649416522644,0.04300575406083854,0.38134765625,34138,0.009502881992375478
原采样接续,170.0,SiC,全时段,轴对称有限元集总真实体积,0.07467641503192066,0.0498012237790562,0.03977389328541364,0.38134765625,34138,0.009502881992375478
原采样接续,170.0,SiC,"[0,30]秒",节点等权,0.17360338529343255,0.15162598310843023,0.13348561913304074,0.38134765625,5408,0.009502881992375478
原采样接续,170.0,SiC,"[0,30]秒",轴对称有限元集总真实体积,0.15975331130439277,0.13835254161390564,0.12352062516259966,0.38134765625,5408,0.009502881992375478
原采样接续,170.0,SiC,"(30,100]秒",节点等权,0.05225300084101465,0.04276302592389582,0.03582168282438715,0.252471923828125,11830,0.009502881992375478
原采样接续,170.0,SiC,"(30,100]秒",轴对称有限元集总真实体积,0.049273857070408496,0.04040480610898674,0.03433182114385606,0.252471923828125,11830,0.009502881992375478
原采样接续,170.0,SiC,"(100,200]秒",节点等权,0.04075768717783094,0.031055119079951,0.019081047103249815,0.207427978515625,16900,0.009502881992375478
原采样接续,170.0,SiC,"(100,200]秒",轴对称有限元集总真实体积,0.037394753891332955,0.02804229444095301,0.016784389583804397,0.207427978515625,16900,0.009502881992375478
原采样接续,250.0,Cu,全时段,节点等权,0.09827472326835548,0.050575599261434644,0.016992669695473514,1.415008544921875,82921,0.00965577200986445
原采样接续,250.0,Cu,全时段,轴对称有限元集总真实体积,0.06935732971276001,0.03729458940995339,0.013868611498040364,1.415008544921875,82921,0.00965577200986445
原采样接续,250.0,Cu,"[0,30]秒",节点等权,0.09017737937698737,0.058101944452952525,-0.01724609997618068,1.157958984375,13136,0.00965577200986445
原采样接续,250.0,Cu,"[0,30]秒",轴对称有限元集总真实体积,0.0685911478780658,0.04555963064010938,-0.013047033074619201,1.157958984375,13136,0.00965577200986445
原采样接续,250.0,Cu,"(30,100]秒",节点等权,0.09568131725923042,0.04691786904614636,0.015002763202880307,1.2750244140625,28735,0.00965577200986445
原采样接续,250.0,Cu,"(30,100]秒",轴对称有限元集总真实体积,0.06659642618544874,0.03419933951684484,0.011325834943549763,1.2750244140625,28735,0.00965577200986445
原采样接续,250.0,Cu,"(100,200]秒",节点等权,0.10246137633505482,0.05072757995085071,0.029342010535218104,1.415008544921875,41050,0.00965577200986445
原采样接续,250.0,Cu,"(100,200]秒",轴对称有限元集总真实体积,0.07146334574788067,0.03681645114147948,0.024261561349434854,1.415008544921875,41050,0.00965577200986445
原采样接续,250.0,SiC,全时段,节点等权,0.0675944893557031,0.05095743810336447,0.013650295108502622,0.500518798828125,34138,0.00965577200986445
原采样接续,250.0,SiC,全时段,轴对称有限元集总真实体积,0.061432423609757945,0.045811412370455704,0.011441531939813994,0.500518798828125,34138,0.00965577200986445
原采样接续,250.0,SiC,"[0,30]秒",节点等权,0.09658072804080524,0.07763355300271299,-0.05895556500677526,0.500518798828125,5408,0.00965577200986445
原采样接续,250.0,SiC,"[0,30]秒",轴对称有限元集总真实体积,0.08774304103164836,0.07121631225710336,-0.05369978786892394,0.500518798828125,5408,0.00965577200986445
原采样接续,250.0,SiC,"(30,100]秒",节点等权,0.06421884139586158,0.04948040921105637,0.02728848558105056,0.3416748046875,11830,0.00965577200986445
原采样接续,250.0,SiC,"(30,100]秒",轴对称有限元集总真实体积,0.058358469847853096,0.04419001346197461,0.025082872791692544,0.3416748046875,11830,0.00965577200986445
原采样接续,250.0,SiC,"(100,200]秒",节点等权,0.057945325263885385,0.04345500156018861,0.027337437014607988,0.30609130859375,16900,0.00965577200986445
原采样接续,250.0,SiC,"(100,200]秒",轴对称有限元集总真实体积,0.05268526637141384,0.038816823642665206,0.02273781568229514,0.30609130859375,16900,0.00965577200986445
原采样接续,330.0,Cu,全时段,节点等权,0.12799904663655243,0.06395692186206883,0.02777896656189984,1.859954833984375,82921,0.009494452009676024
原采样接续,330.0,Cu,全时段,轴对称有限元集总真实体积,0.08966023257843868,0.04634280083271429,0.02106653024657364,1.859954833984375,82921,0.009494452009676024
原采样接续,330.0,Cu,"[0,30]秒",节点等权,0.11738203619853096,0.07399443557869358,0.022916582411883372,1.57916259765625,13136,0.009494452009676024
原采样接续,330.0,Cu,"[0,30]秒",轴对称有限元集总真实体积,0.08996899206055077,0.05833854449988388,0.015595845171149692,1.57916259765625,13136,0.009494452009676024
原采样接续,330.0,Cu,"(30,100]秒",节点等权,0.1252139757617411,0.05963681501285997,0.022772869948451367,1.670074462890625,28735,0.009494452009676024
原采样接续,330.0,Cu,"(30,100]秒",轴对称有限元集总真实体积,0.08612298042799423,0.04242106031903256,0.015529258223677657,1.670074462890625,28735,0.009494452009676024
原采样接续,330.0,Cu,"(100,200]秒",节点等权,0.1330829651578684,0.06376899226719511,0.03283919711931905,1.859954833984375,41050,0.009494452009676024
原采样接续,330.0,Cu,"(100,200]秒",轴对称有限元集总真实体积,0.09195902390376973,0.04524938121879726,0.026693239886736504,1.859954833984375,41050,0.009494452009676024
原采样接续,330.0,SiC,全时段,节点等权,0.08079831694353849,0.06097891980367369,0.03421390602057733,0.708740234375,34138,0.009494452009676024
原采样接续,330.0,SiC,全时段,轴对称有限元集总真实体积,0.07339493968063182,0.05514932218770134,0.030369371099794387,0.708740234375,34138,0.009494452009676024
原采样接续,330.0,SiC,"[0,30]秒",节点等权,0.09488158810409707,0.07326061203634951,0.01120115314009627,0.708740234375,5408,0.009494452009676024
原采样接续,330.0,SiC,"[0,30]秒",轴对称有限元集总真实体积,0.08401407696237272,0.06703221797462583,0.016389539205270105,0.708740234375,5408,0.009494452009676024
原采样接续,330.0,SiC,"(30,100]秒",节点等权,0.08178897458432538,0.06277201145459108,0.044610353213493235,0.445587158203125,11830,0.009494452009676024
原采样接续,330.0,SiC,"(30,100]秒",轴对称有限元集总真实体积,0.07551913107204669,0.057432695132902514,0.039963144338862534,0.445587158203125,11830,0.009494452009676024
原采样接续,330.0,SiC,"(100,200]秒",节点等权,0.07499261899798275,0.05579361413357526,0.03430047390729012,0.405670166015625,16900,0.009494452009676024
原采样接续,330.0,SiC,"(100,200]秒",轴对称有限元集总真实体积,0.06804775112697792,0.04974843447424468,0.02812727603869445,0.405670166015625,16900,0.009494452009676024
原采样接续,410.0,Cu,全时段,节点等权,0.1578236596877543,0.07777294688395525,0.02918639070162131,2.2889404296875,82921,0.009615730989025906
原采样接续,410.0,Cu,全时段,轴对称有限元集总真实体积,0.10994998815980454,0.0558095977492241,0.021993821504613764,2.2889404296875,82921,0.009615730989025906
原采样接续,410.0,Cu,"[0,30]秒",节点等权,0.15494749822785792,0.1001479907390116,0.04678666722324385,1.96905517578125,13136,0.009615730989025906
原采样接续,410.0,Cu,"[0,30]秒",轴对称有限元集总真实体积,0.11726419861733539,0.07717347394562776,0.03139985286549144,1.96905517578125,13136,0.009615730989025906
原采样接续,410.0,Cu,"(30,100]秒",节点等权,0.15339338533940045,0.07193584930011038,0.02220291289035312,2.0487060546875,28735,0.009615730989025906
原采样接续,410.0,Cu,"(30,100]秒",轴对称有限元集总真实体积,0.10526349784652358,0.051281953229559064,0.015420139894044812,2.0487060546875,28735,0.009615730989025906
原采样接续,410.0,Cu,"(100,200]秒",节点等权,0.16174460452589007,0.07469890115902862,0.028442736682589828,2.2889404296875,41050,0.009615730989025906
原采样接续,410.0,Cu,"(100,200]秒",轴对称有限元集总真实体积,0.11073938539035023,0.05214250853014048,0.023585468596531187,2.2889404296875,41050,0.009615730989025906
原采样接续,410.0,SiC,全时段,节点等权,0.09679125664233403,0.07077762711703921,0.033010632189053896,0.72552490234375,34138,0.009615730989025906
原采样接续,410.0,SiC,全时段,轴对称有限元集总真实体积,0.09069516648413338,0.06555089423694384,0.030033200101807208,0.72552490234375,34138,0.009615730989025906
原采样接续,410.0,SiC,"[0,30]秒",节点等权,0.13919664434238194,0.11094028427756045,0.08051732870248648,0.72552490234375,5408,0.009615730989025906
原采样接续,410.0,SiC,"[0,30]秒",轴对称有限元集总真实体积,0.13250932980587593,0.10710747022258013,0.08017332115284416,0.72552490234375,5408,0.009615730989025906
原采样接续,410.0,SiC,"(30,100]秒",节点等权,0.0896308851557914,0.06569866267484019,0.03255496827203746,0.5347900390625,11830,0.009615730989025906
原采样接续,410.0,SiC,"(30,100]秒",轴对称有限元集总真实体积,0.08408661776794141,0.06091668684957627,0.02971508663120589,0.5347900390625,11830,0.009615730989025906
原采样接续,410.0,SiC,"(100,200]秒",节点等权,0.084265371984033,0.061480851935211724,0.018127454046666974,0.49139404296875,16900,0.009615730989025906
原采样接续,410.0,SiC,"(100,200]秒",轴对称有限元集总真实体积,0.07776603381227536,0.0554967350926975,0.0142110407948963,0.49139404296875,16900,0.009615730989025906
原采样接续,490.0,Cu,全时段,节点等权,0.1922647512348777,0.09727127127271835,0.04562023367697587,2.734344482421875,82921,0.009584728992194869
原采样接续,490.0,Cu,全时段,轴对称有限元集总真实体积,0.1343402287322658,0.07005252525743443,0.03363340787197929,2.734344482421875,82921,0.009584728992194869
原采样接续,490.0,Cu,"[0,30]秒",节点等权,0.1920846405100289,0.12774843826944443,0.06814632578395606,2.469757080078125,13136,0.009584728992194869
原采样接续,490.0,Cu,"[0,30]秒",轴对称有限元集总真实体积,0.14716456588601132,0.1001952688728126,0.04920155969311798,2.469757080078125,13136,0.009584728992194869
原采样接续,490.0,Cu,"(30,100]秒",节点等权,0.1894298873957678,0.09341164942884603,0.046650471976887396,2.465118408203125,28735,0.009584728992194869
原采样接续,490.0,Cu,"(30,100]秒",轴对称有限元集总真实体积,0.13038714368975315,0.066649799517429,0.032964768966130736,2.465118408203125,28735,0.009584728992194869
原采样接续,490.0,Cu,"(100,200]秒",节点等权,0.19428155687215468,0.09022031312447663,0.03769071739280413,2.734344482421875,41050,0.009584728992194869
原采样接续,490.0,Cu,"(100,200]秒",轴对称有限元集总真实体积,0.13275768889340195,0.06278875531851721,0.029119646523308933,2.734344482421875,41050,0.009584728992194869
原采样接续,490.0,SiC,全时段,节点等权,0.1350148544317607,0.10146622096544494,0.06832117215562798,0.862335205078125,34138,0.009584728992194869
原采样接续,490.0,SiC,全时段,轴对称有限元集总真实体积,0.12748774399161636,0.09469036326016517,0.06321165260598968,0.862335205078125,34138,0.009584728992194869
原采样接续,490.0,SiC,"[0,30]秒",节点等权,0.1901820168945512,0.15353667242287178,0.10626549692548944,0.862335205078125,5408,0.009584728992194869
原采样接续,490.0,SiC,"[0,30]秒",轴对称有限元集总真实体积,0.18311677279419777,0.14712355010809913,0.10631185476469507,0.862335205078125,5408,0.009584728992194869
原采样接续,490.0,SiC,"(30,100]秒",节点等权,0.1408304116251063,0.10926282274854052,0.08874708032164651,0.671630859375,11830,0.009584728992194869
原采样接续,490.0,SiC,"(30,100]秒",轴对称有限元集总真实体积,0.13335958178635215,0.10355074060235749,0.08267920800545277,0.671630859375,11830,0.009584728992194869
原采样接续,490.0,SiC,"(100,200]秒",节点等权,0.10660776148963293,0.07934605525090144,0.041880852513059355,0.598419189453125,16900,0.009584728992194869
原采样接续,490.0,SiC,"(100,200]秒",轴对称有限元集总真实体积,0.09824360947361381,0.07170947932929171,0.035792299135579776,0.598419189453125,16900,0.009584728992194869
原采样接续,570.0,Cu,全时段,节点等权,0.21860083641598746,0.1068969981240616,0.04134705986157005,3.178009033203125,82921,0.009607494008378126
原采样接续,570.0,Cu,全时段,轴对称有限元集总真实体积,0.15178282741268592,0.07636439529218939,0.029116886721891194,3.178009033203125,82921,0.009607494008378126
原采样接续,570.0,Cu,"[0,30]秒",节点等权,0.20343965267308392,0.12770141434291973,0.05153942224314384,2.770965576171875,13136,0.009607494008378126
原采样接续,570.0,Cu,"[0,30]秒",轴对称有限元集总真实体积,0.1556541450839032,0.1002266538847776,0.03722458557122647,2.770965576171875,13136,0.009607494008378126
原采样接续,570.0,Cu,"(30,100]秒",节点等权,0.21469285499281332,0.10138836554160051,0.03778465407733111,2.845703125,28735,0.009607494008378126
原采样接续,570.0,Cu,"(30,100]秒",轴对称有限元集总真实体积,0.14693641383634176,0.07178039345696505,0.025279080120528163,2.845703125,28735,0.009607494008378126
原采样接续,570.0,Cu,"(100,200]秒",节点等权,0.22587430344813456,0.10409562774174977,0.040579187948433695,3.178009033203125,41050,0.009607494008378126
原采样接续,570.0,Cu,"(100,200]秒",轴对称有限元集总真实体积,0.15385242607378888,0.07193727382721825,0.029208887711058038,3.178009033203125,41050,0.009607494008378126
原采样接续,570.0,SiC,全时段,节点等权,0.1316119233793668,0.09889569562728392,0.054311385912623945,1.105926513671875,34138,0.009607494008378126
原采样接续,570.0,SiC,全时段,轴对称有限元集总真实体积,0.1222452429661569,0.0912261950535045,0.0487896447007918,1.105926513671875,34138,0.009607494008378126
原采样接续,570.0,SiC,"[0,30]秒",节点等权,0.15432932302583088,0.12099604634843635,0.06464357771111663,1.105926513671875,5408,0.009607494008378126
原采样接续,570.0,SiC,"[0,30]秒",轴对称有限元集总真实体积,0.14259706926388013,0.11425427516234966,0.0669628172295653,1.105926513671875,5408,0.009607494008378126
原采样接续,570.0,SiC,"(30,100]秒",节点等权,0.1343369087469431,0.10120330320408258,0.06786203650428597,0.7509765625,11830,0.009607494008378126
原采样接续,570.0,SiC,"(30,100]秒",轴对称有限元集总真实体积,0.12607089381660536,0.0947108267872782,0.061722066784908935,0.7509765625,11830,0.009607494008378126
原采样接续,570.0,SiC,"(100,200]秒",节点等权,0.12139083326170144,0.09020825809275611,0.04151962912294286,0.685455322265625,16900,0.009607494008378126
原采样接续,570.0,SiC,"(100,200]秒",轴对称有限元集总真实体积,0.11204513342763622,0.08141796720503246,0.033921534032702275,0.685455322265625,16900,0.009607494008378126
原采样接续,650.0,Cu,全时段,节点等权,0.25108373370296677,0.12335224142180509,0.050939764309271024,3.641082763671875,82921,0.009622632001992315
原采样接续,650.0,Cu,全时段,轴对称有限元集总真实体积,0.17423839170246785,0.08783470001270687,0.03436109900305821,3.641082763671875,82921,0.009622632001992315
原采样接续,650.0,Cu,"[0,30]秒",节点等权,0.22980029065492277,0.1433216633953508,0.0507399086249441,3.19757080078125,13136,0.009622632001992315
原采样接续,650.0,Cu,"[0,30]秒",轴对称有限元集总真实体积,0.17606988293055897,0.11322695145934333,0.03740318912121922,3.19757080078125,13136,0.009622632001992315
原采样接续,650.0,Cu,"(30,100]秒",节点等权,0.24776935830700705,0.11823833804763627,0.05033438280808193,3.263763427734375,28735,0.009622632001992315
原采样接续,650.0,Cu,"(30,100]秒",轴对称有限元集总真实体积,0.16928521107745148,0.08319238592321737,0.031473228997083394,3.263763427734375,28735,0.009622632001992315
原采样接续,650.0,Cu,"(100,200]秒",节点等权,0.25976060035870535,0.12054175875218864,0.051427485179088,3.641082763671875,41050,0.009622632001992315
原采样接续,650.0,Cu,"(100,200]秒",轴对称有限元集总真实体积,0.17704458074240098,0.08295879941242587,0.03540913916942907,3.641082763671875,41050,0.009622632001992315
原采样接续,650.0,SiC,全时段,节点等权,0.15722168383075816,0.11973029330029723,0.07600272315703221,1.167999267578125,34138,0.009622632001992315
原采样接续,650.0,SiC,全时段,轴对称有限元集总真实体积,0.14429294291987763,0.10909030248289033,0.06588473544385146,1.167999267578125,34138,0.009622632001992315
原采样接续,650.0,SiC,"[0,30]秒",节点等权,0.16312448121287654,0.12468556962775056,0.049583807499451044,1.167999267578125,5408,0.009622632001992315
原采样接续,650.0,SiC,"[0,30]秒",轴对称有限元集总真实体积,0.15020399016144168,0.11618283035132383,0.053675417888524236,1.167999267578125,5408,0.009622632001992315
原采样接续,650.0,SiC,"(30,100]秒",节点等权,0.16928024455161006,0.13094534531349059,0.10271657522915786,0.858734130859375,11830,0.009622632001992315
原采样接续,650.0,SiC,"(30,100]秒",轴对称有限元集总真实体积,0.15564602065104943,0.12029494997738997,0.0892474238539929,0.858734130859375,11830,0.009622632001992315
原采样接续,650.0,SiC,"(100,200]秒",节点等权,0.1461422499312292,0.11029406846627682,0.06575707971697023,0.78594970703125,16900,0.009622632001992315
原采样接续,650.0,SiC,"(100,200]秒",轴对称有限元集总真实体积,0.13371514808726404,0.0989774403188418,0.053437835174457146,0.78594970703125,16900,0.009622632001992315
原采样接续,730.0,Cu,全时段,节点等权,0.27968705572679103,0.13599931818104732,0.044813895895170555,4.078643798828125,82921,0.009603337006410584
原采样接续,730.0,Cu,全时段,轴对称有限元集总真实体积,0.19419048707768116,0.09686104861999861,0.029900821851466433,4.078643798828125,82921,0.009603337006410584
原采样接续,730.0,Cu,"[0,30]秒",节点等权,0.2560985005595753,0.1568025224246584,0.02756408245351515,3.432525634765625,13136,0.009603337006410584
原采样接续,730.0,Cu,"[0,30]秒",轴对称有限元集总真实体积,0.19471668574334933,0.1217185015526917,0.0194283063104201,3.432525634765625,13136,0.009603337006410584
原采样接续,730.0,Cu,"(30,100]秒",节点等权,0.2742466099009461,0.12840601448309988,0.03866827045292653,3.665252685546875,28735,0.009603337006410584
原采样接续,730.0,Cu,"(30,100]秒",轴对称有限元集总真实体积,0.18760681425344797,0.09077790624568505,0.021627464097194064,3.665252685546875,28735,0.009603337006410584
原采样接续,730.0,Cu,"(100,200]秒",节点等权,0.29048010551346776,0.134657605411655,0.0546357740060711,4.078643798828125,41050,0.009603337006410584
原采样接续,730.0,Cu,"(100,200]秒",轴对称有限元集总真实体积,0.19850440714033102,0.09316486334355636,0.039043377252591924,4.078643798828125,41050,0.009603337006410584
原采样接续,730.0,SiC,全时段,节点等权,0.1617420403220358,0.12056225264831576,0.05020384844664258,1.260711669921875,34138,0.009603337006410584
原采样接续,730.0,SiC,全时段,轴对称有限元集总真实体积,0.1484526069639409,0.10971179815920333,0.04053440460780784,1.260711669921875,34138,0.009603337006410584
原采样接续,730.0,SiC,"[0,30]秒",节点等权,0.17728908975256008,0.1366742320314667,-0.004255548736752843,1.260711669921875,5408,0.009603337006410584
原采样接续,730.0,SiC,"[0,30]秒",轴对称有限元集总真实体积,0.1604917802210837,0.1257367845141749,0.0016198771745263368,1.260711669921875,5408,0.009603337006410584
原采样接续,730.0,SiC,"(30,100]秒",节点等权,0.1609608780524187,0.11785241688900042,0.06510915748164095,0.925079345703125,11830,0.009603337006410584
原采样接续,730.0,SiC,"(30,100]秒",轴对称有限元集总真实体积,0.14833549654363606,0.10810663035053107,0.05160954046306244,0.925079345703125,11830,0.009603337006410584
原采样接续,730.0,SiC,"(100,200]秒",节点等权,0.1570039717725117,0.11730330427722818,0.05719713922083025,0.864288330078125,16900,0.009603337006410584
原采样接续,730.0,SiC,"(100,200]秒",轴对称有限元集总真实体积,0.1444724444271122,0.10570741999168297,0.04523445828777969,0.864288330078125,16900,0.009603337006410584
原采样接续,800.0,Cu,全时段,节点等权,0.29995616671513825,0.14311202160320516,0.0015203223597234114,4.405975341796875,82921,0.009526150999590755
原采样接续,800.0,Cu,全时段,轴对称有限元集总真实体积,0.20811263938908175,0.10260228415114962,0.0003255715721450445,4.405975341796875,82921,0.009526150999590755
原采样接续,800.0,Cu,"[0,30]秒",节点等权,0.277526278303113,0.16929944511162667,0.03333719000311049,3.685150146484375,13136,0.009526150999590755
原采样接续,800.0,Cu,"[0,30]秒",轴对称有限元集总真实体积,0.21314253371485908,0.13432905754692784,0.02630138053624981,3.685150146484375,13136,0.009526150999590755
原采样接续,800.0,Cu,"(30,100]秒",节点等权,0.29577385266712103,0.1378868876985411,-0.01595034701359133,3.9288330078125,28735,0.009526150999590755
原采样接续,800.0,Cu,"(30,100]秒",轴对称有限元集总真实体积,0.20291803320831095,0.09914185949101734,-0.01573599466426157,3.9288330078125,28735,0.009526150999590755
原采样接续,800.0,Cu,"(100,200]秒",节点等权,0.3096170059076108,0.1383896398137751,0.003568393275159866,4.405975341796875,41050,0.009526150999590755
原采样接续,800.0,Cu,"(100,200]秒",轴对称有限元集总真实体积,0.21006530489963016,0.09487201392659321,0.003256409069116152,4.405975341796875,41050,0.009526150999590755
原采样接续,800.0,SiC,全时段,节点等权,0.2015042850428162,0.1553898518069696,-0.10982465825032542,1.449249267578125,34138,0.009526150999590755
原采样接续,800.0,SiC,全时段,轴对称有限元集总真实体积,0.18580394956094326,0.14190428436439143,-0.10010809646965803,1.449249267578125,34138,0.009526150999590755
原采样接续,800.0,SiC,"[0,30]秒",节点等权,0.18315734987152335,0.13517189025878906,-0.04335245437170627,1.449249267578125,5408,0.009526150999590755
原采样接续,800.0,SiC,"[0,30]秒",轴对称有限元集总真实体积,0.16895374448838402,0.12563467709930648,-0.02926633818538241,1.449249267578125,5408,0.009526150999590755
原采样接续,800.0,SiC,"(30,100]秒",节点等权,0.19875329663911975,0.15348873702732063,-0.11284960039772426,0.985626220703125,11830,0.009526150999590755
原采样接续,800.0,SiC,"(30,100]秒",轴对称有限元集总真实体积,0.1841189873091113,0.13894755343135223,-0.10436314145195542,0.985626220703125,11830,0.009526150999590755
原采样接续,800.0,SiC,"(100,200]秒",节点等权,0.20888538850713265,0.16319037984814164,-0.12897830398830437,1.005035400390625,16900,0.009526150999590755
原采样接续,800.0,SiC,"(100,200]秒",轴对称有限元集总真实体积,0.19202161015989933,0.14918027034234602,-0.11979892763301805,1.005035400390625,16900,0.009526150999590755
空间平衡接续,90.0,Cu,全时段,节点等权,0.04366036784308456,0.028487799060414997,0.021050729198503884,0.462249755859375,82921,0.009544691012706608
空间平衡接续,90.0,Cu,全时段,轴对称有限元集总真实体积,0.03213354006970248,0.02156746243099478,0.015274240602304676,0.462249755859375,82921,0.009544691012706608
空间平衡接续,90.0,Cu,"[0,30]秒",节点等权,0.051474641054740686,0.037278143990780346,0.01890957282899213,0.4110107421875,13136,0.009544691012706608
空间平衡接续,90.0,Cu,"[0,30]秒",轴对称有限元集总真实体积,0.03802233334222231,0.028524543660539206,0.010884795164164811,0.4110107421875,13136,0.009544691012706608
空间平衡接续,90.0,Cu,"(30,100]秒",节点等权,0.04073863980478985,0.026355248101591046,0.020421670834375544,0.462249755859375,28735,0.009544691012706608
空间平衡接续,90.0,Cu,"(30,100]秒",轴对称有限元集总真实体积,0.03094820097431138,0.020743400177288637,0.015786707291546444,0.462249755859375,28735,0.009544691012706608
空间平衡接续,90.0,Cu,"(100,200]秒",节点等权,0.04290629183046562,0.02716767435387485,0.022176240091637486,0.461883544921875,41050,0.009544691012706608
空间平衡接续,90.0,Cu,"(100,200]秒",轴对称有限元集总真实体积,0.030865886927095645,0.019918040015134888,0.01632013646004021,0.461883544921875,41050,0.009544691012706608
空间平衡接续,90.0,SiC,全时段,节点等权,0.06781886852213037,0.05739200928835718,0.05649755049816187,0.487640380859375,34138,0.009544691012706608
空间平衡接续,90.0,SiC,全时段,轴对称有限元集总真实体积,0.05949846841607762,0.05128135949503161,0.050302416172398653,0.487640380859375,34138,0.009544691012706608
空间平衡接续,90.0,SiC,"[0,30]秒",节点等权,0.10870229765049992,0.08424534318009777,0.08108950507711377,0.487640380859375,5408,0.009544691012706608
空间平衡接续,90.0,SiC,"[0,30]秒",轴对称有限元集总真实体积,0.08972724714362049,0.0694720409671489,0.06626086314766144,0.487640380859375,5408,0.009544691012706608
空间平衡接续,90.0,SiC,"(30,100]秒",节点等权,0.05661204440209005,0.05124474571402156,0.05073341763029639,0.152679443359375,11830,0.009544691012706608
空间平衡接续,90.0,SiC,"(30,100]秒",轴对称有限元集总真实体积,0.05197159157515031,0.047548607066995006,0.04700708739444924,0.152679443359375,11830,0.009544691012706608
空间平衡接续,90.0,SiC,"(100,200]秒",节点等权,0.057150316614942576,0.05310202694503513,0.0526630180404031,0.1728515625,16900,0.009544691012706608
空间平衡接续,90.0,SiC,"(100,200]秒",轴对称有限元集总真实体积,0.051806285037686674,0.048073268123579704,0.04750244328487914,0.1728515625,16900,0.009544691012706608
空间平衡接续,170.0,Cu,全时段,节点等权,0.07678669299425359,0.047413400578327186,0.03482821060128956,0.860931396484375,82921,0.009486356997513212
空间平衡接续,170.0,Cu,全时段,轴对称有限元集总真实体积,0.05689148044414939,0.03716898982725804,0.028772928425444492,0.860931396484375,82921,0.009486356997513212
空间平衡接续,170.0,Cu,"[0,30]秒",节点等权,0.102980135927754,0.07783300374225054,0.05749939884831641,0.8121337890625,13136,0.009486356997513212
空间平衡接续,170.0,Cu,"[0,30]秒",轴对称有限元集总真实体积,0.07728886888709717,0.05927544692769584,0.04231839925678361,0.8121337890625,13136,0.009486356997513212
空间平衡接续,170.0,Cu,"(30,100]秒",节点等权,0.06862683251181072,0.04075382166952595,0.029062909733135224,0.854034423828125,28735,0.009486356997513212
空间平衡接续,170.0,Cu,"(30,100]秒",轴对称有限元集总真实体积,0.05132947055105516,0.032994083912541945,0.025282461593253657,0.854034423828125,28735,0.009486356997513212
空间平衡接续,170.0,Cu,"(100,200]秒",节点等权,0.07224954104602267,0.04234083280203258,0.031609140969949,0.860931396484375,41050,0.009486356997513212
空间平衡接续,170.0,Cu,"(100,200]秒",轴对称有限元集总真实体积,0.05274629428717675,0.03301735769541922,0.02688170454194956,0.860931396484375,41050,0.009486356997513212
空间平衡接续,170.0,SiC,全时段,节点等权,0.0889754561876292,0.07002353059211189,0.06610060132054776,0.373992919921875,34138,0.009486356997513212
空间平衡接续,170.0,SiC,全时段,轴对称有限元集总真实体积,0.0816368174879202,0.06533000460637468,0.06208658479823168,0.373992919921875,34138,0.009486356997513212
空间平衡接续,170.0,SiC,"[0,30]秒",节点等权,0.16753968780010126,0.14462345168435362,0.13340188765666894,0.373992919921875,5408,0.009486356997513212
空间平衡接续,170.0,SiC,"[0,30]秒",轴对称有限元集总真实体积,0.14972627570361266,0.12851990230688992,0.11812646773664619,0.373992919921875,5408,0.009486356997513212
空间平衡接续,170.0,SiC,"(30,100]秒",节点等权,0.06571977941255837,0.05700970195857328,0.053995659022843145,0.24822998046875,11830,0.009486356997513212
空间平衡接续,170.0,SiC,"(30,100]秒",轴对称有限元集总真实体积,0.06334550241810619,0.05566063080153754,0.05364808711807299,0.24822998046875,11830,0.009486356997513212
空间平衡接续,170.0,SiC,"(100,200]秒",节点等权,0.0631346071757394,0.05526123588607156,0.05303764930138221,0.242431640625,16900,0.009486356997513212
空间平衡接续,170.0,SiC,"(100,200]秒",轴对称有限元集总真实体积,0.058990067141322586,0.05187779900559582,0.05006077063405012,0.242431640625,16900,0.009486356997513212
空间平衡接续,250.0,Cu,全时段,节点等权,0.09780634080042877,0.055610588192328766,0.02487404135624005,1.259033203125,82921,0.015115640009753406
空间平衡接续,250.0,Cu,全时段,轴对称有限元集总真实体积,0.07151946070244387,0.043380864171809565,0.023827061577954122,1.259033203125,82921,0.015115640009753406
空间平衡接续,250.0,Cu,"[0,30]秒",节点等权,0.09150397801742696,0.06052263703619229,-0.017422231193291574,1.11993408203125,13136,0.015115640009753406
空间平衡接续,250.0,Cu,"[0,30]秒",轴对称有限元集总真实体积,0.07027756716337152,0.047819901028414935,-0.00726193677873427,1.11993408203125,13136,0.015115640009753406
空间平衡接续,250.0,Cu,"(30,100]秒",节点等权,0.09485810092533568,0.052089352240163346,0.02468388950553006,1.229949951171875,28735,0.015115640009753406
空间平衡接续,250.0,Cu,"(30,100]秒",轴对称有限元集总真实体积,0.06924739577208568,0.04114154262451009,0.02316059087652666,1.229949951171875,28735,0.015115640009753406
空间平衡接续,250.0,Cu,"(100,200]秒",节点等权,0.10171277074181692,0.05650359772880824,0.038541954867587165,1.259033203125,41050,0.015115640009753406
空间平衡接续,250.0,Cu,"(100,200]秒",轴对称有限元集总真实体积,0.0734524761040796,0.043527897460805494,0.034242070543093646,1.259033203125,41050,0.015115640009753406
空间平衡接续,250.0,SiC,全时段,节点等权,0.07816796870238926,0.06275683199697964,0.02844586294993162,0.39483642578125,34138,0.015115640009753406
空间平衡接续,250.0,SiC,全时段,轴对称有限元集总真实体积,0.07333988953734376,0.05870617671497041,0.02736754834352968,0.39483642578125,34138,0.015115640009753406
空间平衡接续,250.0,SiC,"[0,30]秒",节点等权,0.10744288803719788,0.08922835355679665,-0.06666243287938586,0.39483642578125,5408,0.015115640009753406
空间平衡接续,250.0,SiC,"[0,30]秒",轴对称有限元集总真实体积,0.10196170766029096,0.08479589558322283,-0.06778924347851553,0.39483642578125,5408,0.015115640009753406
空间平衡接续,250.0,SiC,"(30,100]秒",节点等权,0.06938704274434679,0.0551205813229739,0.03536471369300771,0.323638916015625,11830,0.015115640009753406
空间平衡接续,250.0,SiC,"(30,100]秒",轴对称有限元集总真实体积,0.06485116107579221,0.051130211676811074,0.036185608493648914,0.323638916015625,11830,0.015115640009753406
空间平衡接续,250.0,SiC,"(100,200]秒",节点等权,0.0726526142505889,0.059631320569642196,0.05403732209515995,0.3323974609375,16900,0.015115640009753406
空间平衡接续,250.0,SiC,"(100,200]秒",轴对称有限元集总真实体积,0.06778127818469402,0.05566064220384115,0.051645079621500674,0.3323974609375,16900,0.015115640009753406
空间平衡接续,330.0,Cu,全时段,节点等权,0.12614141126669326,0.07009008025322577,0.037532372164776,1.652008056640625,82921,0.010232312008156441
空间平衡接续,330.0,Cu,全时段,轴对称有限元集总真实体积,0.09210448983548401,0.05483500616690059,0.03501906572592821,1.652008056640625,82921,0.010232312008156441
空间平衡接续,330.0,Cu,"[0,30]秒",节点等权,0.11455310152871252,0.07529605349727728,0.020115742003874133,1.52813720703125,13136,0.010232312008156441
空间平衡接续,330.0,Cu,"[0,30]秒",轴对称有限元集总真实体积,0.09104578969873318,0.06306499608162075,0.02191174643778498,1.52813720703125,13136,0.010232312008156441
空间平衡接续,330.0,Cu,"(30,100]秒",节点等权,0.12337185403105189,0.06612133997221377,0.034301409464992605,1.61505126953125,28735,0.010232312008156441
空间平衡接续,330.0,Cu,"(30,100]秒",轴对称有限元集总真实体积,0.08928159683180963,0.051677082328614156,0.031590267932062294,1.61505126953125,28735,0.010232312008156441
空间平衡接续,330.0,Cu,"(100,200]秒",节点等权,0.13148361930727545,0.0712022870118377,0.04536736770611297,1.652008056640625,41050,0.010232312008156441
空间平衡接续,330.0,Cu,"(100,200]秒",轴对称有限元集总真实体积,0.09435946640736735,0.05441195608099064,0.041613566353840205,1.652008056640625,41050,0.010232312008156441
空间平衡接续,330.0,SiC,全时段,节点等权,0.08426620952968528,0.06557698500960257,0.04384285003091771,0.47479248046875,34138,0.010232312008156441
空间平衡接续,330.0,SiC,全时段,轴对称有限元集总真实体积,0.07851293822666401,0.06114649673217107,0.042707192068021906,0.47479248046875,34138,0.010232312008156441
空间平衡接续,330.0,SiC,"[0,30]秒",节点等权,0.08850777160864497,0.0664353737464318,-0.0016889346421822993,0.47479248046875,5408,0.010232312008156441
空间平衡接续,330.0,SiC,"[0,30]秒",轴对称有限元集总真实体积,0.07825421608641364,0.05950678209902256,-0.004518133896859209,0.47479248046875,5408,0.010232312008156441
空间平衡接续,330.0,SiC,"(30,100]秒",节点等权,0.08159784001827038,0.06360291249653291,0.04723731820500713,0.414764404296875,11830,0.010232312008156441
空间平衡接续,330.0,SiC,"(30,100]秒",轴对称有限元集总真实体积,0.07734724414760456,0.06008063597357816,0.04701587465412565,0.414764404296875,11830,0.010232312008156441
空间平衡接续,330.0,SiC,"(100,200]秒",节点等权,0.08471185612520606,0.06668415137296597,0.05603689340444711,0.428985595703125,16900,0.010232312008156441
空间平衡接续,330.0,SiC,"(100,200]秒",轴对称有限元集总真实体积,0.07940050438121583,0.062417307945793594,0.05480321856651122,0.428985595703125,16900,0.010232312008156441
空间平衡接续,410.0,Cu,全时段,节点等权,0.1546819071234048,0.0848621396884676,0.0422839061926459,2.0357666015625,82921,0.00961515300150495
空间平衡接续,410.0,Cu,全时段,轴对称有限元集总真实体积,0.11246204632877732,0.06613261950021741,0.041205699979007714,2.0357666015625,82921,0.00961515300150495
空间平衡接续,410.0,Cu,"[0,30]秒",节点等权,0.14662958850990412,0.09843611165463706,0.04013138189095092,1.906158447265625,13136,0.00961515300150495
空间平衡接续,410.0,Cu,"[0,30]秒",轴对称有限元集总真实体积,0.11570661596955416,0.08129638494341516,0.03627430560344484,1.906158447265625,13136,0.00961515300150495
空间平衡接续,410.0,Cu,"(30,100]秒",节点等权,0.15112354527070754,0.07974087682126273,0.03674682277336273,1.99945068359375,28735,0.00961515300150495
空间平衡接续,410.0,Cu,"(30,100]秒",轴对称有限元集总真实体积,0.10906682549057307,0.06233938389396116,0.03650444803215068,1.99945068359375,28735,0.00961515300150495
空间平衡接续,410.0,Cu,"(100,200]秒",节点等权,0.15957634813265967,0.08410335266633678,0.046848672362686514,2.0357666015625,41050,0.00961515300150495
空间平衡接续,410.0,Cu,"(100,200]秒",轴对称有限元集总真实体积,0.11374229889125313,0.06393547948277353,0.04607462254198777,2.0357666015625,41050,0.00961515300150495
空间平衡接续,410.0,SiC,全时段,节点等权,0.09408935489834105,0.07051309644460077,0.04082073909172421,0.684539794921875,34138,0.00961515300150495
空间平衡接续,410.0,SiC,全时段,轴对称有限元集总真实体积,0.0880450350361516,0.06591738766493237,0.042042888303301454,0.684539794921875,34138,0.00961515300150495
空间平衡接续,410.0,SiC,"[0,30]秒",节点等权,0.1233697111277495,0.09670096741625543,0.06457974924843692,0.684539794921875,5408,0.00961515300150495
空间平衡接续,410.0,SiC,"[0,30]秒",轴对称有限元集总真实体积,0.11105831635951544,0.08841529987837662,0.05408247415025432,0.684539794921875,5408,0.00961515300150495
空间平衡接续,410.0,SiC,"(30,100]秒",节点等权,0.08685740563448474,0.06511254459745483,0.0340981413324506,0.493316650390625,11830,0.00961515300150495
空间平衡接续,410.0,SiC,"(30,100]秒",轴对称有限元集总真实体积,0.08315293405461897,0.06199502133401402,0.037012754263626255,0.493316650390625,11830,0.00961515300150495
空间平衡接续,410.0,SiC,"(100,200]秒",节点等权,0.08792778801601961,0.06591336402667344,0.03792367427306768,0.51885986328125,16900,0.00961515300150495
空间平衡接续,410.0,SiC,"(100,200]秒",轴对称有限元集总真实体积,0.08289718789660558,0.06146371218827305,0.041711314660049174,0.51885986328125,16900,0.00961515300150495
空间平衡接续,490.0,Cu,全时段,节点等权,0.1884302016949414,0.105790757354892,0.05969582243919476,2.443634033203125,82921,0.009436602995265275
空间平衡接续,490.0,Cu,全时段,轴对称有限元集总真实体积,0.13795191360445408,0.08325180951831126,0.056392153548914116,2.443634033203125,82921,0.009436602995265275
空间平衡接续,490.0,Cu,"[0,30]秒",节点等权,0.18314164483331113,0.12491580949195555,0.05473276293960181,2.394744873046875,13136,0.009436602995265275
空间平衡接续,490.0,Cu,"[0,30]秒",轴对称有限元集总真实体积,0.14563945196967035,0.10407645063504435,0.048930876556778045,2.394744873046875,13136,0.009436602995265275
空间平衡接续,490.0,Cu,"(30,100]秒",节点等权,0.1862338365181284,0.10261300244454988,0.06183118446818721,2.437347412109375,28735,0.009436602995265275
空间平衡接续,490.0,Cu,"(30,100]秒",轴对称有限元集总真实体积,0.13568902423905319,0.08110616105208554,0.0572368426577114,2.437347412109375,28735,0.009436602995265275
空间平衡接续,490.0,Cu,"(100,200]秒",节点等权,0.1916006144867642,0.10189516910827116,0.05978924805876979,2.443634033203125,41050,0.009436602995265275
空间平衡接续,490.0,Cu,"(100,200]秒",轴对称有限元集总真实体积,0.1369910422032528,0.0780898782873147,0.058188479810239564,2.443634033203125,41050,0.009436602995265275
空间平衡接续,490.0,SiC,全时段,节点等权,0.12766877203613158,0.09758616183790103,0.06784017657736384,0.62579345703125,34138,0.009436602995265275
空间平衡接续,490.0,SiC,全时段,轴对称有限元集总真实体积,0.12224275719098963,0.09335319592591011,0.06941721815541378,0.62579345703125,34138,0.009436602995265275
空间平衡接续,490.0,SiC,"[0,30]秒",节点等权,0.16974631902580872,0.13438145789874376,0.0834638832588873,0.617919921875,5408,0.009436602995265275
空间平衡接续,490.0,SiC,"[0,30]秒",轴对称有限元集总真实体积,0.15994075639892746,0.12579641441075734,0.07195969717251975,0.617919921875,5408,0.009436602995265275
空间平衡接续,490.0,SiC,"(30,100]秒",节点等权,0.13102263124502372,0.10264573988023695,0.08215504095701474,0.620208740234375,11830,0.009436602995265275
空间平衡接续,490.0,SiC,"(30,100]秒",轴对称有限元集总真实体积,0.1274878923519043,0.10080721030383803,0.08449891832889554,0.620208740234375,11830,0.009436602995265275
空间平衡接续,490.0,SiC,"(100,200]秒",节点等权,0.10810802921769216,0.08226996246879623,0.05282018537352071,0.62579345703125,16900,0.009436602995265275
空间平衡接续,490.0,SiC,"(100,200]秒",轴对称有限元集总真实体积,0.1030645464706683,0.07775355594620947,0.05804643474850264,0.62579345703125,16900,0.009436602995265275
空间平衡接续,570.0,Cu,全时段,节点等权,0.21304973142389616,0.11476292421954613,0.05459832254389249,2.857269287109375,82921,0.009629978012526408
空间平衡接续,570.0,Cu,全时段,轴对称有限元集总真实体积,0.15427661724574773,0.08932786362633348,0.054047795383328275,2.857269287109375,82921,0.009629978012526408
空间平衡接续,570.0,Cu,"[0,30]秒",节点等权,0.19342940864841118,0.12440416612520579,0.03072510741369733,2.68817138671875,13136,0.009629978012526408
空间平衡接续,570.0,Cu,"[0,30]秒",轴对称有限元集总真实体积,0.15201113550294706,0.10283889383464942,0.03042853485502346,2.68817138671875,13136,0.009629978012526408
空间平衡接续,570.0,Cu,"(30,100]秒",节点等权,0.20979578959239462,0.10968107851107099,0.052149238274452975,2.8214111328125,28735,0.009629978012526408
空间平衡接续,570.0,Cu,"(30,100]秒",轴对称有限元集总真实体积,0.15091850849611918,0.08563049890999958,0.05174439860751096,2.8214111328125,28735,0.009629978012526408
空间平衡接续,570.0,Cu,"(100,200]秒",节点等权,0.22114567368066088,0.11523501880566762,0.06395211037416261,2.857269287109375,41050,0.009629978012526408
空间平衡接续,570.0,Cu,"(100,200]秒",轴对称有限元集总真实体积,0.15729187551830512,0.08759248926110612,0.06321833649545797,2.857269287109375,41050,0.009629978012526408
空间平衡接续,570.0,SiC,全时段,节点等权,0.11953946157701147,0.08970454718457758,0.03929227935917956,0.79248046875,34138,0.009629978012526408
空间平衡接续,570.0,SiC,全时段,轴对称有限元集总真实体积,0.11237185378458348,0.08383930247392783,0.04366113482991282,0.79248046875,34138,0.009629978012526408
空间平衡接续,570.0,SiC,"[0,30]秒",节点等权,0.13017028873302355,0.10021662853173251,0.032291485713078424,0.79248046875,5408,0.009629978012526408
空间平衡接续,570.0,SiC,"[0,30]秒",轴对称有限元集总真实体积,0.1168149565880575,0.09108494963202465,0.022726439011002846,0.79248046875,5408,0.009629978012526408
空间平衡接续,570.0,SiC,"(30,100]秒",节点等权,0.11931614372065526,0.08907685590213572,0.04555372301038805,0.6793212890625,11830,0.009629978012526408
空间平衡接续,570.0,SiC,"(30,100]秒",轴对称有限元集总真实体积,0.1152183240933316,0.08581288780462824,0.05168471930340906,0.6793212890625,11830,0.009629978012526408
空间平衡接续,570.0,SiC,"(100,200]秒",节点等权,0.11609281888661332,0.0867800650511973,0.037149522770085985,0.70654296875,16900,0.009629978012526408
空间平衡接续,570.0,SiC,"(100,200]秒",轴对称有限元集总真实体积,0.10884896538396573,0.08013918565184656,0.044743728360516655,0.70654296875,16900,0.009629978012526408
空间平衡接续,650.0,Cu,全时段,节点等权,0.24409837214682972,0.13135994336500442,0.06397328125070662,3.291839599609375,82921,0.00950910100073088
空间平衡接续,650.0,Cu,全时段,轴对称有限元集总真实体积,0.17674728066631357,0.10204703774314254,0.061980202080272315,3.291839599609375,82921,0.00950910100073088
空间平衡接续,650.0,Cu,"[0,30]秒",节点等权,0.22024883429501277,0.14139857739391629,0.023244040021071624,3.111236572265625,13136,0.00950910100073088
空间平衡接续,650.0,Cu,"[0,30]秒",轴对称有限元集总真实体积,0.17310778287239276,0.11694651939943179,0.025403173364440347,3.111236572265625,13136,0.00950910100073088
空间平衡接续,650.0,Cu,"(30,100]秒",节点等权,0.24019056442601874,0.12478219572100117,0.06348254175752023,3.2562255859375,28735,0.00950910100073088
空间平衡接续,650.0,Cu,"(30,100]秒",轴对称有限元集总真实体积,0.17222024112457957,0.09685109297883306,0.05987972119692636,3.2562255859375,28735,0.00950910100073088
空间平衡接续,650.0,Cu,"(100,200]秒",节点等权,0.25387516642042113,0.1327520038265549,0.0773501560894203,3.291839599609375,41050,0.00950910100073088
空间平衡接续,650.0,Cu,"(100,200]秒",轴对称有限元集总真实体积,0.18097764783560322,0.10091636494814667,0.07515518788768075,3.291839599609375,41050,0.00950910100073088
空间平衡接续,650.0,SiC,全时段,节点等权,0.13822891265320453,0.10420789701307698,0.04756965885277449,0.976318359375,34138,0.00950910100073088
空间平衡接续,650.0,SiC,全时段,轴对称有限元集总真实体积,0.12979606401769012,0.09732009822385089,0.05011282951551206,0.976318359375,34138,0.00950910100073088
空间平衡接续,650.0,SiC,"[0,30]秒",节点等权,0.14500047058778448,0.11110013476490269,0.00980381711700259,0.976318359375,5408,0.00950910100073088
空间平衡接续,650.0,SiC,"[0,30]秒",轴对称有限元集总真实体积,0.13199562435129528,0.10236042275434919,0.0014937032241034028,0.976318359375,5408,0.00950910100073088
空间平衡接续,650.0,SiC,"(30,100]秒",节点等权,0.1421245194946318,0.10716273871298473,0.06567488837221973,0.774139404296875,11830,0.00950910100073088
空间平衡接续,650.0,SiC,"(30,100]秒",轴对称有限元集总真实体积,0.13579796270252323,0.1024069848708649,0.0677629383730652,0.774139404296875,11830,0.00950910100073088
空间平衡接续,650.0,SiC,"(100,200]秒",节点等权,0.13315029189872996,0.09993399174255732,0.04698106754460984,0.80242919921875,16900,0.00950910100073088
空间平衡接续,650.0,SiC,"(100,200]秒",轴对称有限元集总真实体积,0.12468723194627811,0.09214637372118166,0.053315873728475634,0.80242919921875,16900,0.00950910100073088
空间平衡接续,730.0,Cu,全时段,节点等权,0.2711568645024882,0.14310889811596372,0.05140456180795859,3.6875,82921,0.009662623007898219
空间平衡接续,730.0,Cu,全时段,轴对称有限元集总真实体积,0.1951772726645583,0.11001860774132918,0.05555033259695222,3.6875,82921,0.009662623007898219
空间平衡接续,730.0,Cu,"[0,30]秒",节点等权,0.2487724371864322,0.15747345379586633,-0.010312074575296419,3.34112548828125,13136,0.009662623007898219
空间平衡接续,730.0,Cu,"[0,30]秒",轴对称有限元集总真实体积,0.19295655234143083,0.12685113903939116,0.00045833197950291153,3.34112548828125,13136,0.009662623007898219
空间平衡接续,730.0,Cu,"(30,100]秒",节点等权,0.26459146755448865,0.1323187662618812,0.04265497385864364,3.616058349609375,28735,0.009662623007898219
空间平衡接续,730.0,Cu,"(30,100]秒",轴对称有限元集总真实体积,0.18770519688916815,0.10091095265423533,0.04554638860137808,3.616058349609375,28735,0.009662623007898219
空间平衡接续,730.0,Cu,"(100,200]秒",节点等权,0.2823340004036966,0.14606533259625268,0.07727859701512066,3.6875,41050,0.009662623007898219
空间平衡接续,730.0,Cu,"(100,200]秒",轴对称有限元集总真实体积,0.20092943108994266,0.11100755628691512,0.0801825335914379,3.6875,41050,0.009662623007898219
空间平衡接续,730.0,SiC,全时段,节点等权,0.15000977435523127,0.1115477598434914,0.0018478653693396105,1.0943603515625,34138,0.009662623007898219
空间平衡接续,730.0,SiC,全时段,轴对称有限元集总真实体积,0.1378785405190885,0.10154143176717309,0.007270998922649931,1.0943603515625,34138,0.009662623007898219
空间平衡接续,730.0,SiC,"[0,30]秒",节点等权,0.1869522595091963,0.14864361215625288,-0.05370007464166224,1.0943603515625,5408,0.009662623007898219
空间平衡接续,730.0,SiC,"[0,30]秒",轴对称有限元集总真实体积,0.16793111093856208,0.13347442608736507,-0.061668015900048466,1.0943603515625,5408,0.009662623007898219
空间平衡接续,730.0,SiC,"(30,100]秒",节点等权,0.14161239593089814,0.10371863009661612,0.007293706331228867,0.81787109375,11830,0.009662623007898219
空间平衡接续,730.0,SiC,"(30,100]秒",轴对称有限元集总真实体积,0.13325072062811702,0.09654124648803566,0.01155119854690488,0.81787109375,11830,0.009662623007898219
空间平衡接续,730.0,SiC,"(100,200]秒",节点等权,0.14224523481637022,0.10515747792622042,0.015811117499537723,0.8712158203125,16900,0.009662623007898219
空间平衡接续,730.0,SiC,"(100,200]秒",轴对称有限元集总真实体积,0.13018406569078836,0.09482300328010786,0.026335343928934954,0.8712158203125,16900,0.009662623007898219
空间平衡接续,800.0,Cu,全时段,节点等权,0.29359840228412837,0.14880160763485067,-0.001655209385217745,3.935943603515625,82921,0.009766171002411284
空间平衡接续,800.0,Cu,全时段,轴对称有限元集总真实体积,0.20532955191626406,0.10829152441956902,0.02010472554793943,3.935943603515625,82921,0.009766171002411284
空间平衡接续,800.0,Cu,"[0,30]秒",节点等权,0.269148924828603,0.1695619088287911,-0.004044898680153776,3.642791748046875,13136,0.009766171002411284
空间平衡接续,800.0,Cu,"[0,30]秒",轴对称有限元集总真实体积,0.21105673461487798,0.1391881038537169,0.005396407570660271,3.642791748046875,13136,0.009766171002411284
空间平衡接续,800.0,Cu,"(30,100]秒",节点等权,0.2913583849309758,0.14414786701723453,-0.01392484219857915,3.902191162109375,28735,0.009766171002411284
空间平衡接续,800.0,Cu,"(30,100]秒",轴对称有限元集总真实体积,0.20179284059454838,0.10424416468334721,0.007883705411994334,3.902191162109375,28735,0.009766171002411284
空间平衡接续,800.0,Cu,"(100,200]秒",节点等权,0.30252286220995794,0.14541592968512104,0.007698234158514769,3.935943603515625,41050,0.009766171002411284
空间平衡接续,800.0,Cu,"(100,200]秒",轴对称有限元集总真实体积,0.20592480774545857,0.10123777081599701,0.033366101395830336,3.935943603515625,41050,0.009766171002411284
空间平衡接续,800.0,SiC,全时段,节点等权,0.24747554247815012,0.20432494119542144,-0.17778712236942015,0.992828369140625,34138,0.009766171002411284
空间平衡接续,800.0,SiC,全时段,轴对称有限元集总真实体积,0.21741843904854175,0.17762920493482035,-0.1542881414512635,0.992828369140625,34138,0.009766171002411284
空间平衡接续,800.0,SiC,"[0,30]秒",节点等权,0.20404598895205459,0.16142823145939753,-0.09917090489314152,0.99102783203125,5408,0.009766171002411284
空间平衡接续,800.0,SiC,"[0,30]秒",轴对称有限元集总真实体积,0.1901307163669364,0.15017991838534533,-0.1020136041895013,0.99102783203125,5408,0.009766171002411284
空间平衡接续,800.0,SiC,"(30,100]秒",节点等权,0.2544160887383623,0.21384151713483332,-0.19351797611755733,0.992828369140625,11830,0.009766171002411284
空间平衡接续,800.0,SiC,"(30,100]秒",轴对称有限元集总真实体积,0.22520465771324188,0.185529086151311,-0.16692370381496327,0.992828369140625,11830,0.009766171002411284
空间平衡接续,800.0,SiC,"(100,200]秒",节点等权,0.25510931733588854,0.21139028515336075,-0.19193271433813333,0.928070068359375,16900,0.009766171002411284
空间平衡接续,800.0,SiC,"(100,200]秒",轴对称有限元集总真实体积,0.2200388005611117,0.18088305977910885,-0.1621710997204376,0.928070068359375,16900,0.009766171002411284
