seed,split,power_w,modality,window,lower_s,upper_s,lower_closed,upper_closed,sample_count,rmse_c,mae_c,signed_bias_c,p95_abs_error_c,max_abs_error_c,delta_rmse_c,delta_mae_c,delta_signed_bias_c,empty_reason
0,validation,115.2,Top,time_0_30_s,0.0,30.0,true,true,606,3.2321602962142664,3.0024513773398827,-3.0024513773398827,4.762825012207031,5.716522216796875,1.1305910542944246,0.9898566822014232,0.9898566822014232,
0,validation,115.2,Top,time_30_100_s,30.0,100.0,false,true,1313,2.1291373455289135,1.8091026242235102,-0.6011771371322829,3.760156249999999,4.506011962890625,3.618242799066437,3.391130922409023,3.391130922409023,
0,validation,115.2,Top,time_100_200_s,100.0,200.0,false,true,0,,,,,,,,,no_observations_in_preregistered_window
0,validation,403.0,Top,time_0_30_s,0.0,30.0,true,true,606,2.304224650971898,1.7728388317347359,1.2810526932820234,5.1184844970703125,5.799346923828125,3.219950441537439,2.781749158802599,-2.781749158802599,
0,validation,403.0,Top,time_30_100_s,30.0,100.0,false,true,1414,1.2769190839288564,1.0452077514946152,0.04382377366999217,2.2584197998046873,4.528533935546875,4.221999222041772,4.0243610933121605,-4.019871216739108,
0,validation,403.0,Top,time_100_200_s,100.0,200.0,false,true,404,1.2160529977516568,0.9987227539570434,-0.049117549452881965,2.138986206054687,4.14111328125,4.323125340399458,4.115200334569906,-4.115200334569906,
0,validation,630.5,Top,time_0_30_s,0.0,30.0,true,true,606,10.49468174647567,9.27508203235511,9.211241992757351,16.854782104492188,18.85467529296875,4.96069622328376,3.689279059226125,-3.091283579713771,
0,validation,630.5,Top,time_30_100_s,30.0,100.0,false,true,1414,3.7401676495652767,3.2375036248852123,1.109119050158452,6.943310546874999,9.19586181640625,12.253467758654432,11.72161643564947,-11.72161643564947,
0,validation,630.5,Top,time_100_200_s,100.0,200.0,false,true,909,3.654223140257019,2.8128422683982928,-0.6080526037610745,7.7007080078124925,13.8358154296875,13.849310902156505,13.554853531551597,-13.554853531551597,
0,validation,115.2,Hot,time_0_30_s,0.0,30.0,true,true,30,0.8977058155947953,0.8580006917317707,-0.8580006917317707,1.3474243164062498,1.398529052734375,0.2646469462799626,0.21120707194010419,-0.018095906575520827,
0,validation,115.2,Hot,time_30_100_s,30.0,100.0,false,true,70,1.998674844101561,1.9888959612165173,-1.9888959612165173,2.2818756103515625,2.36834716796875,1.1658364853466288,1.148991176060268,-1.148991176060268,
0,validation,115.2,Hot,time_100_200_s,100.0,200.0,false,true,0,,,,,,,,,no_observations_in_preregistered_window
0,validation,403.0,Hot,time_0_30_s,0.0,30.0,true,true,30,0.32364548319943554,0.27597351074218757,0.27597351074218757,0.5983917236328123,0.6290283203125,0.3914495098026787,0.35305480957031254,-0.35305480957031254,
0,validation,403.0,Hot,time_30_100_s,30.0,100.0,false,true,70,0.5359490321681996,0.39791652134486605,0.39791652134486605,1.0800125122070312,1.175537109375,0.426985328489032,0.3909419468470982,-0.23111179896763398,
0,validation,403.0,Hot,time_100_200_s,100.0,200.0,false,true,26,1.5173828207438624,1.5068934513972354,1.5068934513972354,1.766326904296875,1.786834716796875,0.8957510475568239,0.8778651310847356,0.8778651310847356,
0,validation,630.5,Hot,time_0_30_s,0.0,30.0,true,true,30,0.6477795221765699,0.41083780924479163,0.37505900065104164,1.3159576416015621,1.442596435546875,0.6529638646612368,0.6074869791666667,-0.3839436848958333,
0,validation,630.5,Hot,time_30_100_s,30.0,100.0,false,true,70,0.5325399419876398,0.4811854771205357,-0.4307835170200893,0.7160797119140625,0.726470947265625,1.2302908432946735,1.189786202566964,-1.189786202566964,
0,validation,630.5,Hot,time_100_200_s,100.0,200.0,false,true,50,0.4135938520624145,0.3772235107421875,-0.20447937011718748,0.5438751220703125,0.62713623046875,1.0283704260853441,0.9634820556640626,-0.9634820556640626,
0,validation,115.2,Cold,time_0_30_s,0.0,30.0,true,true,30,0.3106466399493695,0.2573293050130208,-0.2573293050130208,0.5304428100585937,0.54302978515625,0.2230324523530672,0.15570780436197917,-0.13950093587239584,
0,validation,115.2,Cold,time_30_100_s,30.0,100.0,false,true,70,0.6656879792838516,0.6569357735770088,-0.6569357735770088,0.9111190795898437,1.00543212890625,0.5497387276478976,0.5391074044363839,-0.5391074044363839,
0,validation,115.2,Cold,time_100_200_s,100.0,200.0,false,true,0,,,,,,,,,no_observations_in_preregistered_window
0,validation,403.0,Cold,time_0_30_s,0.0,30.0,true,true,30,0.9366204220180697,0.8946756998697916,0.8946756998697916,1.2898239135742187,1.304107666015625,0.6858358659356869,0.6273417154947917,0.6273417154947917,
0,validation,403.0,Cold,time_30_100_s,30.0,100.0,false,true,70,0.33951980107109925,0.28396475655691966,0.28396475655691966,0.6342010498046874,0.748199462890625,0.18685367252557566,0.15168587820870538,0.016630772181919648,
0,validation,403.0,Cold,time_100_200_s,100.0,200.0,false,true,26,1.1685500939286186,1.1507720947265627,1.1507720947265627,1.4202499389648438,1.430755615234375,0.9064743806863835,0.8834381103515626,0.8834381103515626,
0,validation,630.5,Cold,time_0_30_s,0.0,30.0,true,true,30,1.0913103962996444,0.9931030273437499,0.9931030273437499,1.5634872436523437,1.570770263671875,0.5449096765485928,0.46478271484375,0.30368041992187494,
0,validation,630.5,Cold,time_30_100_s,30.0,100.0,false,true,70,0.2479736131431928,0.2352286202566965,-0.22155412946428577,0.307891845703125,0.311553955078125,0.9177599335776049,0.9109767368861608,-0.9109767368861608,
0,validation,630.5,Cold,time_100_200_s,100.0,200.0,false,true,50,0.24195659928418692,0.209317626953125,0.134471435546875,0.38054351806640624,0.3839111328125,0.5902806384462962,0.554951171875,-0.554951171875,
1,validation,115.2,Top,time_0_30_s,0.0,30.0,true,true,606,2.4401520201797426,2.1071085914133407,-2.0510886919380416,4.6534423828125,4.8404541015625,1.6809405040806127,1.4697285265025526,1.4671191224957456,
1,validation,115.2,Top,time_30_100_s,30.0,100.0,false,true,1313,2.55403164061245,2.1740689419283727,-1.064063694671375,4.507519531249998,5.433380126953125,2.7505647237411344,2.475388956178896,2.454144119762412,
1,validation,115.2,Top,time_100_200_s,100.0,200.0,false,true,0,,,,,,,,,no_observations_in_preregistered_window
1,validation,403.0,Top,time_0_30_s,0.0,30.0,true,true,606,3.017893964240203,2.51896083315607,2.2669684281050175,4.81939697265625,5.0931396484375,2.978978113870788,2.2659153198645057,-2.244432153481461,
1,validation,403.0,Top,time_30_100_s,30.0,100.0,false,true,1414,0.9100158740698014,0.6779499006598186,-0.06841201464637635,1.8006317138671857,4.283905029296875,4.657038821839474,4.578907545594004,-4.578907545594004,
1,validation,403.0,Top,time_100_200_s,100.0,200.0,false,true,404,0.7925700610988962,0.5763225348598264,-0.02159003969744945,1.4537872314453122,3.984588623046875,4.5961679385644585,4.529634732510283,-4.529634732510283,
1,validation,630.5,Top,time_0_30_s,0.0,30.0,true,true,606,11.733705449792016,10.813864960590848,10.759933235228996,16.94696807861328,17.9739990234375,6.167166392769915,4.482806289402611,-4.312678330788989,
1,validation,630.5,Top,time_30_100_s,30.0,100.0,false,true,1414,3.0012799392312495,2.532569166593137,1.3113864467769245,5.432357788085934,9.0167236328125,13.813205224247096,13.657455025286854,-13.657455025286854,
1,validation,630.5,Top,time_100_200_s,100.0,200.0,false,true,909,2.746740463931921,1.8989029820390915,-0.35022319038531435,6.296508789062493,11.97857666015625,15.432645532438059,15.311043859423565,-15.311043859423565,
1,validation,115.2,Hot,time_0_30_s,0.0,30.0,true,true,30,0.6547684867921743,0.5736399332682292,-0.5736399332682292,1.1845840454101562,1.263641357421875,0.4208987281382325,0.2878753662109375,-0.27838236490885415,
1,validation,115.2,Hot,time_30_100_s,30.0,100.0,false,true,70,2.586196879640012,2.5196306501116066,-2.5196306501116066,3.401911926269531,3.5042724609375,2.299502401412492,2.2243730817522325,-2.2243730817522325,
1,validation,115.2,Hot,time_100_200_s,100.0,200.0,false,true,0,,,,,,,,,no_observations_in_preregistered_window
1,validation,403.0,Hot,time_0_30_s,0.0,30.0,true,true,30,0.5263953529010632,0.4628041585286459,0.45851135253906256,0.8218475341796874,0.906768798828125,0.31425919392196977,0.22607930501302084,-0.1786041259765625,
1,validation,403.0,Hot,time_30_100_s,30.0,100.0,false,true,70,0.3127826886431388,0.26505998883928567,0.26505998883928567,0.561273193359375,0.56866455078125,0.40743281658409525,0.3720554896763393,-0.3720554896763393,
1,validation,403.0,Hot,time_100_200_s,100.0,200.0,false,true,26,0.528913996534309,0.5025658240685097,0.5025658240685097,0.738067626953125,0.751922607421875,0.21279383853879089,0.17209331805889425,-0.1345496544471154,
1,validation,630.5,Hot,time_0_30_s,0.0,30.0,true,true,30,0.5187490902264595,0.45409545898437487,0.4153767903645833,0.7964202880859375,0.853363037109375,0.4664749061296617,0.4089396158854167,0.3479024251302083,
1,validation,630.5,Hot,time_30_100_s,30.0,100.0,false,true,70,0.9957611423981293,0.817781284877232,-0.7836661202566965,1.6182647705078126,1.619781494140625,1.0496893782037717,0.8742937360491072,-0.8511404854910715,
1,validation,630.5,Hot,time_100_200_s,100.0,200.0,false,true,50,1.3331780798884691,1.3276904296875,-1.3276904296875,1.5465728759765625,1.5823974609375,1.4003880607177155,1.3951647949218748,-1.3951647949218748,
1,validation,115.2,Cold,time_0_30_s,0.0,30.0,true,true,30,0.421033183093496,0.36126505533854164,-0.25552368164062494,0.7276809692382812,0.772552490234375,0.5914636595517154,0.49132486979166656,-0.4877014160156249,
1,validation,115.2,Cold,time_30_100_s,30.0,100.0,false,true,70,1.2081310027622547,1.1996961321149553,-1.1996961321149553,1.40897216796875,1.4183349609375,1.4389483937795133,1.4318738664899555,-1.4318738664899555,
1,validation,115.2,Cold,time_100_200_s,100.0,200.0,false,true,0,,,,,,,,,no_observations_in_preregistered_window
1,validation,403.0,Cold,time_0_30_s,0.0,30.0,true,true,30,0.5004204157895763,0.4714823404947917,0.4714823404947917,0.7010299682617187,0.727386474609375,0.48360839939936207,0.45359903971354165,0.45359903971354165,
1,validation,403.0,Cold,time_30_100_s,30.0,100.0,false,true,70,0.37838565551335956,0.3087611607142857,-0.10942208426339284,0.7056503295898438,0.71728515625,0.3839390222875172,0.3082502092633929,-0.12730538504464287,
1,validation,403.0,Cold,time_100_200_s,100.0,200.0,false,true,26,0.08162909198314253,0.0800910362830529,0.0800910362830529,0.1074371337890625,0.109466552734375,0.06417582817043593,0.06220773550180289,0.06220773550180289,
1,validation,630.5,Cold,time_0_30_s,0.0,30.0,true,true,30,0.45627019080356634,0.40936686197916666,0.40159505208333335,0.7890106201171875,0.82257080078125,0.5616104793811368,0.5181722005208333,0.5181722005208333,
1,validation,630.5,Cold,time_30_100_s,30.0,100.0,false,true,70,0.654426593173185,0.5561126708984375,-0.5489384242466517,1.1362884521484375,1.160919189453125,0.5602473070503613,0.45432957240513394,-0.4323612758091518,
1,validation,630.5,Cold,time_100_200_s,100.0,200.0,false,true,50,0.6051322035052674,0.6003997802734375,-0.6003997802734375,0.6888137817382812,0.691986083984375,0.489682985862692,0.48382263183593754,-0.48382263183593754,
2,validation,115.2,Top,time_0_30_s,0.0,30.0,true,true,606,2.3790365210298856,2.0959019424891707,-1.9209821342241646,3.9633712768554688,4.254119873046875,1.2319164866761274,1.0717277904548268,1.0717277904548268,
2,validation,115.2,Top,time_30_100_s,30.0,100.0,false,true,1313,2.1236486607293683,1.829597351120704,-1.027947756323484,3.7455261230468744,4.255584716796875,2.1838808259902804,1.9682168139815786,1.9647621683555077,
2,validation,115.2,Top,time_100_200_s,100.0,200.0,false,true,0,,,,,,,,,no_observations_in_preregistered_window
2,validation,403.0,Top,time_0_30_s,0.0,30.0,true,true,606,3.0479830133914483,2.44051993089934,1.8637126255350145,5.800041198730469,6.71636962890625,3.671595694491414,3.0562442993566936,-3.0562442993566936,
2,validation,403.0,Top,time_30_100_s,30.0,100.0,false,true,1414,1.1219639148924268,0.7853885799860011,-0.4544188500353925,2.4573303222656246,3.894927978515625,5.490301871837763,5.376448560275533,-5.376448560275533,
2,validation,403.0,Top,time_100_200_s,100.0,200.0,false,true,404,0.9290070855263133,0.6674358950505819,-0.5749967705154078,2.1030380249023426,3.281829833984375,5.573600327107057,5.502672843850775,-5.502672843850775,
2,validation,630.5,Top,time_0_30_s,0.0,30.0,true,true,606,8.67652751457055,7.530805591870166,7.104364702742554,13.752273559570312,16.58050537109375,5.246353712450764,3.924225569095405,-3.452428150783102,
2,validation,630.5,Top,time_30_100_s,30.0,100.0,false,true,1414,3.4662157772266946,2.6937494392144736,-1.0945226602306524,6.38812255859375,10.18402099609375,12.044029099419927,11.895580494483662,-11.895580494483662,
2,validation,630.5,Top,time_100_200_s,100.0,200.0,false,true,909,3.723883894173173,2.71094323489874,-2.709368607157407,7.7828735351562495,11.60400390625,13.597048319495565,13.565694952063632,-13.565694952063632,
2,validation,115.2,Hot,time_0_30_s,0.0,30.0,true,true,30,0.9979804353908079,0.9396270751953125,0.9396270751953125,1.3355239868164062,1.354095458984375,0.40666104556914523,0.28683776855468757,-0.22870788574218753,
2,validation,115.2,Hot,time_30_100_s,30.0,100.0,false,true,70,0.6782280194428388,0.5636239188058035,-0.5068045479910713,1.208135986328125,1.3038330078125,1.7347146079013622,1.6751395089285714,-1.6751395089285714,
2,validation,115.2,Hot,time_100_200_s,100.0,200.0,false,true,0,,,,,,,,,no_observations_in_preregistered_window
2,validation,403.0,Hot,time_0_30_s,0.0,30.0,true,true,30,2.1975122827120575,2.179788208007812,2.179788208007812,2.7195602416992184,2.786285400390625,0.5952869756748983,0.5261016845703125,0.5261016845703125,
2,validation,403.0,Hot,time_30_100_s,30.0,100.0,false,true,70,2.3098490550966964,2.305623081752232,2.305623081752232,2.574046325683594,2.58489990234375,0.6667279342353211,0.6519365583147321,0.6519365583147321,
2,validation,403.0,Hot,time_100_200_s,100.0,200.0,false,true,26,2.4648062402638558,2.45385976938101,2.45385976938101,2.857086181640625,2.912994384765625,0.8331381984885791,0.8001732459435096,0.8001732459435096,
2,validation,630.5,Hot,time_0_30_s,0.0,30.0,true,true,30,1.4747060321977683,1.37159423828125,1.37159423828125,2.3036346435546875,2.32012939453125,1.3965126760767286,1.287152099609375,1.287152099609375,
2,validation,630.5,Hot,time_30_100_s,30.0,100.0,false,true,70,1.023044838330052,0.9035003662109374,0.9035003662109374,1.6831771850585937,1.730865478515625,0.9492966920778215,0.8190582275390625,0.8190582275390625,
2,validation,630.5,Hot,time_100_200_s,100.0,200.0,false,true,50,0.7765732678462223,0.5734674072265625,0.5734674072265625,1.5193832397460936,1.6123046875,0.7164823001771842,0.5000372314453125,0.4890252685546875,
2,validation,115.2,Cold,time_0_30_s,0.0,30.0,true,true,30,1.6440552416835161,1.6348358154296874,1.6348358154296874,1.8622146606445313,1.8787841796875,0.23202769013712743,0.1731231689453125,-0.15364685058593752,
2,validation,115.2,Cold,time_30_100_s,30.0,100.0,false,true,70,0.5752024205333252,0.5463928222656249,0.5463928222656249,0.9598342895507811,1.1474609375,1.2550298356257914,1.2420898437499999,-1.2420898437499999,
2,validation,115.2,Cold,time_100_200_s,100.0,200.0,false,true,0,,,,,,,,,no_observations_in_preregistered_window
2,validation,403.0,Cold,time_0_30_s,0.0,30.0,true,true,30,2.197286610043947,2.138197835286458,2.138197835286458,2.932997131347656,2.958099365234375,0.7202772131601141,0.5536275227864583,0.5124654134114582,
2,validation,403.0,Cold,time_30_100_s,30.0,100.0,false,true,70,1.7927572189104928,1.7669433593750001,1.7669433593750001,2.103648376464844,2.111053466796875,0.3344101367870055,0.29945765904017857,0.1412109375,
2,validation,403.0,Cold,time_100_200_s,100.0,200.0,false,true,26,2.1616034912360016,2.159795907827524,2.159795907827524,2.3251876831054688,2.349090576171875,0.5413271625208864,0.5340634859525242,0.5340634859525242,
2,validation,630.5,Cold,time_0_30_s,0.0,30.0,true,true,30,1.7034596900934937,1.640621948242187,1.640621948242187,2.418562316894531,2.476715087890625,0.9860460286345281,0.8730133056640627,0.8730133056640627,
2,validation,630.5,Cold,time_30_100_s,30.0,100.0,false,true,70,0.8590677335414114,0.8150691441127231,0.8150691441127231,1.1627304077148437,1.16845703125,0.27552161500188327,0.2423727852957589,0.04746050153459821,
2,validation,630.5,Cold,time_100_200_s,100.0,200.0,false,true,50,0.6145116711599433,0.5844354248046875,0.5844354248046875,0.9725189208984374,1.040130615234375,0.26384134614314314,0.24006408691406253,-0.18317321777343748,
3,validation,115.2,Top,time_0_30_s,0.0,30.0,true,true,606,3.1866237453422155,2.8791001826623095,-2.8723995095432393,5.1077880859375,5.4244384765625,1.4093977342282282,1.2463939402363087,1.2463939402363087,
3,validation,115.2,Top,time_30_100_s,30.0,100.0,false,true,1313,3.1820530401320837,2.689607084206017,-2.1117707112320305,5.486383056640623,6.2110595703125,2.397951321633141,2.058904620226521,2.007022738547518,
3,validation,115.2,Top,time_100_200_s,100.0,200.0,false,true,0,,,,,,,,,no_observations_in_preregistered_window
3,validation,403.0,Top,time_0_30_s,0.0,30.0,true,true,606,2.3349635310058936,1.8399375688911663,1.4309067427128452,4.486625671386719,4.7857666015625,2.9759606158343064,2.442959473864867,-2.4419521923505827,
3,validation,403.0,Top,time_30_100_s,30.0,100.0,false,true,1414,1.312071862612855,1.00668688563298,-0.8633108482187177,2.7207229614257793,5.164337158203125,4.815676752273208,4.736453459048883,-4.736453459048883,
3,validation,403.0,Top,time_100_200_s,100.0,200.0,false,true,404,1.064045139827398,0.7716506436041017,-0.7295240530068465,2.2968673706054683,4.863800048828125,4.658943462332866,4.603498590602154,-4.603498590602154,
3,validation,630.5,Top,time_0_30_s,0.0,30.0,true,true,606,10.721435481448163,9.741270535021576,9.697510669097621,16.138031005859375,19.92755126953125,5.924904504889486,4.5590794584081396,-4.321418608077471,
3,validation,630.5,Top,time_30_100_s,30.0,100.0,false,true,1414,2.648076034599996,2.040883648527945,0.4806170854220145,5.449584960937499,8.3017578125,13.908382542894103,13.769740335305363,-13.769740335305363,
3,validation,630.5,Top,time_100_200_s,100.0,200.0,false,true,909,2.610157212860165,1.3899225281125822,-1.1056754820383325,6.539099121093749,12.06121826171875,15.489700508752078,15.4170896430416,-15.4170896430416,
3,validation,115.2,Hot,time_0_30_s,0.0,30.0,true,true,30,1.9101693349908848,1.8889322916666664,-1.8889322916666664,2.2938262939453122,2.320587158203125,0.5247608141867661,0.44123942057291665,-0.44123942057291665,
3,validation,115.2,Hot,time_30_100_s,30.0,100.0,false,true,70,3.243335366576999,3.1761749267578123,-3.1761749267578123,4.371955871582031,4.54400634765625,1.8489963092112507,1.7284820556640625,-1.7284820556640625,
3,validation,115.2,Hot,time_100_200_s,100.0,200.0,false,true,0,,,,,,,,,no_observations_in_preregistered_window
3,validation,403.0,Hot,time_0_30_s,0.0,30.0,true,true,30,0.9437513998989118,0.919049072265625,-0.919049072265625,1.2117660522460938,1.4024658203125,0.5288735764538304,0.48341674804687496,0.48341674804687496,
3,validation,403.0,Hot,time_30_100_s,30.0,100.0,false,true,70,0.934498077057519,0.9306658063616071,-0.9306658063616071,1.0933074951171875,1.102996826171875,0.47931520532689426,0.47180001395089277,0.47180001395089277,
3,validation,403.0,Hot,time_100_200_s,100.0,200.0,false,true,26,0.58121085435559,0.5532707801231972,-0.5532707801231972,0.780181884765625,0.800079345703125,0.8676576037612621,0.8491950401893029,0.8491950401893029,
3,validation,630.5,Hot,time_0_30_s,0.0,30.0,true,true,30,1.2990122422602117,1.2441721598307292,-1.2441721598307292,1.7632415771484375,1.775726318359375,0.4458918487509288,0.35416158040364576,0.24362080891927088,
3,validation,630.5,Hot,time_30_100_s,30.0,100.0,false,true,70,1.9651440708684924,1.9512599400111605,-1.9512599400111605,2.434159851074219,2.52001953125,0.5188231868635265,0.46346697126116077,-0.46346697126116077,
3,validation,630.5,Hot,time_100_200_s,100.0,200.0,false,true,50,2.2381694546253796,2.1747290039062497,-2.1747290039062497,2.6573760986328123,2.65985107421875,0.8670855687780694,0.7758056640625001,-0.68693603515625,
3,validation,115.2,Cold,time_0_30_s,0.0,30.0,true,true,30,1.5634003976981763,1.5446584065755204,-1.5446584065755204,1.9556976318359376,1.960968017578125,0.38873011246194206,0.30472920735677084,-0.30472920735677084,
3,validation,115.2,Cold,time_30_100_s,30.0,100.0,false,true,70,2.562150787258495,2.52866472516741,-2.52866472516741,3.019880676269531,3.0623779296875,1.3532592583040102,1.2887355259486606,-1.2887355259486606,
3,validation,115.2,Cold,time_100_200_s,100.0,200.0,false,true,0,,,,,,,,,no_observations_in_preregistered_window
3,validation,403.0,Cold,time_0_30_s,0.0,30.0,true,true,30,0.7967749572774583,0.7011179606119792,-0.6837636311848959,1.1299057006835938,1.14276123046875,0.48188365189883614,0.3343129475911458,0.25474344889322914,
3,validation,403.0,Cold,time_30_100_s,30.0,100.0,false,true,70,0.9396066189885357,0.9072387695312502,-0.9072387695312502,1.2729385375976563,1.28460693359375,0.24648756713259729,0.21790597098214282,0.031268310546875,
3,validation,403.0,Cold,time_100_200_s,100.0,200.0,false,true,26,0.42446478011941613,0.42163790189302885,-0.42163790189302885,0.49065399169921875,0.505035400390625,0.5191777890152905,0.5168691781850961,0.5168691781850961,
3,validation,630.5,Cold,time_0_30_s,0.0,30.0,true,true,30,0.8516872145892526,0.7195088704427084,-0.705963134765625,1.4448196411132812,1.479522705078125,0.5399092957530754,0.4568155924479166,0.253997802734375,
3,validation,630.5,Cold,time_30_100_s,30.0,100.0,false,true,70,1.3044041743968708,1.2922720772879464,-1.2922720772879464,1.5713485717773437,1.579986572265625,0.37674105440347533,0.33231113978794646,-0.33231113978794646,
3,validation,630.5,Cold,time_100_200_s,100.0,200.0,false,true,50,1.3042185087859002,1.3005499267578124,-1.3005499267578124,1.407177734375,1.41094970703125,0.3543397610678538,0.3405889892578125,-0.3405889892578125,
4,validation,115.2,Top,time_0_30_s,0.0,30.0,true,true,606,2.481478248423162,2.2359157851820335,-2.2260783481912645,4.120277404785156,4.19598388671875,1.4291669069464763,1.2340811046436675,1.2340811046436675,
4,validation,115.2,Top,time_30_100_s,30.0,100.0,false,true,1313,2.9463126988419033,2.402636723398527,-1.6030255540672005,5.71712036132812,6.781097412109375,2.620201778556862,2.2206508755593104,1.8571338987677315,
4,validation,115.2,Top,time_100_200_s,100.0,200.0,false,true,0,,,,,,,,,no_observations_in_preregistered_window
4,validation,403.0,Top,time_0_30_s,0.0,30.0,true,true,606,2.947380576485535,2.343910494259875,2.0627944493057706,5.3342437744140625,5.681121826171875,3.1099742438902984,2.480689473671488,-2.4798228953144337,
4,validation,403.0,Top,time_30_100_s,30.0,100.0,false,true,1414,1.398843235146777,0.9998333823178477,-0.5147145589175601,2.4411743164062467,6.71588134765625,5.277645322313706,5.0626175716772845,-5.054619591494293,
4,validation,403.0,Top,time_100_200_s,100.0,200.0,false,true,404,1.2363919823073586,0.8648638759931985,-0.27337046486762273,2.1064483642578122,6.162506103515625,5.058651384764117,4.80607180901626,-4.80607180901626,
4,validation,630.5,Top,time_0_30_s,0.0,30.0,true,true,606,11.097572537877175,9.999268294190898,9.955324048174802,16.4432373046875,19.39715576171875,5.418835112913483,3.9039542263954035,-3.6312415662837454,
4,validation,630.5,Top,time_30_100_s,30.0,100.0,false,true,1414,3.4262928157746995,2.6427530244768773,0.5208139325815831,6.208413696289061,13.06744384765625,13.433573830932916,13.181452732805095,-13.181452732805095,
4,validation,630.5,Top,time_100_200_s,100.0,200.0,false,true,909,3.438914486012098,1.8013659526884804,-1.2199978555845798,8.318920898437476,16.98638916015625,15.13281393581504,14.968970053966837,-14.968970053966837,
4,validation,115.2,Hot,time_0_30_s,0.0,30.0,true,true,30,1.1404170587203786,1.101551310221354,-1.101551310221354,1.6088790893554685,1.660400390625,0.4948818779050623,0.3972056070963541,-0.3972056070963541,
4,validation,115.2,Hot,time_30_100_s,30.0,100.0,false,true,70,2.4045978777121997,2.391379220145089,-2.391379220145089,2.6194686889648438,2.63006591796875,1.7057193398989912,1.6870335170200892,-1.6870335170200892,
4,validation,115.2,Hot,time_100_200_s,100.0,200.0,false,true,0,,,,,,,,,no_observations_in_preregistered_window
4,validation,403.0,Hot,time_0_30_s,0.0,30.0,true,true,30,0.5655803853493635,0.4957682291666667,-0.4957682291666667,0.8583602905273438,0.918914794921875,0.5031382030330324,0.42314656575520837,0.42314656575520837,
4,validation,403.0,Hot,time_30_100_s,30.0,100.0,false,true,70,0.36334484844874027,0.28514971051897325,-0.2651763916015625,0.6315505981445313,0.64532470703125,0.6993388736565445,0.6537384033203125,0.6537384033203125,
4,validation,403.0,Hot,time_100_200_s,100.0,200.0,false,true,26,0.20904132931135458,0.19616816594050485,0.19616816594050485,0.3327789306640625,0.35400390625,1.1174194993991329,1.11508296086238,1.11508296086238,
4,validation,630.5,Hot,time_0_30_s,0.0,30.0,true,true,30,1.1223156661322424,1.1048421223958333,-1.1048421223958333,1.389453125,1.454864501953125,0.3362692979766502,0.27899373372395836,0.2723246256510417,
4,validation,630.5,Hot,time_30_100_s,30.0,100.0,false,true,70,1.78581666292971,1.6640119280133925,-1.6640119280133925,2.496136474609375,2.512725830078125,0.7088621969724306,0.6237025669642856,-0.2868451799665178,
4,validation,630.5,Hot,time_100_200_s,100.0,200.0,false,true,50,1.8787266553829434,1.8660021972656249,-1.8660021972656249,2.1213470458984376,2.127349853515625,0.5353594510785609,0.490184326171875,-0.48883544921875,
4,validation,115.2,Cold,time_0_30_s,0.0,30.0,true,true,30,0.8024193451861679,0.7775105794270832,-0.7775105794270832,1.1410003662109374,1.16851806640625,0.38255664918688076,0.3271016438802083,-0.3271016438802083,
4,validation,115.2,Cold,time_30_100_s,30.0,100.0,false,true,70,1.3950958875295565,1.3885820661272321,-1.3885820661272321,1.7083984374999999,1.83770751953125,0.9477875310293208,0.9381731305803573,-0.9381731305803573,
4,validation,115.2,Cold,time_100_200_s,100.0,200.0,false,true,0,,,,,,,,,no_observations_in_preregistered_window
4,validation,403.0,Cold,time_0_30_s,0.0,30.0,true,true,30,0.6316568679280085,0.5683583577473957,-0.5683583577473957,0.9860656738281249,1.048797607421875,0.5538781893224188,0.4804392496744792,0.4804392496744792,
4,validation,403.0,Cold,time_30_100_s,30.0,100.0,false,true,70,0.8236781059967142,0.6968497140066964,-0.6968497140066964,1.28651123046875,1.299468994140625,0.5627729720469007,0.4569335937499999,0.3519478934151785,
4,validation,403.0,Cold,time_100_200_s,100.0,200.0,false,true,26,0.3920993844424681,0.35341585599459135,-0.3456315260667068,0.5153274536132812,0.51885986328125,0.7271336283224321,0.7031660813551683,0.7031660813551683,
4,validation,630.5,Cold,time_0_30_s,0.0,30.0,true,true,30,1.386510434331309,1.3327636718749998,-1.3327636718749998,1.87637939453125,1.9552001953125,0.7304651977670285,0.6224365234375,0.6224365234375,
4,validation,630.5,Cold,time_30_100_s,30.0,100.0,false,true,70,2.0098464314024267,1.9892033168247765,-1.9892033168247765,2.3817520141601562,2.39752197265625,0.2893251707455736,0.25847385951450885,-0.03400312151227679,
4,validation,630.5,Cold,time_100_200_s,100.0,200.0,false,true,50,1.969346111740076,1.89742919921875,-1.89742919921875,2.494978332519531,2.498504638671875,0.5304941373545171,0.47307128906249996,0.05777099609375,
