seed,split,power_w,radial_window,lower_mm,upper_mm,lower_closed,upper_closed,sample_count,rmse_c,mae_c,signed_bias_c,p95_abs_error_c,max_abs_error_c
0,validation,115.2,center_0_8_mm,0.0,8.0,true,true,608,3.3875824175194444,3.2324434581555814,-3.2324434581555814,4.762730407714844,5.716522216796875
0,validation,115.2,middle_8_17_mm,8.0,17.0,false,true,684,2.0597822816185016,1.6959782204432794,-1.3803917511164794,3.6868301391601563,4.520599365234375
0,validation,115.2,outer_17_25_mm,17.0,25.0,false,true,627,1.9579630927036145,1.7056819057920904,0.4795573598079893,3.28126220703125,4.175506591796875
0,validation,403.0,center_0_8_mm,0.0,8.0,true,true,768,1.8652388926342358,1.4967024178239623,1.488324960070713,3.12269287109375,5.798553466796875
0,validation,403.0,middle_8_17_mm,8.0,17.0,false,true,864,1.4515539905701034,1.08622410595624,-0.032462958246999546,2.261712646484375,5.799346923828125
0,validation,403.0,outer_17_25_mm,17.0,25.0,false,true,792,1.4317364224325442,1.09390269022173,-0.3803514741002834,3.075743103027343,4.528533935546875
0,validation,630.5,center_0_8_mm,0.0,8.0,true,true,928,6.540247183634911,4.903085011660158,4.882482112786838,16.267620849609376,18.85467529296875
0,validation,630.5,middle_8_17_mm,8.0,17.0,false,true,1044,5.2072379403990405,3.723722449411057,1.664433041206011,10.098983764648434,16.969512939453125
0,validation,630.5,outer_17_25_mm,17.0,25.0,false,true,957,4.951578112621649,4.0291859637814404,-1.6684247019962326,9.161199951171874,13.8358154296875
1,validation,115.2,center_0_8_mm,0.0,8.0,true,true,608,3.569220864745616,3.483522114000822,-3.483522114000822,4.84847412109375,5.433380126953125
1,validation,115.2,middle_8_17_mm,8.0,17.0,false,true,684,1.9505660452335616,1.684182908799913,-1.5709882145039518,3.4183380126953127,4.681243896484375
1,validation,115.2,outer_17_25_mm,17.0,25.0,false,true,627,1.7061641907275136,1.373999636709405,0.8811196261805971,3.325674438476561,4.648590087890625
1,validation,403.0,center_0_8_mm,0.0,8.0,true,true,768,1.5864940649401642,0.9438015433367246,0.6994204847355427,4.272848510742187,5.0931396484375
1,validation,403.0,middle_8_17_mm,8.0,17.0,false,true,864,1.6920981732614657,1.0941406248664227,0.7763730063616339,4.749043273925781,5.0037841796875
1,validation,403.0,outer_17_25_mm,17.0,25.0,false,true,792,1.7900805443594456,1.3231751165126309,0.07783496064090445,4.276368713378905,4.99371337890625
1,validation,630.5,center_0_8_mm,0.0,8.0,true,true,928,5.688062303518532,3.8665922391891674,3.8658710109497716,15.110322570800781,16.853271484375
1,validation,630.5,middle_8_17_mm,8.0,17.0,false,true,1044,6.406719037731899,4.219702705519821,3.7522268981345013,14.51325378417968,17.9739990234375
1,validation,630.5,outer_17_25_mm,17.0,25.0,false,true,957,5.858017667165958,4.1964016980495025,-0.1215408202806183,13.630645751953121,16.6748046875
2,validation,115.2,center_0_8_mm,0.0,8.0,true,true,608,3.006381127311471,2.93865946719521,-2.93865946719521,4.162519836425782,4.255584716796875
2,validation,115.2,middle_8_17_mm,8.0,17.0,false,true,684,1.9387557229773194,1.7078908730668627,-1.6521283869157757,3.1960449218750004,4.00946044921875
2,validation,115.2,outer_17_25_mm,17.0,25.0,false,true,627,1.4315986338710665,1.1442991801236044,0.6426637883771928,2.851998901367187,3.886962890625
2,validation,403.0,center_0_8_mm,0.0,8.0,true,true,768,1.9243952018813797,1.018302814498204,0.8500098060624905,4.783985900878905,6.71636962890625
2,validation,403.0,middle_8_17_mm,8.0,17.0,false,true,864,1.793664649938048,1.1871412006201483,0.1409664985910402,4.58394317626953,5.85369873046875
2,validation,403.0,outer_17_25_mm,17.0,25.0,false,true,792,1.6413801417790368,1.3279889344766413,-0.6582300621198127,3.327455139160154,3.9488525390625
2,validation,630.5,center_0_8_mm,0.0,8.0,true,true,928,4.81198198725594,2.927832403109266,2.208473808105569,12.81501007080078,16.58050537109375
2,validation,630.5,middle_8_17_mm,8.0,17.0,false,true,1044,4.861409262847822,3.5528457884268065,0.1731924570321055,10.497169494628904,13.60101318359375
2,validation,630.5,outer_17_25_mm,17.0,25.0,false,true,957,5.653890129494594,5.159835697810946,-3.567620917761355,9.039392089843748,11.60400390625
3,validation,115.2,center_0_8_mm,0.0,8.0,true,true,608,4.490690053296746,4.428851529171592,-4.428851529171592,5.817939758300781,6.2110595703125
3,validation,115.2,middle_8_17_mm,8.0,17.0,false,true,684,2.9325868970136857,2.727283143160636,-2.7239375421178273,4.559101867675781,5.071014404296875
3,validation,115.2,outer_17_25_mm,17.0,25.0,false,true,627,1.4426004485080015,1.14511230079371,0.06776070480711721,2.8953796386718733,4.26641845703125
3,validation,403.0,center_0_8_mm,0.0,8.0,true,true,768,1.5737825277038182,1.0308773439528502,0.21041510135628996,4.374942016601562,4.7857666015625
3,validation,403.0,middle_8_17_mm,8.0,17.0,false,true,864,1.2894487642999166,0.9794009409505918,-0.2771038707317809,2.9579544067382773,4.19146728515625
3,validation,403.0,outer_17_25_mm,17.0,25.0,false,true,792,1.8974070663069615,1.529452832591778,-0.7216285987365122,3.6172805786132796,5.164337158203125
3,validation,630.5,center_0_8_mm,0.0,8.0,true,true,928,5.617305438061044,3.318180459232274,3.1626435960055654,15.978504943847655,19.92755126953125
3,validation,630.5,middle_8_17_mm,8.0,17.0,false,true,1044,5.090086857434468,2.9496877767792236,2.1884315378798123,11.537458801269526,15.970489501953125
3,validation,630.5,outer_17_25_mm,17.0,25.0,false,true,957,5.3539638794378135,4.092719790224432,-0.5515987971010828,11.262841796874993,14.220977783203125
4,validation,115.2,center_0_8_mm,0.0,8.0,true,true,608,4.063413449834487,3.9009493275692586,-3.9009493275692586,6.198515319824218,6.781097412109375
4,validation,115.2,middle_8_17_mm,8.0,17.0,false,true,684,2.334508624554812,2.033185680010165,-1.956963745474118,4.176646423339844,5.336273193359375
4,validation,115.2,outer_17_25_mm,17.0,25.0,false,true,627,1.4742784011949102,1.1916280500056073,0.40919355912642047,2.7742767333984375,3.842498779296875
4,validation,403.0,center_0_8_mm,0.0,8.0,true,true,768,1.9527578346473973,1.226752542348107,0.7931394592597332,5.228549194335937,5.681121826171875
4,validation,403.0,middle_8_17_mm,8.0,17.0,false,true,864,1.6988746991998198,1.1797566123477279,0.1585509109765293,4.234082031249992,5.48724365234375
4,validation,403.0,outer_17_25_mm,17.0,25.0,false,true,792,2.016880353243827,1.542228964329462,-0.42379779560307207,4.450051879882811,6.71588134765625
4,validation,630.5,center_0_8_mm,0.0,8.0,true,true,928,5.869637014524713,3.652687756016455,3.427792585978474,15.631076049804687,19.39715576171875
4,validation,630.5,middle_8_17_mm,8.0,17.0,false,true,1044,5.677461657857834,3.6432794074323787,2.7598767076500317,12.496511840820313,16.517486572265625
4,validation,630.5,outer_17_25_mm,17.0,25.0,false,true,957,6.159581698982726,4.583830527381673,-1.419735498412511,11.949523925781245,16.98638916015625
