方法,随机种子,LF来源,人为已吸收一维热流_W_m2,数值来源折,原锁最佳模型_SHA256,数值参考原档_SHA256,双材料厚度加权RMSE_K,SiC厚度加权RMSE_K,Cu厚度加权RMSE_K,非探针附近内部RMSE_K,非探针附近真实单元数,七时七深细网格差_K,仅七时七深差若近模型全域RMSE须限缩结论,七时刻名义余额均值绝对差_W,七时刻名义余额最坏绝对差_W,真CUDA完整单元网络前向_秒
F1,0,,20000,train,a3bf2b364b123e58ffb9c12da349111728524276e49792ffed9bd0e41368d93a,6688108f3e3b29c599f7cfe71e4d94abc32bb879eee6de62a4878370ba0e358e,0.9014533793563617,1.0710289559597659,0.28780742334427384,0.944770234309989,240,0.0390133151689156,false,37.704605783735005,47.618988037109375,0.10318256900063716
F1,1,,20000,train,05df18c3c0df99ee2c86a0e72267e0c9f047bb07d71e73a0c1b954903537d5d2,6688108f3e3b29c599f7cfe71e4d94abc32bb879eee6de62a4878370ba0e358e,0.8437818123491341,1.0072280468832984,0.2277700230717919,0.8878284455636899,240,0.0390133151689156,false,32.35553795950754,40.812042236328125,0.047576648998074234
F1,2,,20000,train,242662b7983255e93458d7c311590f3fc38d2b823c582ab7874dedcbb5fc0996,6688108f3e3b29c599f7cfe71e4d94abc32bb879eee6de62a4878370ba0e358e,0.6611511083136793,0.7917919521740285,0.15159745985902837,0.6931227143302605,240,0.0390133151689156,false,27.83031804221017,38.82340621948242,0.04660413000965491
F1,3,,20000,train,119219a1d1a7bf472a7eb7dacbd4ee2291aed240cf2d2ca5daa70007d6bf9061,6688108f3e3b29c599f7cfe71e4d94abc32bb879eee6de62a4878370ba0e358e,0.8881124904380159,1.0599210546791207,0.2418958147013113,0.9320001394578173,240,0.0390133151689156,false,32.43749754769461,35.480098724365234,0.046540604991605505
F1,4,,20000,train,67c75c2ab532cb71f353808bdde0c6cf23bade05a5f882fa968ad0a8aac53b5b,6688108f3e3b29c599f7cfe71e4d94abc32bb879eee6de62a4878370ba0e358e,0.8084498120553433,0.9718783088688053,0.13703009538009325,0.850427528189934,240,0.0390133151689156,false,28.286588873182023,39.774383544921875,0.04653497599065304
F2,0,lf_same_physics_coarse,20000,train,ea2b67b4927a9fb48f08083a3b2f6399130134e71d168b16a20c44aa2f2968d5,6688108f3e3b29c599f7cfe71e4d94abc32bb879eee6de62a4878370ba0e358e,0.27526221416231517,0.3176658685667531,0.14461438751490951,0.28199542557512575,240,0.0390133151689156,false,30.3265380859375,47.53813552856445,0.08523505998891778
F3,0,lf_same_physics_coarse,20000,train,15c1db6fc11320f8e99311cd503f06e06555fad65ed2372376d67e05bbe414f4,6688108f3e3b29c599f7cfe71e4d94abc32bb879eee6de62a4878370ba0e358e,0.31910177547080837,0.3799148983316146,0.0952795358253661,0.33237498857368225,240,0.0390133151689156,false,32.345377513340544,49.34022521972656,0.08476198799326085
F2,1,lf_same_physics_coarse,20000,train,b3a15f2748472367ef40e5d763b4df875c59e3d302f87bc3a65a293fb84ff25d,6688108f3e3b29c599f7cfe71e4d94abc32bb879eee6de62a4878370ba0e358e,0.5237495989192368,0.4216030832588978,0.6964192603049305,0.4980103421177079,240,0.0390133151689156,false,19.35492604119437,25.196937561035156,0.08545642398530617
F3,1,lf_same_physics_coarse,20000,train,0f6c7648d36cdbf3e30b8b27a7e8a336afdac139e625951871d9d19774557143,6688108f3e3b29c599f7cfe71e4d94abc32bb879eee6de62a4878370ba0e358e,0.7002881601621513,0.7970764654769167,0.4173707040512932,0.723539904709327,240,0.0390133151689156,false,27.97783306666783,31.401630401611328,0.08471663598902524
F2,2,lf_same_physics_coarse,20000,train,e2b8de152b8b456d2913d910b61ab754b57164079b1be856e247bea52f9cd30e,6688108f3e3b29c599f7cfe71e4d94abc32bb879eee6de62a4878370ba0e358e,0.3278980418927092,0.36791055271808426,0.21627070798711334,0.33440674196805825,240,0.0390133151689156,false,1.9687504002026148,8.19182014465332,0.08570965498802252
F3,2,lf_same_physics_coarse,20000,train,fd40721521f91baa74515915f6a3ec5d8c69e2b744a24a1713ca30806e8b0808,6688108f3e3b29c599f7cfe71e4d94abc32bb879eee6de62a4878370ba0e358e,0.757573091218911,0.914351782241236,0.0448778527670387,0.7967114328410639,240,0.0390133151689156,false,25.325704302106583,34.411014556884766,0.0850349820102565
F2,3,lf_same_physics_coarse,20000,train,0cfc46947a911aa69a35f17a271d2e8fa7d4e34bd443862e009425bf6f2370b3,6688108f3e3b29c599f7cfe71e4d94abc32bb879eee6de62a4878370ba0e358e,0.8546907944833375,1.0237259676697363,0.19423880123502843,0.901607361660846,240,0.0390133151689156,false,7.066199438912528,7.7778496742248535,0.08539292300702073
F3,3,lf_same_physics_coarse,20000,train,40dc114e0761003675a86ae395f0e6078d6c3c481583c2b7a80b5bc4da8628c5,6688108f3e3b29c599f7cfe71e4d94abc32bb879eee6de62a4878370ba0e358e,0.5771264007122523,0.6939151304676111,0.09590899330407315,0.6058778262112231,240,0.0390133151689156,false,22.309341975620814,24.258668899536133,0.08481578002101742
F2,4,lf_same_physics_coarse,20000,train,f4f0b6a755c80696b456641b9908003bed22b5cb3fac30f1366a63523a5f41aa,6688108f3e3b29c599f7cfe71e4d94abc32bb879eee6de62a4878370ba0e358e,0.6018574756914886,0.5138514424629612,0.7592517499899126,0.5801838410885977,240,0.0390133151689156,false,32.604254313877654,47.247581481933594,0.08579786599148065
F3,4,lf_same_physics_coarse,20000,train,ebe76fffb4c4d5dbd95c1dd0a53cac1646dc50cca0f85b39be73fb93750d185d,6688108f3e3b29c599f7cfe71e4d94abc32bb879eee6de62a4878370ba0e358e,0.5632404027041227,0.5362527661085242,0.6180454965250266,0.5562256353160822,240,0.0390133151689156,false,25.602756908961705,50.0095100402832,0.08479838399216533
F2,0,lf_contact_mismatch_coarse,20000,train,cb2e149fdb282417a9a4c24c8347ebcbae36bb470b5fef0ad55fe81e48ca34ef,6688108f3e3b29c599f7cfe71e4d94abc32bb879eee6de62a4878370ba0e358e,0.6125168228308319,0.7245569015377049,0.21983571411296104,0.6364761413281629,240,0.0390133151689156,false,26.09216853550502,40.33293914794922,0.08548879600130022
F3,0,lf_contact_mismatch_coarse,20000,train,97c3424f03a224c8d1c22779f0fd586745bc3992dd5fdeee8ee64120a86078c3,6688108f3e3b29c599f7cfe71e4d94abc32bb879eee6de62a4878370ba0e358e,0.7211272582114746,0.8695575336561318,0.06989016358851415,0.7616242504232366,240,0.0390133151689156,false,27.377519607543945,31.52113914489746,0.0846295109950006
F2,1,lf_contact_mismatch_coarse,20000,train,217697d41127dec7ae2b31b369d4488e2c4de424e96fe2dec66512eb446ad92f,6688108f3e3b29c599f7cfe71e4d94abc32bb879eee6de62a4878370ba0e358e,0.7593060187813293,0.9056111801915417,0.2123330195287829,0.7973261174071896,240,0.0390133151689156,false,46.25160871233259,51.9863166809082,0.08586451000883244
F3,1,lf_contact_mismatch_coarse,20000,train,cfcf416e44092f5c7ca961bedfc5f1178f3ca5aa28ac12c181cb23b6167f13fd,6688108f3e3b29c599f7cfe71e4d94abc32bb879eee6de62a4878370ba0e358e,0.7203111034905192,0.8550430584625744,0.2361270535518233,0.7544238634448435,240,0.0390133151689156,false,28.529681069510325,32.357547760009766,0.08456490698154084
F2,2,lf_contact_mismatch_coarse,20000,train,704d134e5f08ed6b1e4a2ce32c40b16d568b0577b75458b0eda2d472b27d7470,6688108f3e3b29c599f7cfe71e4d94abc32bb879eee6de62a4878370ba0e358e,0.8671254097627261,1.0418443757328328,0.15555583360642342,0.9120547014415804,240,0.0390133151689156,false,27.556155068533762,43.812416076660156,0.08518408000236377
F3,2,lf_contact_mismatch_coarse,20000,train,1d127b21115dd6a8aa55b0d33961c1f5ddbb2657fbc8de8e7e5316018588fb50,6688108f3e3b29c599f7cfe71e4d94abc32bb879eee6de62a4878370ba0e358e,0.7099125057738429,0.8561714109657927,0.06497843416341163,0.7454099799426029,240,0.0390133151689156,false,27.42326899937221,34.375030517578125,0.08445157200912945
F2,3,lf_contact_mismatch_coarse,20000,train,9580e9402e9033de437a9fef5736022ab0265523fd4433c75aeef63aae678ce1,6688108f3e3b29c599f7cfe71e4d94abc32bb879eee6de62a4878370ba0e358e,0.6630969407139633,0.7967878891692292,0.1177484914419743,0.6978245705948958,240,0.0390133151689156,false,43.29110336303711,51.47239303588867,0.08485550299519673
F3,3,lf_contact_mismatch_coarse,20000,train,9e9e147c794364ed1fe8c8e9e7fa7c556b23be00f84a2e74b91b092dad2a9f61,6688108f3e3b29c599f7cfe71e4d94abc32bb879eee6de62a4878370ba0e358e,0.5808254927870166,0.69921563518529,0.08195273016317188,0.6103439190274306,240,0.0390133151689156,false,23.25128664289202,24.97313690185547,0.084532538021449
F2,4,lf_contact_mismatch_coarse,20000,train,516e74212b4ac9205a0e7cd4d31ba660ba7b7c9698f661e5694d6b00c0a02ae9,6688108f3e3b29c599f7cfe71e4d94abc32bb879eee6de62a4878370ba0e358e,0.5732042725975881,0.3940027537577258,0.840670390229588,0.5269731718279266,240,0.0390133151689156,false,27.10961968558175,37.180362701416016,0.08558824201463722
F3,4,lf_contact_mismatch_coarse,20000,train,e6d9e27e14673cfb4b2208f42140b7a2cb8fe0c6c7c136c79137365a82d8fa73,6688108f3e3b29c599f7cfe71e4d94abc32bb879eee6de62a4878370ba0e358e,0.5173451949446874,0.449702693353763,0.6405985466592513,0.49705791198963184,240,0.0390133151689156,false,16.951356955936976,36.18239974975586,0.08493884399649687
F1,0,,30000,validation,a3bf2b364b123e58ffb9c12da349111728524276e49792ffed9bd0e41368d93a,ed97f8a0efb68f6a7427059ae762cf927700de32a10076263a7b2457dc5ab4d1,1.314037465915532,1.5786643891277783,0.23778448608228447,1.383132087996608,240,0.05851997273936149,false,51.3893198285784,63.637020111083984,0.04676763602765277
F1,1,,30000,validation,05df18c3c0df99ee2c86a0e72267e0c9f047bb07d71e73a0c1b954903537d5d2,ed97f8a0efb68f6a7427059ae762cf927700de32a10076263a7b2457dc5ab4d1,1.2129153952418423,1.4527488104812833,0.2762135056929012,1.278689839726385,240,0.05851997273936149,false,42.170551027570454,55.74623107910156,0.04668955900706351
F1,2,,30000,validation,242662b7983255e93458d7c311590f3fc38d2b823c582ab7874dedcbb5fc0996,ed97f8a0efb68f6a7427059ae762cf927700de32a10076263a7b2457dc5ab4d1,0.9897839130895412,1.1921325736432553,0.12799327254641588,1.0398137629408872,240,0.05851997273936149,false,39.465086936950684,55.79214859008789,0.04688521401840262
F1,3,,30000,validation,119219a1d1a7bf472a7eb7dacbd4ee2291aed240cf2d2ca5daa70007d6bf9061,ed97f8a0efb68f6a7427059ae762cf927700de32a10076263a7b2457dc5ab4d1,1.4165322964744762,1.7022617083766627,0.2495546892336288,1.4904017676670351,240,0.05851997273936149,false,46.468031202043804,50.95172119140625,0.046806077007204294
F1,4,,30000,validation,67c75c2ab532cb71f353808bdde0c6cf23bade05a5f882fa968ad0a8aac53b5b,ed97f8a0efb68f6a7427059ae762cf927700de32a10076263a7b2457dc5ab4d1,1.2016639979417665,1.4444030332193312,0.20641304602702965,1.2642742979517787,240,0.05851997273936149,false,41.82632786887033,58.15803909301758,0.04692827898543328
F2,0,lf_same_physics_coarse,30000,validation,ea2b67b4927a9fb48f08083a3b2f6399130134e71d168b16a20c44aa2f2968d5,ed97f8a0efb68f6a7427059ae762cf927700de32a10076263a7b2457dc5ab4d1,0.6849849571449548,0.8219425121337969,0.13751226885860007,0.7217668584381252,240,0.05851997273936149,false,24.86174992152623,54.460411071777344,0.0844958060188219
F3,0,lf_same_physics_coarse,30000,validation,15c1db6fc11320f8e99311cd503f06e06555fad65ed2372376d67e05bbe414f4,ed97f8a0efb68f6a7427059ae762cf927700de32a10076263a7b2457dc5ab4d1,0.8117252897190438,0.9723986825765359,0.1829076666948517,0.8562166929688988,240,0.05851997273936149,false,33.04087366376604,57.58047103881836,0.0854990610096138
F2,1,lf_same_physics_coarse,30000,validation,b3a15f2748472367ef40e5d763b4df875c59e3d302f87bc3a65a293fb84ff25d,ed97f8a0efb68f6a7427059ae762cf927700de32a10076263a7b2457dc5ab4d1,0.7878107974391373,0.807428734177519,0.7432127421507052,0.7902189701129084,240,0.05851997273936149,false,48.523953029087615,59.91443634033203,0.08501659400644712
F3,1,lf_same_physics_coarse,30000,validation,0f6c7648d36cdbf3e30b8b27a7e8a336afdac139e625951871d9d19774557143,ed97f8a0efb68f6a7427059ae762cf927700de32a10076263a7b2457dc5ab4d1,1.0742927298130147,1.26046476390525,0.4535873496509637,1.1215471342656276,240,0.05851997273936149,false,39.02445520673479,44.542991638183594,0.08588481298647821
F2,2,lf_same_physics_coarse,30000,validation,e2b8de152b8b456d2913d910b61ab754b57164079b1be856e247bea52f9cd30e,ed97f8a0efb68f6a7427059ae762cf927700de32a10076263a7b2457dc5ab4d1,0.7353039053977685,0.8846872658133952,0.11257190277782489,0.7705995816290286,240,0.05851997273936149,false,24.317252567836217,33.5406494140625,0.08448637500987388
F3,2,lf_same_physics_coarse,30000,validation,fd40721521f91baa74515915f6a3ec5d8c69e2b744a24a1713ca30806e8b0808,ed97f8a0efb68f6a7427059ae762cf927700de32a10076263a7b2457dc5ab4d1,1.0893602488821843,1.3133890268132373,0.11075101332626955,1.145517153819658,240,0.05851997273936149,false,35.04133871623448,50.06950378417969,0.0858144760131836
F2,3,lf_same_physics_coarse,30000,validation,0cfc46947a911aa69a35f17a271d2e8fa7d4e34bd443862e009425bf6f2370b3,ed97f8a0efb68f6a7427059ae762cf927700de32a10076263a7b2457dc5ab4d1,1.428373161917382,1.7163701601291264,0.25343270597657247,1.509851387113198,240,0.05851997273936149,false,16.462774412972585,19.70633888244629,0.08467583102174103
F3,3,lf_same_physics_coarse,30000,validation,40dc114e0761003675a86ae395f0e6078d6c3c481583c2b7a80b5bc4da8628c5,ed97f8a0efb68f6a7427059ae762cf927700de32a10076263a7b2457dc5ab4d1,0.9498667832874546,1.1423062133420678,0.15430726984361715,0.997889975703132,240,0.05851997273936149,false,41.06719861711775,42.184940338134766,0.08546067800489254
F2,4,lf_same_physics_coarse,30000,validation,f4f0b6a755c80696b456641b9908003bed22b5cb3fac30f1366a63523a5f41aa,ed97f8a0efb68f6a7427059ae762cf927700de32a10076263a7b2457dc5ab4d1,0.5946998153102777,0.5835647055246905,0.618298919230224,0.5887171539851226,240,0.05851997273936149,false,34.1725766318185,60.275733947753906,0.08458295598393306
F3,4,lf_same_physics_coarse,30000,validation,ebe76fffb4c4d5dbd95c1dd0a53cac1646dc50cca0f85b39be73fb93750d185d,ed97f8a0efb68f6a7427059ae762cf927700de32a10076263a7b2457dc5ab4d1,0.6299118860145847,0.6669643448896259,0.5403214488102631,0.6373607375573302,240,0.05851997273936149,false,44.7868344443185,75.61177825927734,0.08569258797797374
F2,0,lf_contact_mismatch_coarse,30000,validation,cb2e149fdb282417a9a4c24c8347ebcbae36bb470b5fef0ad55fe81e48ca34ef,ed97f8a0efb68f6a7427059ae762cf927700de32a10076263a7b2457dc5ab4d1,1.0931363454327072,1.3178623044969904,0.1131700863825911,1.154242955290804,240,0.05851997273936149,false,21.466174398149764,46.78196334838867,0.08454463302041404
F3,0,lf_contact_mismatch_coarse,30000,validation,97c3424f03a224c8d1c22779f0fd586745bc3992dd5fdeee8ee64120a86078c3,ed97f8a0efb68f6a7427059ae762cf927700de32a10076263a7b2457dc5ab4d1,1.1174255223003224,1.344766444614857,0.165383838002054,1.1800648404836618,240,0.05851997273936149,false,40.06148093087332,46.318992614746094,0.08539244599523954
F2,1,lf_contact_mismatch_coarse,30000,validation,217697d41127dec7ae2b31b369d4488e2c4de424e96fe2dec66512eb446ad92f,ed97f8a0efb68f6a7427059ae762cf927700de32a10076263a7b2457dc5ab4d1,1.1974149236750393,1.438616148346341,0.21580575137689792,1.261261051617451,240,0.05851997273936149,false,67.25890840802874,77.32424926757812,0.08464338298654184
F3,1,lf_contact_mismatch_coarse,30000,validation,cfcf416e44092f5c7ca961bedfc5f1178f3ca5aa28ac12c181cb23b6167f13fd,ed97f8a0efb68f6a7427059ae762cf927700de32a10076263a7b2457dc5ab4d1,1.1059997499819094,1.327023355744813,0.2234963825186608,1.162976097976392,240,0.05851997273936149,false,39.44176891871861,46.24037170410156,0.08587616300792433
F2,2,lf_contact_mismatch_coarse,30000,validation,704d134e5f08ed6b1e4a2ce32c40b16d568b0577b75458b0eda2d472b27d7470,ed97f8a0efb68f6a7427059ae762cf927700de32a10076263a7b2457dc5ab4d1,1.2482838951600204,1.5054274652370625,0.11519131434012085,1.3148154483900372,240,0.05851997273936149,false,41.60124479021345,59.5712776184082,0.08461090899072587
F3,2,lf_contact_mismatch_coarse,30000,validation,1d127b21115dd6a8aa55b0d33961c1f5ddbb2657fbc8de8e7e5316018588fb50,ed97f8a0efb68f6a7427059ae762cf927700de32a10076263a7b2457dc5ab4d1,1.044823665999253,1.2601499071057742,0.09366785372480468,1.0976289963999304,240,0.05851997273936149,false,38.35213552202497,50.85616683959961,0.08567314100218937
F2,3,lf_contact_mismatch_coarse,30000,validation,9580e9402e9033de437a9fef5736022ab0265523fd4433c75aeef63aae678ce1,ed97f8a0efb68f6a7427059ae762cf927700de32a10076263a7b2457dc5ab4d1,1.0968503527750353,1.3211367898149668,0.1408307674715439,1.1558056962545948,240,0.05851997273936149,false,69.04981885637555,79.62335205078125,0.0844760840118397
F3,3,lf_contact_mismatch_coarse,30000,validation,9e9e147c794364ed1fe8c8e9e7fa7c556b23be00f84a2e74b91b092dad2a9f61,ed97f8a0efb68f6a7427059ae762cf927700de32a10076263a7b2457dc5ab4d1,0.9347566009092083,1.126097930238848,0.11584842734427916,0.9830261462928056,240,0.05851997273936149,false,40.29897362845285,40.90467071533203,0.08565654800622724
F2,4,lf_contact_mismatch_coarse,30000,validation,516e74212b4ac9205a0e7cd4d31ba660ba7b7c9698f661e5694d6b00c0a02ae9,ed97f8a0efb68f6a7427059ae762cf927700de32a10076263a7b2457dc5ab4d1,0.7821325329400636,0.8251803607637539,0.6787992340053405,0.7899262776060676,240,0.05851997273936149,false,25.375323159354075,42.478816986083984,0.08462956399307586
F3,4,lf_contact_mismatch_coarse,30000,validation,e6d9e27e14673cfb4b2208f42140b7a2cb8fe0c6c7c136c79137365a82d8fa73,ed97f8a0efb68f6a7427059ae762cf927700de32a10076263a7b2457dc5ab4d1,0.7880036269048848,0.8781253305723222,0.5416088618776002,0.8109145705361336,240,0.05851997273936149,false,33.53192547389439,56.69987869262695,0.08527561798109673
F1,0,,35000,train,a3bf2b364b123e58ffb9c12da349111728524276e49792ffed9bd0e41368d93a,f025cb99cc26cd27d5cd96ce4c115a717bcccfc712ef2cdfb3dd4c7534d44e38,1.5204397133684466,1.8284711174031192,0.24706149718779902,1.6012478419243492,240,0.06827330152555078,false,58.097681862967356,71.48489379882812,0.04656126900226809
F1,1,,35000,train,05df18c3c0df99ee2c86a0e72267e0c9f047bb07d71e73a0c1b954903537d5d2,f025cb99cc26cd27d5cd96ce4c115a717bcccfc712ef2cdfb3dd4c7534d44e38,1.3976557471173423,1.6749279439548814,0.30766698971638134,1.473994910871931,240,0.06827330152555078,false,47.04176657540457,63.13829040527344,0.04685624499688856
F1,2,,35000,train,242662b7983255e93458d7c311590f3fc38d2b823c582ab7874dedcbb5fc0996,f025cb99cc26cd27d5cd96ce4c115a717bcccfc712ef2cdfb3dd4c7534d44e38,1.1526566783709788,1.3895421688974214,0.12126271153724517,1.2113273635513315,240,0.06827330152555078,false,45.06754684448242,64.0774917602539,0.046751142013818026
F1,3,,35000,train,119219a1d1a7bf472a7eb7dacbd4ee2291aed240cf2d2ca5daa70007d6bf9061,f025cb99cc26cd27d5cd96ce4c115a717bcccfc712ef2cdfb3dd4c7534d44e38,1.6678372878959473,2.0054540370686107,0.27544033940531865,1.7553929741502097,240,0.06827330152555078,false,53.33566556658064,58.53879928588867,0.04653197299921885
F1,4,,35000,train,67c75c2ab532cb71f353808bdde0c6cf23bade05a5f882fa968ad0a8aac53b5b,f025cb99cc26cd27d5cd96ce4c115a717bcccfc712ef2cdfb3dd4c7534d44e38,1.3982042858985844,1.68067340012958,0.23973830600089302,1.4711672277731502,240,0.06827330152555078,false,48.498830114092144,67.21704864501953,0.04651468200609088
F2,0,lf_same_physics_coarse,35000,train,ea2b67b4927a9fb48f08083a3b2f6399130134e71d168b16a20c44aa2f2968d5,f025cb99cc26cd27d5cd96ce4c115a717bcccfc712ef2cdfb3dd4c7534d44e38,0.9231351834994616,1.1046265190344438,0.22186316999669448,0.9745493639135617,240,0.06827330152555078,false,22.329934120178223,58.07122802734375,0.08532342599937692
F3,0,lf_same_physics_coarse,35000,train,15c1db6fc11320f8e99311cd503f06e06555fad65ed2372376d67e05bbe414f4,f025cb99cc26cd27d5cd96ce4c115a717bcccfc712ef2cdfb3dd4c7534d44e38,1.0696336460779796,1.2797631972484362,0.25884579544508224,1.1296219969206447,240,0.06827330152555078,false,33.58992140633719,61.79887008666992,0.08460031400318258
F2,1,lf_same_physics_coarse,35000,train,b3a15f2748472367ef40e5d763b4df875c59e3d302f87bc3a65a293fb84ff25d,f025cb99cc26cd27d5cd96ce4c115a717bcccfc712ef2cdfb3dd4c7534d44e38,0.9368053896564352,1.0041870105506754,0.7695780769249307,0.9511888929802865,240,0.06827330152555078,false,63.17926761082241,76.80309295654297,0.08543842099606991
F3,1,lf_same_physics_coarse,35000,train,0f6c7648d36cdbf3e30b8b27a7e8a336afdac139e625951871d9d19774557143,f025cb99cc26cd27d5cd96ce4c115a717bcccfc712ef2cdfb3dd4c7534d44e38,1.2691070817296741,1.498834205597605,0.47252244299837126,1.3282779749302722,240,0.06827330152555078,false,45.09516470772879,51.58174514770508,0.08474379498511553
F2,2,lf_same_physics_coarse,35000,train,e2b8de152b8b456d2913d910b61ab754b57164079b1be856e247bea52f9cd30e,f025cb99cc26cd27d5cd96ce4c115a717bcccfc712ef2cdfb3dd4c7534d44e38,0.9812898092433541,1.1835827213541366,0.08618465453817054,1.0311668074515254,240,0.06827330152555078,false,35.45894840785435,46.063880920410156,0.08468983200145885
F3,2,lf_same_physics_coarse,35000,train,fd40721521f91baa74515915f6a3ec5d8c69e2b744a24a1713ca30806e8b0808,f025cb99cc26cd27d5cd96ce4c115a717bcccfc712ef2cdfb3dd4c7534d44e38,1.2585484303874122,1.5164567535236062,0.14974501348356747,1.3232869446260094,240,0.06827330152555078,false,40.24326665060861,58.19794464111328,0.08463136301725172
F2,3,lf_same_physics_coarse,35000,train,0cfc46947a911aa69a35f17a271d2e8fa7d4e34bd443862e009425bf6f2370b3,f025cb99cc26cd27d5cd96ce4c115a717bcccfc712ef2cdfb3dd4c7534d44e38,1.719470492600066,2.0661473589739305,0.3052717576792213,1.8179240452591505,240,0.06827330152555078,false,21.854308945792063,25.555105209350586,0.0852618409844581
F3,3,lf_same_physics_coarse,35000,train,40dc114e0761003675a86ae395f0e6078d6c3c481583c2b7a80b5bc4da8628c5,f025cb99cc26cd27d5cd96ce4c115a717bcccfc712ef2cdfb3dd4c7534d44e38,1.1487805149820607,1.381567506157939,0.18583788838918894,1.2071300147919761,240,0.06827330152555078,false,50.97517721993582,52.70886993408203,0.0849411659874022
F2,4,lf_same_physics_coarse,35000,train,f4f0b6a755c80696b456641b9908003bed22b5cb3fac30f1366a63523a5f41aa,f025cb99cc26cd27d5cd96ce4c115a717bcccfc712ef2cdfb3dd4c7534d44e38,0.6605288792055078,0.7036779940035511,0.5548577825467997,0.6695658059124566,240,0.06827330152555078,false,34.52385820661272,66.96646881103516,0.08624871799838729
F3,4,lf_same_physics_coarse,35000,train,ebe76fffb4c4d5dbd95c1dd0a53cac1646dc50cca0f85b39be73fb93750d185d,f025cb99cc26cd27d5cd96ce4c115a717bcccfc712ef2cdfb3dd4c7534d44e38,0.7254590962787852,0.8057522485934019,0.5079818399006505,0.7455723346648738,240,0.06827330152555078,false,54.317404065813335,88.0206069946289,0.08479501100373454
F2,0,lf_contact_mismatch_coarse,35000,train,cb2e149fdb282417a9a4c24c8347ebcbae36bb470b5fef0ad55fe81e48ca34ef,f025cb99cc26cd27d5cd96ce4c115a717bcccfc712ef2cdfb3dd4c7534d44e38,1.33751090282475,1.611599115659843,0.15917357616297537,1.4149997036570534,240,0.06827330152555078,false,19.396866389683314,50.22806167602539,0.08499243500409648
F3,0,lf_contact_mismatch_coarse,35000,train,97c3424f03a224c8d1c22779f0fd586745bc3992dd5fdeee8ee64120a86078c3,f025cb99cc26cd27d5cd96ce4c115a717bcccfc712ef2cdfb3dd4c7534d44e38,1.3141829679147243,1.5803662034438621,0.2145427426790504,1.3877162891334176,240,0.06827330152555078,false,46.319375719342915,53.642066955566406,0.08467845999985002
F2,1,lf_contact_mismatch_coarse,35000,train,217697d41127dec7ae2b31b369d4488e2c4de424e96fe2dec66512eb446ad92f,f025cb99cc26cd27d5cd96ce4c115a717bcccfc712ef2cdfb3dd4c7534d44e38,1.4206866505271047,1.7090105683433343,0.22260005298667254,1.4975422665678682,240,0.06827330152555078,false,78.32164818899972,90.42453002929688,0.08490837301360443
F3,1,lf_contact_mismatch_coarse,35000,train,cfcf416e44092f5c7ca961bedfc5f1178f3ca5aa28ac12c181cb23b6167f13fd,f025cb99cc26cd27d5cd96ce4c115a717bcccfc712ef2cdfb3dd4c7534d44e38,1.3026230281786142,1.5660036003931312,0.2199425006018173,1.3709617440981772,240,0.06827330152555078,false,45.46139580862863,53.628395080566406,0.0846893790003378
F2,2,lf_contact_mismatch_coarse,35000,train,704d134e5f08ed6b1e4a2ce32c40b16d568b0577b75458b0eda2d472b27d7470,f025cb99cc26cd27d5cd96ce4c115a717bcccfc712ef2cdfb3dd4c7534d44e38,1.4418475043261252,1.7396532622337855,0.10825246307758421,1.5191494916225259,240,0.06827330152555078,false,48.789761134556365,67.65538787841797,0.0846675639913883
F3,2,lf_contact_mismatch_coarse,35000,train,1d127b21115dd6a8aa55b0d33961c1f5ddbb2657fbc8de8e7e5316018588fb50,f025cb99cc26cd27d5cd96ce4c115a717bcccfc712ef2cdfb3dd4c7534d44e38,1.2132097564711417,1.4623240095269652,0.13291513004728783,1.2744845526334867,240,0.06827330152555078,false,44.150263105119976,59.390262603759766,0.08464493099018
F2,3,lf_contact_mismatch_coarse,35000,train,9580e9402e9033de437a9fef5736022ab0265523fd4433c75aeef63aae678ce1,f025cb99cc26cd27d5cd96ce4c115a717bcccfc712ef2cdfb3dd4c7534d44e38,1.3182706904860937,1.587177124941163,0.18220045063759416,1.3892517271235338,240,0.06827330152555078,false,82.25477164132255,93.97566986083984,0.08476056100334972
F3,3,lf_contact_mismatch_coarse,35000,train,9e9e147c794364ed1fe8c8e9e7fa7c556b23be00f84a2e74b91b092dad2a9f61,f025cb99cc26cd27d5cd96ce4c115a717bcccfc712ef2cdfb3dd4c7534d44e38,1.1229669738004167,1.352460045285628,0.1468959651559955,1.1810292925340176,240,0.06827330152555078,false,49.266793387276785,50.49184036254883,0.08420290300273336
F2,4,lf_contact_mismatch_coarse,35000,train,516e74212b4ac9205a0e7cd4d31ba660ba7b7c9698f661e5694d6b00c0a02ae9,f025cb99cc26cd27d5cd96ce4c115a717bcccfc712ef2cdfb3dd4c7534d44e38,0.9441551690854187,1.0641921378862125,0.604520596216026,0.9754995174900856,240,0.06827330152555078,false,24.158676283700125,46.87209701538086,0.08488627299084328
F3,4,lf_contact_mismatch_coarse,35000,train,e6d9e27e14673cfb4b2208f42140b7a2cb8fe0c6c7c136c79137365a82d8fa73,f025cb99cc26cd27d5cd96ce4c115a717bcccfc712ef2cdfb3dd4c7534d44e38,0.9689383455047316,1.1197204106714973,0.5017136049078845,1.010905784882313,240,0.06827330152555078,false,41.8895639692034,66.72331237792969,0.0844485749839805
F1,0,,42000,hidden_test,a3bf2b364b123e58ffb9c12da349111728524276e49792ffed9bd0e41368d93a,4a6a1c3182e4747813296ea50ce8373687e999d2e724ebff4986ab88f7b096cb,1.8126479085071932,2.1803928882065415,0.28612137935158766,1.9095309984163145,240,0.081927961824249,false,67.44841384887695,82.40177154541016,0.04671724999207072
F1,1,,42000,hidden_test,05df18c3c0df99ee2c86a0e72267e0c9f047bb07d71e73a0c1b954903537d5d2,4a6a1c3182e4747813296ea50ce8373687e999d2e724ebff4986ab88f7b096cb,1.662667206713956,1.9934788937927865,0.3543475451040724,1.7541214970028538,240,0.081927961824249,false,54.05790138244629,73.56599426269531,0.04642596701160073
F1,2,,42000,hidden_test,242662b7983255e93458d7c311590f3fc38d2b823c582ab7874dedcbb5fc0996,4a6a1c3182e4747813296ea50ce8373687e999d2e724ebff4986ab88f7b096cb,1.3787181688458325,1.6630650166732184,0.11731334354902667,1.4491941691246393,240,0.081927961824249,false,52.60250881740025,75.3948974609375,0.04628423499525525
F1,3,,42000,hidden_test,119219a1d1a7bf472a7eb7dacbd4ee2291aed240cf2d2ca5daa70007d6bf9061,4a6a1c3182e4747813296ea50ce8373687e999d2e724ebff4986ab88f7b096cb,1.9965655876659527,2.401314716430922,0.32024114329828285,2.102028692977528,240,0.081927961824249,false,62.6059820992606,68.83381652832031,0.046604233008110896
F1,4,,42000,hidden_test,67c75c2ab532cb71f353808bdde0c6cf23bade05a5f882fa968ad0a8aac53b5b,4a6a1c3182e4747813296ea50ce8373687e999d2e724ebff4986ab88f7b096cb,1.6757788545702916,2.0144330864218998,0.2856636766552031,1.7633995703877714,240,0.081927961824249,false,57.689183371407644,79.6923599243164,0.04654581399518065
F2,0,lf_same_physics_coarse,42000,hidden_test,ea2b67b4927a9fb48f08083a3b2f6399130134e71d168b16a20c44aa2f2968d5,4a6a1c3182e4747813296ea50ce8373687e999d2e724ebff4986ab88f7b096cb,1.2480962047829123,1.4884592359171172,0.3501666156775278,1.318730276906059,240,0.081927961824249,false,19.32122050012861,63.468711853027344,0.08413178299088031
F3,0,lf_same_physics_coarse,42000,hidden_test,15c1db6fc11320f8e99311cd503f06e06555fad65ed2372376d67e05bbe414f4,4a6a1c3182e4747813296ea50ce8373687e999d2e724ebff4986ab88f7b096cb,1.4204490965074839,1.6972471903055237,0.3671876720935859,1.5012135392241068,240,0.081927961824249,false,34.723501205444336,67.93366241455078,0.0853194110095501
F2,1,lf_same_physics_coarse,42000,hidden_test,b3a15f2748472367ef40e5d763b4df875c59e3d302f87bc3a65a293fb84ff25d,4a6a1c3182e4747813296ea50ce8373687e999d2e724ebff4986ab88f7b096cb,1.1476532213114308,1.2736208871827712,0.8072474629645725,1.176830704306723,240,0.081927961824249,false,82.15444510323661,98.76351928710938,0.08549358500749804
F3,1,lf_same_physics_coarse,42000,hidden_test,0f6c7648d36cdbf3e30b8b27a7e8a336afdac139e625951871d9d19774557143,4a6a1c3182e4747813296ea50ce8373687e999d2e724ebff4986ab88f7b096cb,1.5453093184322455,1.8353332981810815,0.49877773946825177,1.6211744131247539,240,0.081927961824249,false,53.751908438546316,61.49768829345703,0.0849824649922084
F2,2,lf_same_physics_coarse,42000,hidden_test,e2b8de152b8b456d2913d910b61ab754b57164079b1be856e247bea52f9cd30e,4a6a1c3182e4747813296ea50ce8373687e999d2e724ebff4986ab88f7b096cb,1.334362650726689,1.6096233361407442,0.11161382527993637,1.4043852645499963,240,0.081927961824249,false,50.502292088099885,63.06137466430664,0.08374013399588875
F3,2,lf_same_physics_coarse,42000,hidden_test,fd40721521f91baa74515915f6a3ec5d8c69e2b744a24a1713ca30806e8b0808,4a6a1c3182e4747813296ea50ce8373687e999d2e724ebff4986ab88f7b096cb,1.496591629174702,1.8021837682645445,0.20084721188549048,1.5734466019319693,240,0.081927961824249,false,47.83519015993391,69.8270492553711,0.08499458100413904
F2,3,lf_same_physics_coarse,42000,hidden_test,0cfc46947a911aa69a35f17a271d2e8fa7d4e34bd443862e009425bf6f2370b3,4a6a1c3182e4747813296ea50ce8373687e999d2e724ebff4986ab88f7b096cb,2.106859639018,2.530928559920497,0.38442741816382886,2.227793176504161,240,0.081927961824249,false,28.29702023097447,32.62775421142578,0.0842126120114699
F3,3,lf_same_physics_coarse,42000,hidden_test,40dc114e0761003675a86ae395f0e6078d6c3c481583c2b7a80b5bc4da8628c5,4a6a1c3182e4747813296ea50ce8373687e999d2e724ebff4986ab88f7b096cb,1.4326511326122207,1.7228277274938324,0.23391437540072516,1.5058248929193392,240,0.081927961824249,false,65.1610494341169,67.77143859863281,0.08520090198726393
F2,4,lf_same_physics_coarse,42000,hidden_test,f4f0b6a755c80696b456641b9908003bed22b5cb3fac30f1366a63523a5f41aa,4a6a1c3182e4747813296ea50ce8373687e999d2e724ebff4986ab88f7b096cb,0.807191351741261,0.9181360937394657,0.4836558188661528,0.8373684261440658,240,0.081927961824249,false,34.78906576974051,75.94459533691406,0.08397143799811602
F3,4,lf_same_physics_coarse,42000,hidden_test,ebe76fffb4c4d5dbd95c1dd0a53cac1646dc50cca0f85b39be73fb93750d185d,4a6a1c3182e4747813296ea50ce8373687e999d2e724ebff4986ab88f7b096cb,0.9011911788890918,1.0395494177918219,0.4756987322982039,0.9397579592058589,240,0.081927961824249,false,67.57506234305245,104.88328552246094,0.08485468602157198
F2,0,lf_contact_mismatch_coarse,42000,hidden_test,cb2e149fdb282417a9a4c24c8347ebcbae36bb470b5fef0ad55fe81e48ca34ef,4a6a1c3182e4747813296ea50ce8373687e999d2e724ebff4986ab88f7b096cb,1.6702514454801611,2.0086554196064634,0.2710548277904821,1.7689913711399883,240,0.081927961824249,false,17.048828499657766,55.43546676635742,0.08444940199842677
F3,0,lf_contact_mismatch_coarse,42000,hidden_test,97c3424f03a224c8d1c22779f0fd586745bc3992dd5fdeee8ee64120a86078c3,4a6a1c3182e4747813296ea50ce8373687e999d2e724ebff4986ab88f7b096cb,1.5891881611338432,1.9095664737873344,0.2826026080070941,1.6778750490515257,240,0.081927961824249,false,55.0671146937779,63.863895416259766,0.0850218920095358
F2,1,lf_contact_mismatch_coarse,42000,hidden_test,217697d41127dec7ae2b31b369d4488e2c4de424e96fe2dec66512eb446ad92f,4a6a1c3182e4747813296ea50ce8373687e999d2e724ebff4986ab88f7b096cb,1.7343967372397635,2.0883527498620156,0.23652954584382627,1.8295777177389176,240,0.081927961824249,false,93.9244144984654,108.69615173339844,0.08412030801991932
F3,1,lf_contact_mismatch_coarse,42000,hidden_test,cfcf416e44092f5c7ca961bedfc5f1178f3ca5aa28ac12c181cb23b6167f13fd,4a6a1c3182e4747813296ea50ce8373687e999d2e724ebff4986ab88f7b096cb,1.5790216467761835,1.9011535116534457,0.2175473694787718,1.6633035299459216,240,0.081927961824249,false,54.11281204223633,64.03443908691406,0.08508273799088784
F2,2,lf_contact_mismatch_coarse,42000,hidden_test,704d134e5f08ed6b1e4a2ce32c40b16d568b0577b75458b0eda2d472b27d7470,4a6a1c3182e4747813296ea50ce8373687e999d2e724ebff4986ab88f7b096cb,1.7139436611026198,2.068270405169923,0.11688429264665423,1.8063811738047417,240,0.081927961824249,false,58.882501874651226,79.0697250366211,0.08410288399318233
F3,2,lf_contact_mismatch_coarse,42000,hidden_test,1d127b21115dd6a8aa55b0d33961c1f5ddbb2657fbc8de8e7e5316018588fb50,4a6a1c3182e4747813296ea50ce8373687e999d2e724ebff4986ab88f7b096cb,1.448621251799143,1.7446984116222806,0.18884395923345224,1.521701141151158,240,0.081927961824249,false,52.549642017909456,71.56781005859375,0.08507865099818446
F2,3,lf_contact_mismatch_coarse,42000,hidden_test,9580e9402e9033de437a9fef5736022ab0265523fd4433c75aeef63aae678ce1,4a6a1c3182e4747813296ea50ce8373687e999d2e724ebff4986ab88f7b096cb,1.6275281099538212,1.957932689720236,0.2532805100964981,1.7151832008189603,240,0.081927961824249,false,100.84652056012835,114.1714096069336,0.08418272598646581
F3,3,lf_contact_mismatch_coarse,42000,hidden_test,9e9e147c794364ed1fe8c8e9e7fa7c556b23be00f84a2e74b91b092dad2a9f61,4a6a1c3182e4747813296ea50ce8373687e999d2e724ebff4986ab88f7b096cb,1.3902083177320435,1.6734056688564731,0.19929285275101155,1.462130907028554,240,0.081927961824249,false,62.043216705322266,64.14942169189453,0.08521325097535737
F2,4,lf_contact_mismatch_coarse,42000,hidden_test,516e74212b4ac9205a0e7cd4d31ba660ba7b7c9698f661e5694d6b00c0a02ae9,4a6a1c3182e4747813296ea50ce8373687e999d2e724ebff4986ab88f7b096cb,1.195509813026197,1.4005491457262302,0.5175659928234231,1.254302043533208,240,0.081927961824249,false,22.307384150368826,52.780757904052734,0.0839973550173454
F3,4,lf_contact_mismatch_coarse,42000,hidden_test,e6d9e27e14673cfb4b2208f42140b7a2cb8fe0c6c7c136c79137365a82d8fa73,4a6a1c3182e4747813296ea50ce8373687e999d2e724ebff4986ab88f7b096cb,1.2403010816274647,1.4645647060875058,0.4635183999884773,1.3060657448539832,240,0.081927961824249,false,53.62907791137695,80.39301300048828,0.08468020899454132
F1,0,,50000,train,a3bf2b364b123e58ffb9c12da349111728524276e49792ffed9bd0e41368d93a,b5b1281e3dbe24208e03938c26f15a5c945b7e11954eb6d70930de560cf24bc3,2.154664969212114,2.5915554898635422,0.34410661207877075,2.2701264402579087,240,0.09753328788178806,false,78.14804131644112,94.8622055053711,0.04630730100325309
F1,1,,50000,train,05df18c3c0df99ee2c86a0e72267e0c9f047bb07d71e73a0c1b954903537d5d2,b5b1281e3dbe24208e03938c26f15a5c945b7e11954eb6d70930de560cf24bc3,1.9822346861618805,2.3778228946829314,0.40753148705295245,2.0920284125543285,240,0.09753328788178806,false,62.58477347237723,85.758544921875,0.04625929001485929
F1,2,,50000,train,242662b7983255e93458d7c311590f3fc38d2b823c582ab7874dedcbb5fc0996,b5b1281e3dbe24208e03938c26f15a5c945b7e11954eb6d70930de560cf24bc3,1.6350642420807453,1.9728598287719628,0.11985064759430857,1.7187204775068368,240,0.09753328788178806,false,60.736854553222656,87.88809204101562,0.046398174978094175
F1,3,,50000,train,119219a1d1a7bf472a7eb7dacbd4ee2291aed240cf2d2ca5daa70007d6bf9061,b5b1281e3dbe24208e03938c26f15a5c945b7e11954eb6d70930de560cf24bc3,2.3381212952919825,2.812161016566938,0.3742145359469533,2.4624204699210415,240,0.09753328788178806,false,72.62785993303571,80.06710815429688,0.04651280399411917
F1,4,,50000,train,67c75c2ab532cb71f353808bdde0c6cf23bade05a5f882fa968ad0a8aac53b5b,b5b1281e3dbe24208e03938c26f15a5c945b7e11954eb6d70930de560cf24bc3,1.9966083858156531,2.4002492128627244,0.3380244488835661,2.101256097729822,240,0.09753328788178806,false,67.83848626273019,93.53257751464844,0.04693336700438522
F2,0,lf_same_physics_coarse,50000,train,ea2b67b4927a9fb48f08083a3b2f6399130134e71d168b16a20c44aa2f2968d5,b5b1281e3dbe24208e03938c26f15a5c945b7e11954eb6d70930de560cf24bc3,1.5892048320417518,1.8901900340595965,0.4905821384170736,1.6794963949070163,240,0.09753328788178806,false,20.56124690600804,70.6203384399414,0.08458302798680961
F3,0,lf_same_physics_coarse,50000,train,15c1db6fc11320f8e99311cd503f06e06555fad65ed2372376d67e05bbe414f4,b5b1281e3dbe24208e03938c26f15a5c945b7e11954eb6d70930de560cf24bc3,1.7920529485725591,2.13906222556482,0.4849357081048241,1.8945353039281903,240,0.09753328788178806,false,36.9178147997175,75.68944549560547,0.08413924698834307
F2,1,lf_same_physics_coarse,50000,train,b3a15f2748472367ef40e5d763b4df875c59e3d302f87bc3a65a293fb84ff25d,b5b1281e3dbe24208e03938c26f15a5c945b7e11954eb6d70930de560cf24bc3,1.379949224487027,1.5642432281475356,0.8487707760130629,1.4237197574708318,240,0.09753328788178806,false,100.68242263793945,120.45216369628906,0.0847561720001977
F3,1,lf_same_physics_coarse,50000,train,0f6c7648d36cdbf3e30b8b27a7e8a336afdac139e625951871d9d19774557143,b5b1281e3dbe24208e03938c26f15a5c945b7e11954eb6d70930de560cf24bc3,1.8591692593306537,2.2166202664224977,0.5270959880708708,1.9539325835206356,240,0.09753328788178806,false,63.24644579206194,72.28173065185547,0.08430654398398474
F2,2,lf_same_physics_coarse,50000,train,e2b8de152b8b456d2913d910b61ab754b57164079b1be856e247bea52f9cd30e,b5b1281e3dbe24208e03938c26f15a5c945b7e11954eb6d70930de560cf24bc3,1.7348796812297762,2.0913597667159216,0.18399768277288475,1.827335039154081,240,0.09753328788178806,false,66.52767889840263,81.35631561279297,0.08456315399962477
F3,2,lf_same_physics_coarse,50000,train,fd40721521f91baa74515915f6a3ec5d8c69e2b744a24a1713ca30806e8b0808,b5b1281e3dbe24208e03938c26f15a5c945b7e11954eb6d70930de560cf24bc3,1.7680991843678087,2.1284030307125246,0.25112987117564173,1.8589384280575998,240,0.09753328788178806,false,56.77907535008022,83.26660919189453,0.08437601500190794
F2,3,lf_same_physics_coarse,50000,train,0cfc46947a911aa69a35f17a271d2e8fa7d4e34bd443862e009425bf6f2370b3,b5b1281e3dbe24208e03938c26f15a5c945b7e11954eb6d70930de560cf24bc3,2.493110171041859,2.9936557403507855,0.47276255540154233,2.636553018356927,240,0.09753328788178806,false,32.919979095458984,37.9783821105957,0.08475182400434278
F3,3,lf_same_physics_coarse,50000,train,40dc114e0761003675a86ae395f0e6078d6c3c481583c2b7a80b5bc4da8628c5,b5b1281e3dbe24208e03938c26f15a5c945b7e11954eb6d70930de560cf24bc3,1.755813660933017,2.1109161011713695,0.2950583222372792,1.8460016978744063,240,0.09753328788178806,false,81.27307019914899,84.87442779541016,0.08427197797573172
F2,4,lf_same_physics_coarse,50000,train,f4f0b6a755c80696b456641b9908003bed22b5cb3fac30f1366a63523a5f41aa,b5b1281e3dbe24208e03938c26f15a5c945b7e11954eb6d70930de560cf24bc3,1.0118396825507743,1.1849082610044142,0.4408155585791234,1.0628046802129159,240,0.09753328788178806,false,35.12454530170986,85.87577819824219,0.08476117000100203
F3,4,lf_same_physics_coarse,50000,train,ebe76fffb4c4d5dbd95c1dd0a53cac1646dc50cca0f85b39be73fb93750d185d,b5b1281e3dbe24208e03938c26f15a5c945b7e11954eb6d70930de560cf24bc3,1.1283376894373633,1.3260566001323373,0.46298256270530286,1.1866303924541541,240,0.09753328788178806,false,82.67966515677315,123.47965240478516,0.08437474200036377
F2,0,lf_contact_mismatch_coarse,50000,train,cb2e149fdb282417a9a4c24c8347ebcbae36bb470b5fef0ad55fe81e48ca34ef,b5b1281e3dbe24208e03938c26f15a5c945b7e11954eb6d70930de560cf24bc3,2.0266495473329282,2.432069570864608,0.4041484908312847,2.147369453169947,240,0.09753328788178806,false,17.91612774985177,62.30885696411133,0.08502799601410516
F3,0,lf_contact_mismatch_coarse,50000,train,97c3424f03a224c8d1c22779f0fd586745bc3992dd5fdeee8ee64120a86078c3,b5b1281e3dbe24208e03938c26f15a5c945b7e11954eb6d70930de560cf24bc3,1.9003466691048452,2.282034501443763,0.3582477581625443,2.0061143390898373,240,0.09753328788178806,false,64.88196836199079,75.34546661376953,0.08430434399633668
F2,1,lf_contact_mismatch_coarse,50000,train,217697d41127dec7ae2b31b369d4488e2c4de424e96fe2dec66512eb446ad92f,b5b1281e3dbe24208e03938c26f15a5c945b7e11954eb6d70930de560cf24bc3,2.089939325121958,2.5178550358368152,0.25661570816749785,2.2060543192584667,240,0.09753328788178806,false,111.23997279575893,128.76092529296875,0.0848884439910762
F3,1,lf_contact_mismatch_coarse,50000,train,cfcf416e44092f5c7ca961bedfc5f1178f3ca5aa28ac12c181cb23b6167f13fd,b5b1281e3dbe24208e03938c26f15a5c945b7e11954eb6d70930de560cf24bc3,1.8928920955265076,2.2811348464475936,0.21754591604699078,1.9953815204616379,240,0.09753328788178806,false,63.758301326206755,75.43965148925781,0.08482125401496887
F2,2,lf_contact_mismatch_coarse,50000,train,704d134e5f08ed6b1e4a2ce32c40b16d568b0577b75458b0eda2d472b27d7470,b5b1281e3dbe24208e03938c26f15a5c945b7e11954eb6d70930de560cf24bc3,2.0240542407811253,2.4423076628673996,0.14492745973017412,2.1338726010005513,240,0.09753328788178806,false,70.24230303083148,92.0584716796875,0.08436468002037145
F3,2,lf_contact_mismatch_coarse,50000,train,1d127b21115dd6a8aa55b0d33961c1f5ddbb2657fbc8de8e7e5316018588fb50,b5b1281e3dbe24208e03938c26f15a5c945b7e11954eb6d70930de560cf24bc3,1.7158733301644722,2.0653554565373753,0.2470018580296349,1.80245435829492,240,0.09753328788178806,false,62.37410000392369,85.61485290527344,0.0840816679992713
F2,3,lf_contact_mismatch_coarse,50000,train,9580e9402e9033de437a9fef5736022ab0265523fd4433c75aeef63aae678ce1,b5b1281e3dbe24208e03938c26f15a5c945b7e11954eb6d70930de560cf24bc3,1.9725058422521784,2.370540747373235,0.3451156566612016,2.078612482840766,240,0.09753328788178806,false,121.70333644321987,136.9132537841797,0.08504094200907275
F3,3,lf_contact_mismatch_coarse,50000,train,9e9e147c794364ed1fe8c8e9e7fa7c556b23be00f84a2e74b91b092dad2a9f61,b5b1281e3dbe24208e03938c26f15a5c945b7e11954eb6d70930de560cf24bc3,1.6941600638066467,2.0376977833598424,0.2702098698614744,1.7817930275256435,240,0.09753328788178806,false,76.48108346121651,79.58197021484375,0.08435339000425301
F2,4,lf_contact_mismatch_coarse,50000,train,516e74212b4ac9205a0e7cd4d31ba660ba7b7c9698f661e5694d6b00c0a02ae9,b5b1281e3dbe24208e03938c26f15a5c945b7e11954eb6d70930de560cf24bc3,1.4918495869359383,1.7748307015178775,0.456862341931047,1.5766384128466029,240,0.09753328788178806,false,20.860972549234116,59.380409240722656,0.08505114901345223
F3,4,lf_contact_mismatch_coarse,50000,train,e6d9e27e14673cfb4b2208f42140b7a2cb8fe0c6c7c136c79137365a82d8fa73,b5b1281e3dbe24208e03938c26f15a5c945b7e11954eb6d70930de560cf24bc3,1.5563023540154373,1.8544427660083667,0.4510295557107931,1.646418554692855,240,0.09753328788178806,false,67.14972305297852,95.63572692871094,0.08453457601717673
F1,0,,58000,hidden_test,a3bf2b364b123e58ffb9c12da349111728524276e49792ffed9bd0e41368d93a,1129ade15a07eded189286fe60f17fb4a1e3d42a24a96e70c6c7465ca631d305,2.513634804742754,3.023518450056175,0.3980253507884078,2.648657540233193,480,0.058400650754833805,false,88.98557826450893,107.43456268310547,0.18489846898592077
F1,1,,58000,hidden_test,05df18c3c0df99ee2c86a0e72267e0c9f047bb07d71e73a0c1b954903537d5d2,1129ade15a07eded189286fe60f17fb4a1e3d42a24a96e70c6c7465ca631d305,2.334004361520442,2.8015024973764184,0.4575808680167092,2.464095300069475,480,0.058400650754833805,false,71.8960039956229,98.42495727539062,0.18581903300946578
F1,2,,58000,hidden_test,242662b7983255e93458d7c311590f3fc38d2b823c582ab7874dedcbb5fc0996,1129ade15a07eded189286fe60f17fb4a1e3d42a24a96e70c6c7465ca631d305,1.8946513184638218,2.2863338822072667,0.129293094517707,1.9915957232509494,480,0.058400650754833805,false,68.52454130990165,100.02173614501953,0.1848006020009052
F1,3,,58000,hidden_test,119219a1d1a7bf472a7eb7dacbd4ee2291aed240cf2d2ca5daa70007d6bf9061,1129ade15a07eded189286fe60f17fb4a1e3d42a24a96e70c6c7465ca631d305,2.6636373020194957,3.2036485949063533,0.4267195175616496,2.8060362414467646,480,0.058400650754833805,false,82.35984693254743,91.03022003173828,0.1858097680087667
F1,4,,58000,hidden_test,67c75c2ab532cb71f353808bdde0c6cf23bade05a5f882fa968ad0a8aac53b5b,1129ade15a07eded189286fe60f17fb4a1e3d42a24a96e70c6c7465ca631d305,2.3264219707676075,2.796921443243231,0.39102453774284546,2.4487148868518647,480,0.058400650754833805,false,77.57711628505162,106.89529418945312,0.18536577199120075
F2,0,lf_same_physics_coarse,58000,hidden_test,ea2b67b4927a9fb48f08083a3b2f6399130134e71d168b16a20c44aa2f2968d5,1129ade15a07eded189286fe60f17fb4a1e3d42a24a96e70c6c7465ca631d305,1.8893215688067857,2.2429673372783654,0.6173329907540155,1.9966511894349541,480,0.058400650754833805,false,24.528542246137345,79.17980194091797,0.3367290199967101
F3,0,lf_same_physics_coarse,58000,hidden_test,15c1db6fc11320f8e99311cd503f06e06555fad65ed2372376d67e05bbe414f4,1129ade15a07eded189286fe60f17fb4a1e3d42a24a96e70c6c7465ca631d305,2.125246850303585,2.5350103000150326,0.591834037471687,2.2470126867408045,480,0.058400650754833805,false,40.35308020455496,84.5697250366211,0.33153587102424353
F2,1,lf_same_physics_coarse,58000,hidden_test,b3a15f2748472367ef40e5d763b4df875c59e3d302f87bc3a65a293fb84ff25d,1129ade15a07eded189286fe60f17fb4a1e3d42a24a96e70c6c7465ca631d305,1.5994615008158477,1.8359811379647961,0.8862513754636195,1.6561152798848735,480,0.058400650754833805,false,115.45908028738839,138.0928955078125,0.32218289200682193
F3,1,lf_same_physics_coarse,58000,hidden_test,0f6c7648d36cdbf3e30b8b27a7e8a336afdac139e625951871d9d19774557143,1129ade15a07eded189286fe60f17fb4a1e3d42a24a96e70c6c7465ca631d305,2.169784075334409,2.5934688050444263,0.5520846484332478,2.283346427646884,480,0.058400650754833805,false,71.8573853628976,82.01692199707031,0.3181301150179934
F2,2,lf_same_physics_coarse,58000,hidden_test,e2b8de152b8b456d2913d910b61ab754b57164079b1be856e247bea52f9cd30e,1129ade15a07eded189286fe60f17fb4a1e3d42a24a96e70c6c7465ca631d305,2.1286796511745516,2.5644873170665257,0.26223033263278106,2.2430089523063192,480,0.058400650754833805,false,81.12726484026227,98.25920104980469,0.31471030300599523
F3,2,lf_same_physics_coarse,58000,hidden_test,fd40721521f91baa74515915f6a3ec5d8c69e2b744a24a1713ca30806e8b0808,1129ade15a07eded189286fe60f17fb4a1e3d42a24a96e70c6c7465ca631d305,2.040323544204201,2.4560026106842128,0.29161525207737893,2.145499656523432,480,0.058400650754833805,false,65.84696510859898,96.64195251464844,0.31594125999254175
F2,3,lf_same_physics_coarse,58000,hidden_test,0cfc46947a911aa69a35f17a271d2e8fa7d4e34bd443862e009425bf6f2370b3,1129ade15a07eded189286fe60f17fb4a1e3d42a24a96e70c6c7465ca631d305,2.8136336731680482,3.3772319993321167,0.5511972243936465,2.975848412380616,480,0.058400650754833805,false,34.18251882280622,40.45610046386719,0.3162010359810665
F3,3,lf_same_physics_coarse,58000,hidden_test,40dc114e0761003675a86ae395f0e6078d6c3c481583c2b7a80b5bc4da8628c5,1129ade15a07eded189286fe60f17fb4a1e3d42a24a96e70c6c7465ca631d305,2.07698483995773,2.496231555876847,0.3614595860937841,2.1842175385663287,480,0.058400650754833805,false,96.68485586983817,101.21297454833984,0.3159887790097855
F2,4,lf_same_physics_coarse,58000,hidden_test,f4f0b6a755c80696b456641b9908003bed22b5cb3fac30f1366a63523a5f41aa,1129ade15a07eded189286fe60f17fb4a1e3d42a24a96e70c6c7465ca631d305,1.2237431702527222,1.4464769452411979,0.4471184367361334,1.2921807847485791,480,0.058400650754833805,false,35.67838726724897,95.49654388427734,0.3156383750028908
F3,4,lf_same_physics_coarse,58000,hidden_test,ebe76fffb4c4d5dbd95c1dd0a53cac1646dc50cca0f85b39be73fb93750d185d,1129ade15a07eded189286fe60f17fb4a1e3d42a24a96e70c6c7465ca631d305,1.3591574155730464,1.6092030781663176,0.4773965083500715,1.4354035186876004,480,0.058400650754833805,false,97.62183816092355,141.51853942871094,0.31705379602499306
F2,0,lf_contact_mismatch_coarse,58000,hidden_test,cb2e149fdb282417a9a4c24c8347ebcbae36bb470b5fef0ad55fe81e48ca34ef,1129ade15a07eded189286fe60f17fb4a1e3d42a24a96e70c6c7465ca631d305,2.35434844852137,2.820681611197752,0.5268782466691619,2.494885535737028,480,0.058400650754833805,false,21.35824285234724,70.44296264648438,0.31534113798988983
F3,0,lf_contact_mismatch_coarse,58000,hidden_test,97c3424f03a224c8d1c22779f0fd586745bc3992dd5fdeee8ee64120a86078c3,1129ade15a07eded189286fe60f17fb4a1e3d42a24a96e70c6c7465ca631d305,2.208384817030247,2.6509196665570314,0.43029805929969006,2.3310934077752314,480,0.058400650754833805,false,74.12187085832868,86.23497772216797,0.31607140199048445
F2,1,lf_contact_mismatch_coarse,58000,hidden_test,217697d41127dec7ae2b31b369d4488e2c4de424e96fe2dec66512eb446ad92f,1129ade15a07eded189286fe60f17fb4a1e3d42a24a96e70c6c7465ca631d305,2.443857666416643,2.9452024655736406,0.2786638186896704,2.5810443030141066,480,0.058400650754833805,false,127.43861934116909,147.35906982421875,0.3159579090133775
F3,1,lf_contact_mismatch_coarse,58000,hidden_test,cfcf416e44092f5c7ca961bedfc5f1178f3ca5aa28ac12c181cb23b6167f13fd,1129ade15a07eded189286fe60f17fb4a1e3d42a24a96e70c6c7465ca631d305,2.2064796739719705,2.660440153253892,0.21924164557661788,2.3273870515715034,480,0.058400650754833805,false,72.72764151436942,85.89756774902344,0.31533545500133187
F2,2,lf_contact_mismatch_coarse,58000,hidden_test,704d134e5f08ed6b1e4a2ce32c40b16d568b0577b75458b0eda2d472b27d7470,1129ade15a07eded189286fe60f17fb4a1e3d42a24a96e70c6c7465ca631d305,2.336444319683865,2.818879348943523,0.18042456262902654,2.4640579635038473,480,0.058400650754833805,false,81.26029859270368,104.8439712524414,0.3152650559786707
F3,2,lf_contact_mismatch_coarse,58000,hidden_test,1d127b21115dd6a8aa55b0d33961c1f5ddbb2657fbc8de8e7e5316018588fb50,1129ade15a07eded189286fe60f17fb4a1e3d42a24a96e70c6c7465ca631d305,1.9826223237016423,2.385837055215312,0.2961037668975551,2.082991934029359,480,0.058400650754833805,false,72.27178573608398,99.55746459960938,0.3151887839776464
F2,3,lf_contact_mismatch_coarse,58000,hidden_test,9580e9402e9033de437a9fef5736022ab0265523fd4433c75aeef63aae678ce1,1129ade15a07eded189286fe60f17fb4a1e3d42a24a96e70c6c7465ca631d305,2.308535680472163,2.771683829947004,0.44243587146047,2.4325765907231043,480,0.058400650754833805,false,141.48348999023438,158.64578247070312,0.31390842801192775
F3,3,lf_contact_mismatch_coarse,58000,hidden_test,9e9e147c794364ed1fe8c8e9e7fa7c556b23be00f84a2e74b91b092dad2a9f61,1129ade15a07eded189286fe60f17fb4a1e3d42a24a96e70c6c7465ca631d305,1.999070769203379,2.4024265162310567,0.3503585084084806,2.102433964719039,480,0.058400650754833805,false,90.28063528878349,94.30846405029297,0.3148968889727257
F2,4,lf_contact_mismatch_coarse,58000,hidden_test,516e74212b4ac9205a0e7cd4d31ba660ba7b7c9698f661e5694d6b00c0a02ae9,1129ade15a07eded189286fe60f17fb4a1e3d42a24a96e70c6c7465ca631d305,1.7845264935294964,2.1334724073701623,0.4490201353622134,1.8918498419606513,480,0.058400650754833805,false,23.127441031592234,65.84529113769531,0.31429494998883456
F3,4,lf_contact_mismatch_coarse,58000,hidden_test,e6d9e27e14673cfb4b2208f42140b7a2cb8fe0c6c7c136c79137365a82d8fa73,1129ade15a07eded189286fe60f17fb4a1e3d42a24a96e70c6c7465ca631d305,1.8689743169360988,2.234373153048514,0.47089022251876206,1.9815504706268487,480,0.058400650754833805,false,80.65397317068917,112.8669204711914,0.3143938489956781
F1,0,,65000,train,a3bf2b364b123e58ffb9c12da349111728524276e49792ffed9bd0e41368d93a,28d6da9e88458320a2fc6e027eb6dd045e0ca2f6bc0018ba44155f897f70f2e4,2.8454033833246437,3.4235501811742504,0.43427203998066277,2.9984581508249697,480,0.06544900514563778,false,98.80697849818638,118.7373046875,0.17018439501407556
F1,1,,65000,train,05df18c3c0df99ee2c86a0e72267e0c9f047bb07d71e73a0c1b954903537d5d2,28d6da9e88458320a2fc6e027eb6dd045e0ca2f6bc0018ba44155f897f70f2e4,2.675489890930617,3.213365143569116,0.4973970770464693,2.82499269848901,480,0.06544900514563778,false,80.88645417349679,110.05459594726562,0.17197459199815057
F1,2,,65000,train,242662b7983255e93458d7c311590f3fc38d2b823c582ab7874dedcbb5fc0996,28d6da9e88458320a2fc6e027eb6dd045e0ca2f6bc0018ba44155f897f70f2e4,2.118665203274205,2.556713076320568,0.14245139958675576,2.227114150596945,480,0.06544900514563778,false,75.489319392613,110.66275787353516,0.17015887700836174
F1,3,,65000,train,119219a1d1a7bf472a7eb7dacbd4ee2291aed240cf2d2ca5daa70007d6bf9061,28d6da9e88458320a2fc6e027eb6dd045e0ca2f6bc0018ba44155f897f70f2e4,2.959171190172591,3.5593852757812976,0.4693254009157971,3.117698130097851,480,0.06544900514563778,false,91.32706069946289,101.030029296875,0.17027532300562598
F1,4,,65000,train,67c75c2ab532cb71f353808bdde0c6cf23bade05a5f882fa968ad0a8aac53b5b,28d6da9e88458320a2fc6e027eb6dd045e0ca2f6bc0018ba44155f897f70f2e4,2.624298574042119,3.1552664402363777,0.43756077884478495,2.7624291591613237,480,0.06544900514563778,false,86.0423139844622,118.41340637207031,0.16990960299153812
F2,0,lf_same_physics_coarse,65000,train,ea2b67b4927a9fb48f08083a3b2f6399130134e71d168b16a20c44aa2f2968d5,28d6da9e88458320a2fc6e027eb6dd045e0ca2f6bc0018ba44155f897f70f2e4,2.1254579904183877,2.5207277332155584,0.7146117252249504,2.2457992765009154,480,0.06544900514563778,false,27.686855724879674,87.41999816894531,0.31159807901713066
F3,0,lf_same_physics_coarse,65000,train,15c1db6fc11320f8e99311cd503f06e06555fad65ed2372376d67e05bbe414f4,28d6da9e88458320a2fc6e027eb6dd045e0ca2f6bc0018ba44155f897f70f2e4,2.3912778030495927,2.851392381829521,0.6746587847193348,2.528054813140772,480,0.06544900514563778,false,44.001342228480745,92.84935760498047,0.31915040299645625
F2,1,lf_same_physics_coarse,65000,train,b3a15f2748472367ef40e5d763b4df875c59e3d302f87bc3a65a293fb84ff25d,28d6da9e88458320a2fc6e027eb6dd045e0ca2f6bc0018ba44155f897f70f2e4,1.7903143950041818,2.0714766850943946,0.9144556944493727,1.8574824131191332,480,0.06544900514563778,false,125.77738407679966,150.6534423828125,0.3113916649890598
F3,1,lf_same_physics_coarse,65000,train,0f6c7648d36cdbf3e30b8b27a7e8a336afdac139e625951871d9d19774557143,28d6da9e88458320a2fc6e027eb6dd045e0ca2f6bc0018ba44155f897f70f2e4,2.439252060003809,2.9202783494939655,0.570140022960232,2.569107146673245,480,0.06544900514563778,false,78.78682054792132,89.79656982421875,0.3120752520044334
F2,2,lf_same_physics_coarse,65000,train,e2b8de152b8b456d2913d910b61ab754b57164079b1be856e247bea52f9cd30e,28d6da9e88458320a2fc6e027eb6dd045e0ca2f6bc0018ba44155f897f70f2e4,2.4775378898296045,2.983666790607598,0.3278538237129221,2.610808560113934,480,0.06544900514563778,false,92.99497985839844,112.11882019042969,0.3124988599738572
F3,2,lf_same_physics_coarse,65000,train,fd40721521f91baa74515915f6a3ec5d8c69e2b744a24a1713ca30806e8b0808,28d6da9e88458320a2fc6e027eb6dd045e0ca2f6bc0018ba44155f897f70f2e4,2.275619129238601,2.739543353553602,0.31953629520539645,2.393364474726014,480,0.06544900514563778,false,73.97971834455218,108.2748031616211,0.310156696010381
F2,3,lf_same_physics_coarse,65000,train,0cfc46947a911aa69a35f17a271d2e8fa7d4e34bd443862e009425bf6f2370b3,28d6da9e88458320a2fc6e027eb6dd045e0ca2f6bc0018ba44155f897f70f2e4,3.0644602267522294,3.6776646790232608,0.6087884432569162,3.2409481863434064,480,0.06544900514563778,false,33.6478396824428,41.51247787475586,0.3108816010062583
F3,3,lf_same_physics_coarse,65000,train,40dc114e0761003675a86ae395f0e6078d6c3c481583c2b7a80b5bc4da8628c5,28d6da9e88458320a2fc6e027eb6dd045e0ca2f6bc0018ba44155f897f70f2e4,2.3566588765183143,2.8316647708088216,0.4204573405866386,2.478679668858116,480,0.06544900514563778,false,109.58331843784877,114.8062973022461,0.3097154290007893
F2,4,lf_same_physics_coarse,65000,train,f4f0b6a755c80696b456641b9908003bed22b5cb3fac30f1366a63523a5f41aa,28d6da9e88458320a2fc6e027eb6dd045e0ca2f6bc0018ba44155f897f70f2e4,1.4136592878266623,1.675082667128511,0.4864989742029447,1.495533737374564,480,0.06544900514563778,false,36.08279751879828,103.1484146118164,0.3115909489861224
F3,4,lf_same_physics_coarse,65000,train,ebe76fffb4c4d5dbd95c1dd0a53cac1646dc50cca0f85b39be73fb93750d185d,28d6da9e88458320a2fc6e027eb6dd045e0ca2f6bc0018ba44155f897f70f2e4,1.5635815338321672,1.8565892811844238,0.508239585299532,1.654354101217055,480,0.06544900514563778,false,109.9049802507673,158.11378479003906,0.30934271702426486
F2,0,lf_contact_mismatch_coarse,65000,train,cb2e149fdb282417a9a4c24c8347ebcbae36bb470b5fef0ad55fe81e48ca34ef,28d6da9e88458320a2fc6e027eb6dd045e0ca2f6bc0018ba44155f897f70f2e4,2.6246788352990817,3.1415001439856027,0.6220427407461997,2.7811107580406866,480,0.06544900514563778,false,24.065651859555924,78.19339752197266,0.3101937859901227
F3,0,lf_contact_mismatch_coarse,65000,train,97c3424f03a224c8d1c22779f0fd586745bc3992dd5fdeee8ee64120a86078c3,28d6da9e88458320a2fc6e027eb6dd045e0ca2f6bc0018ba44155f897f70f2e4,2.4732208663656956,2.9683203184989946,0.48864735069916954,2.6104311588660227,480,0.06544900514563778,false,81.58298928397042,95.11395263671875,0.312551823008107
F2,1,lf_contact_mismatch_coarse,65000,train,217697d41127dec7ae2b31b369d4488e2c4de424e96fe2dec66512eb446ad92f,28d6da9e88458320a2fc6e027eb6dd045e0ca2f6bc0018ba44155f897f70f2e4,2.752574145791827,3.3179223933312967,0.2979686967685549,2.908196387827382,480,0.06544900514563778,false,140.65748051234655,162.37135314941406,0.31332156900316477
F3,1,lf_contact_mismatch_coarse,65000,train,cfcf416e44092f5c7ca961bedfc5f1178f3ca5aa28ac12c181cb23b6167f13fd,28d6da9e88458320a2fc6e027eb6dd045e0ca2f6bc0018ba44155f897f70f2e4,2.4811705673334874,2.992552867206008,0.22121863609632741,2.618270956023232,480,0.06544900514563778,false,80.10443769182477,94.3422622680664,0.3093366709945258
F2,2,lf_contact_mismatch_coarse,65000,train,704d134e5f08ed6b1e4a2ce32c40b16d568b0577b75458b0eda2d472b27d7470,28d6da9e88458320a2fc6e027eb6dd045e0ca2f6bc0018ba44155f897f70f2e4,2.6107829340913074,3.149549551381392,0.21206055619327635,2.754235964815816,480,0.06544900514563778,false,90.76642499651227,115.97283935546875,0.31194457100355066
F3,2,lf_contact_mismatch_coarse,65000,train,1d127b21115dd6a8aa55b0d33961c1f5ddbb2657fbc8de8e7e5316018588fb50,28d6da9e88458320a2fc6e027eb6dd045e0ca2f6bc0018ba44155f897f70f2e4,2.2115820316083328,2.6613205077145023,0.33101546433069706,2.3240247131544742,480,0.06544900514563778,false,81.05453491210938,111.63312530517578,0.30990403299801983
F2,3,lf_contact_mismatch_coarse,65000,train,9580e9402e9033de437a9fef5736022ab0265523fd4433c75aeef63aae678ce1,28d6da9e88458320a2fc6e027eb6dd045e0ca2f6bc0018ba44155f897f70f2e4,2.594295543971886,3.1125742588527863,0.5264014650592765,2.733728294920143,480,0.06544900514563778,false,157.78966413225447,176.63807678222656,0.31042783899465576
F3,3,lf_contact_mismatch_coarse,65000,train,9e9e147c794364ed1fe8c8e9e7fa7c556b23be00f84a2e74b91b092dad2a9f61,28d6da9e88458320a2fc6e027eb6dd045e0ca2f6bc0018ba44155f897f70f2e4,2.2678389076935863,2.7236345365668058,0.42338718181759066,2.3849886300092686,480,0.06544900514563778,false,101.91479819161552,106.63334655761719,0.30929356400156394
F2,4,lf_contact_mismatch_coarse,65000,train,516e74212b4ac9205a0e7cd4d31ba660ba7b7c9698f661e5694d6b00c0a02ae9,28d6da9e88458320a2fc6e027eb6dd045e0ca2f6bc0018ba44155f897f70f2e4,2.0425710751934867,2.444999576830102,0.4815534111613623,2.167866589713696,480,0.06544900514563778,false,26.113082477024623,70.93254852294922,0.3108883819950279
F3,4,lf_contact_mismatch_coarse,65000,train,e6d9e27e14673cfb4b2208f42140b7a2cb8fe0c6c7c136c79137365a82d8fa73,28d6da9e88458320a2fc6e027eb6dd045e0ca2f6bc0018ba44155f897f70f2e4,2.144584171567223,2.566926134560553,0.5076514271018457,2.2758113434567613,480,0.06544900514563778,false,91.82762908935547,127.10820007324219,0.31035921498551033
F1,0,,70000,validation,a3bf2b364b123e58ffb9c12da349111728524276e49792ffed9bd0e41368d93a,84ca7f6d380bf37d6f2aebf73b9b0157ad4df3eb312bb335a0fc95bbf2ead2ce,3.1006145212398257,3.7317653205373853,0.4530328650272416,3.2674082963625444,480,0.07048354400012613,false,106.19247382027763,127.1380844116211,0.17043058801209554
F1,1,,70000,validation,05df18c3c0df99ee2c86a0e72267e0c9f047bb07d71e73a0c1b954903537d5d2,84ca7f6d380bf37d6f2aebf73b9b0157ad4df3eb312bb335a0fc95bbf2ead2ce,2.946525866331473,3.5405995496965774,0.523122593152856,3.1111053399340305,480,0.07048354400012613,false,87.88848985944476,118.75484466552734,0.17067827700520866
F1,2,,70000,validation,242662b7983255e93458d7c311590f3fc38d2b823c582ab7874dedcbb5fc0996,84ca7f6d380bf37d6f2aebf73b9b0157ad4df3eb312bb335a0fc95bbf2ead2ce,2.2789701462749385,2.750128408981678,0.15454392877115014,2.395865145703298,480,0.07048354400012613,false,80.92310333251953,118.55717468261719,0.1706488429917954
F1,3,,70000,validation,119219a1d1a7bf472a7eb7dacbd4ee2291aed240cf2d2ca5daa70007d6bf9061,84ca7f6d380bf37d6f2aebf73b9b0157ad4df3eb312bb335a0fc95bbf2ead2ce,3.1950229322444597,3.843668043249718,0.49682511776831967,3.366067542300906,480,0.07048354400012613,false,98.42777688162667,108.80288696289062,0.17008335699210875
F1,4,,70000,validation,67c75c2ab532cb71f353808bdde0c6cf23bade05a5f882fa968ad0a8aac53b5b,84ca7f6d380bf37d6f2aebf73b9b0157ad4df3eb312bb335a0fc95bbf2ead2ce,2.85141751275923,3.428628993131899,0.47082534702171014,3.001457466041635,480,0.07048354400012613,false,92.35767310006278,126.77544403076172,0.17072033300064504
F2,0,lf_same_physics_coarse,70000,validation,ea2b67b4927a9fb48f08083a3b2f6399130134e71d168b16a20c44aa2f2968d5,84ca7f6d380bf37d6f2aebf73b9b0157ad4df3eb312bb335a0fc95bbf2ead2ce,2.293026693585022,2.7187735396693826,0.776208159295017,2.422465556866052,480,0.07048354400012613,false,29.797096184321813,93.07166290283203,0.3262691400013864
F3,0,lf_same_physics_coarse,70000,validation,15c1db6fc11320f8e99311cd503f06e06555fad65ed2372376d67e05bbe414f4,84ca7f6d380bf37d6f2aebf73b9b0157ad4df3eb312bb335a0fc95bbf2ead2ce,2.5811147674740873,3.0778299033904295,0.7275415989134054,2.728372081949323,480,0.07048354400012613,false,46.40338979448591,98.40652465820312,0.31934685999294743
F2,1,lf_same_physics_coarse,70000,validation,b3a15f2748472367ef40e5d763b4df875c59e3d302f87bc3a65a293fb84ff25d,84ca7f6d380bf37d6f2aebf73b9b0157ad4df3eb312bb335a0fc95bbf2ead2ce,1.9358422321541364,2.2511041279874044,0.9314068094552868,2.010728281272821,480,0.07048354400012613,false,132.19822093418665,158.52220153808594,0.31059296199236996
F3,1,lf_same_physics_coarse,70000,validation,0f6c7648d36cdbf3e30b8b27a7e8a336afdac139e625951871d9d19774557143,84ca7f6d380bf37d6f2aebf73b9b0157ad4df3eb312bb335a0fc95bbf2ead2ce,2.638332928437266,3.1617668030804182,0.5804041566168724,2.780178992764671,480,0.07048354400012613,false,83.6938841683524,95.23413848876953,0.3147848290100228
F2,2,lf_same_physics_coarse,70000,validation,e2b8de152b8b456d2913d910b61ab754b57164079b1be856e247bea52f9cd30e,84ca7f6d380bf37d6f2aebf73b9b0157ad4df3eb312bb335a0fc95bbf2ead2ce,2.7428205173496782,3.302655293715367,0.3725203991065111,2.890115886055265,480,0.07048354400012613,false,101.32086835588727,121.80914306640625,0.3142841600056272
F3,2,lf_same_physics_coarse,70000,validation,fd40721521f91baa74515915f6a3ec5d8c69e2b744a24a1713ca30806e8b0808,84ca7f6d380bf37d6f2aebf73b9b0157ad4df3eb312bb335a0fc95bbf2ead2ce,2.447528420556802,2.9468737166463375,0.3365986395344035,2.5745557139062965,480,0.07048354400012613,false,80.10804871150425,116.69268035888672,0.31621881597675383
F2,3,lf_same_physics_coarse,70000,validation,0cfc46947a911aa69a35f17a271d2e8fa7d4e34bd443862e009425bf6f2370b3,84ca7f6d380bf37d6f2aebf73b9b0157ad4df3eb312bb335a0fc95bbf2ead2ce,3.2560603469555374,3.9078379316796577,0.6437658523367389,3.442916191050816,480,0.07048354400012613,false,33.484441484723774,42.485145568847656,0.3117896869953256
F3,3,lf_same_physics_coarse,70000,validation,40dc114e0761003675a86ae395f0e6078d6c3c481583c2b7a80b5bc4da8628c5,84ca7f6d380bf37d6f2aebf73b9b0157ad4df3eb312bb335a0fc95bbf2ead2ce,2.565252256974757,3.0820318656797174,0.46162557253767666,2.6982678553471957,480,0.07048354400012613,false,118.7995104108538,124.43022155761719,0.31634585198480636
F2,4,lf_same_physics_coarse,70000,validation,f4f0b6a755c80696b456641b9908003bed22b5cb3fac30f1366a63523a5f41aa,84ca7f6d380bf37d6f2aebf73b9b0157ad4df3eb312bb335a0fc95bbf2ead2ce,1.5592731172795655,1.8489581103399912,0.5264923938384288,1.6507473597792544,480,0.07048354400012613,false,37.02484965324402,107.57438659667969,0.3128539049939718
F3,4,lf_same_physics_coarse,70000,validation,ebe76fffb4c4d5dbd95c1dd0a53cac1646dc50cca0f85b39be73fb93750d185d,84ca7f6d380bf37d6f2aebf73b9b0157ad4df3eb312bb335a0fc95bbf2ead2ce,1.7198302138678705,2.044817863988421,0.5370658020781336,1.8211660072464853,480,0.07048354400012613,false,117.53255680629185,168.59983825683594,0.31392000801861286
F2,0,lf_contact_mismatch_coarse,70000,validation,cb2e149fdb282417a9a4c24c8347ebcbae36bb470b5fef0ad55fe81e48ca34ef,84ca7f6d380bf37d6f2aebf73b9b0157ad4df3eb312bb335a0fc95bbf2ead2ce,2.821500845346101,3.375805229460867,0.6825675441754374,2.9892136222062264,480,0.07048354400012613,false,25.859222888946533,83.47605895996094,0.3095173750189133
F3,0,lf_contact_mismatch_coarse,70000,validation,97c3424f03a224c8d1c22779f0fd586745bc3992dd5fdeee8ee64120a86078c3,84ca7f6d380bf37d6f2aebf73b9b0157ad4df3eb312bb335a0fc95bbf2ead2ce,2.6668208888700007,3.200658727901122,0.5271265887480898,2.8146081599946986,480,0.07048354400012613,false,86.70676149640765,101.21261596679688,0.3131423349841498
F2,1,lf_contact_mismatch_coarse,70000,validation,217697d41127dec7ae2b31b369d4488e2c4de424e96fe2dec66512eb446ad92f,84ca7f6d380bf37d6f2aebf73b9b0157ad4df3eb312bb335a0fc95bbf2ead2ce,2.9804007198921365,3.592999173423835,0.3113259537541123,3.149566374210608,480,0.07048354400012613,false,149.75047738211495,172.56381225585938,0.3101341649889946
F3,1,lf_contact_mismatch_coarse,70000,validation,cfcf416e44092f5c7ca961bedfc5f1178f3ca5aa28ac12c181cb23b6167f13fd,84ca7f6d380bf37d6f2aebf73b9b0157ad4df3eb312bb335a0fc95bbf2ead2ce,2.6848083283340385,3.2387058384455956,0.2227267801703012,2.8338833637678555,480,0.07048354400012613,false,85.35745893205915,100.23554229736328,0.3119565109955147
F2,2,lf_contact_mismatch_coarse,70000,validation,704d134e5f08ed6b1e4a2ce32c40b16d568b0577b75458b0eda2d472b27d7470,84ca7f6d380bf37d6f2aebf73b9b0157ad4df3eb312bb335a0fc95bbf2ead2ce,2.8150944446725075,3.3958487587852715,0.23424047741722312,2.9704420468405894,480,0.07048354400012613,false,97.72149113246373,124.0719985961914,0.3103434000222478
F3,2,lf_contact_mismatch_coarse,70000,validation,1d127b21115dd6a8aa55b0d33961c1f5ddbb2657fbc8de8e7e5316018588fb50,84ca7f6d380bf37d6f2aebf73b9b0157ad4df3eb312bb335a0fc95bbf2ead2ce,2.3772821423819406,2.860914983928581,0.3523214403550733,2.498634510429846,480,0.07048354400012613,false,87.5786372593471,120.30313110351562,0.3120558880036697
F2,3,lf_contact_mismatch_coarse,70000,validation,9580e9402e9033de437a9fef5736022ab0265523fd4433c75aeef63aae678ce1,84ca7f6d380bf37d6f2aebf73b9b0157ad4df3eb312bb335a0fc95bbf2ead2ce,2.802336191982161,3.36099658681744,0.5836352607029798,2.9532688840508077,480,0.07048354400012613,false,169.13148716517858,189.10362243652344,0.3089558180072345
F3,3,lf_contact_mismatch_coarse,70000,validation,9e9e147c794364ed1fe8c8e9e7fa7c556b23be00f84a2e74b91b092dad2a9f61,84ca7f6d380bf37d6f2aebf73b9b0157ad4df3eb312bb335a0fc95bbf2ead2ce,2.4693774431028825,2.964666871991588,0.4750006308571187,2.596916423420103,480,0.07048354400012613,false,110.31147984095982,115.43584442138672,0.3134175050072372
F2,4,lf_contact_mismatch_coarse,70000,validation,516e74212b4ac9205a0e7cd4d31ba660ba7b7c9698f661e5694d6b00c0a02ae9,84ca7f6d380bf37d6f2aebf73b9b0157ad4df3eb312bb335a0fc95bbf2ead2ce,2.2394354146002153,2.681414164099871,0.5194330912680765,2.3775240380531995,480,0.07048354400012613,false,28.422629288264684,73.7152099609375,0.3106714060122613
F3,4,lf_contact_mismatch_coarse,70000,validation,e6d9e27e14673cfb4b2208f42140b7a2cb8fe0c6c7c136c79137365a82d8fa73,84ca7f6d380bf37d6f2aebf73b9b0157ad4df3eb312bb335a0fc95bbf2ead2ce,2.354189715223233,2.819334601796555,0.5401834880940051,2.4989489093620922,480,0.07048354400012613,false,98.78779057094029,136.0928497314453,0.3131628030096181
F1,0,,80000,train,a3bf2b364b123e58ffb9c12da349111728524276e49792ffed9bd0e41368d93a,cbc1144ea93170e0d0adf356afbda0cce6ea4439c826d69e64cac7ff503fb727,3.68174603809323,4.434458869691015,0.47555469124153665,3.8788905083915983,480,0.08055262170245214,false,122.4401114327567,145.233154296875,0.17099394701654091
F1,1,,80000,train,05df18c3c0df99ee2c86a0e72267e0c9f047bb07d71e73a0c1b954903537d5d2,cbc1144ea93170e0d0adf356afbda0cce6ea4439c826d69e64cac7ff503fb727,3.57376266480025,4.298598371725359,0.5674131393364925,3.7718357631222865,480,0.08055262170245214,false,103.58187103271484,137.33782958984375,0.1709853440115694
F1,2,,80000,train,242662b7983255e93458d7c311590f3fc38d2b823c582ab7874dedcbb5fc0996,cbc1144ea93170e0d0adf356afbda0cce6ea4439c826d69e64cac7ff503fb727,2.613586279013974,3.1537462620296237,0.18399399159509297,2.7488629393495088,480,0.08055262170245214,false,94.04034750802177,135.91661071777344,0.17097481599193998
F1,3,,80000,train,119219a1d1a7bf472a7eb7dacbd4ee2291aed240cf2d2ca5daa70007d6bf9061,cbc1144ea93170e0d0adf356afbda0cce6ea4439c826d69e64cac7ff503fb727,3.768763103007987,4.536373655845952,0.5424417639398085,3.968895610896649,480,0.08055262170245214,false,115.22298431396484,126.69888305664062,0.17166050101513974
F1,4,,80000,train,67c75c2ab532cb71f353808bdde0c6cf23bade05a5f882fa968ad0a8aac53b5b,cbc1144ea93170e0d0adf356afbda0cce6ea4439c826d69e64cac7ff503fb727,3.371347530668508,4.055040592558386,0.5367363551174247,3.5477221219016415,480,0.08055262170245214,false,106.65195792061942,144.60647583007812,0.17127487302059308
F2,0,lf_same_physics_coarse,80000,train,ea2b67b4927a9fb48f08083a3b2f6399130134e71d168b16a20c44aa2f2968d5,cbc1144ea93170e0d0adf356afbda0cce6ea4439c826d69e64cac7ff503fb727,2.6811693210801564,3.1824416257474093,0.8807527596320596,2.8314441733355147,480,0.08055262170245214,false,33.79685115814209,101.10057830810547,0.31381230300758034
F3,0,lf_same_physics_coarse,80000,train,15c1db6fc11320f8e99311cd503f06e06555fad65ed2372376d67e05bbe414f4,cbc1144ea93170e0d0adf356afbda0cce6ea4439c826d69e64cac7ff503fb727,3.0162293765191968,3.6000965533612375,0.8180188466180298,3.1867569320802116,480,0.08055262170245214,false,48.42205401829311,106.02981567382812,0.31421237500035204
F2,1,lf_same_physics_coarse,80000,train,b3a15f2748472367ef40e5d763b4df875c59e3d302f87bc3a65a293fb84ff25d,cbc1144ea93170e0d0adf356afbda0cce6ea4439c826d69e64cac7ff503fb727,2.287892846575617,2.685977996130821,0.9562431990318392,2.380588125973367,480,0.08055262170245214,false,144.58801433018274,173.4033966064453,0.313976214005379
F3,1,lf_same_physics_coarse,80000,train,0f6c7648d36cdbf3e30b8b27a7e8a336afdac139e625951871d9d19774557143,cbc1144ea93170e0d0adf356afbda0cce6ea4439c826d69e64cac7ff503fb727,3.0825140531119026,3.7007291420467063,0.5936591216639368,3.250533383658721,480,0.08055262170245214,false,94.62277003696987,107.0304946899414,0.3133315989980474
F2,2,lf_same_physics_coarse,80000,train,e2b8de152b8b456d2913d910b61ab754b57164079b1be856e247bea52f9cd30e,cbc1144ea93170e0d0adf356afbda0cce6ea4439c826d69e64cac7ff503fb727,3.3606936371647356,4.046592959214138,0.4573849024925658,3.5392326312944533,480,0.08055262170245214,false,118.93367222377232,141.84153747558594,0.31456870900001377
F3,2,lf_same_physics_coarse,80000,train,fd40721521f91baa74515915f6a3ec5d8c69e2b744a24a1713ca30806e8b0808,cbc1144ea93170e0d0adf356afbda0cce6ea4439c826d69e64cac7ff503fb727,2.8283750502908713,3.4065127677289326,0.3675209577166217,2.975822848623744,480,0.08055262170245214,false,94.05218151637486,134.52598571777344,0.3127013080229517
F2,3,lf_same_physics_coarse,80000,train,0cfc46947a911aa69a35f17a271d2e8fa7d4e34bd443862e009425bf6f2370b3,cbc1144ea93170e0d0adf356afbda0cce6ea4439c826d69e64cac7ff503fb727,3.7486926917713888,4.502009251077213,0.7013167021637443,3.9603352212426723,480,0.08055262170245214,false,36.914301191057476,47.96549606323242,0.31576645499444567
F3,3,lf_same_physics_coarse,80000,train,40dc114e0761003675a86ae395f0e6078d6c3c481583c2b7a80b5bc4da8628c5,cbc1144ea93170e0d0adf356afbda0cce6ea4439c826d69e64cac7ff503fb727,3.0423332998544925,3.655777094746377,0.5393404021908431,3.20005860111499,480,0.08055262170245214,false,138.63736615862166,144.88778686523438,0.3112753269961104
F2,4,lf_same_physics_coarse,80000,train,f4f0b6a755c80696b456641b9908003bed22b5cb3fac30f1366a63523a5f41aa,cbc1144ea93170e0d0adf356afbda0cce6ea4439c826d69e64cac7ff503fb727,1.922230826195951,2.2833339701812685,0.6177128456152341,2.0362618397923873,480,0.08055262170245214,false,39.20751702785492,111.7068099975586,0.3133344539965037
F3,4,lf_same_physics_coarse,80000,train,ebe76fffb4c4d5dbd95c1dd0a53cac1646dc50cca0f85b39be73fb93750d185d,cbc1144ea93170e0d0adf356afbda0cce6ea4439c826d69e64cac7ff503fb727,2.1063812072704273,2.5108019136056106,0.602301093322819,2.232219498831313,480,0.08055262170245214,false,127.52598571777344,183.4791717529297,0.31213191701681353
F2,0,lf_contact_mismatch_coarse,80000,train,cb2e149fdb282417a9a4c24c8347ebcbae36bb470b5fef0ad55fe81e48ca34ef,cbc1144ea93170e0d0adf356afbda0cce6ea4439c826d69e64cac7ff503fb727,3.273721143824061,3.91748258744897,0.785301257309112,3.4663247244054354,480,0.08055262170245214,false,29.270187309810094,91.03235626220703,0.31414646000484936
F3,0,lf_contact_mismatch_coarse,80000,train,97c3424f03a224c8d1c22779f0fd586745bc3992dd5fdeee8ee64120a86078c3,cbc1144ea93170e0d0adf356afbda0cce6ea4439c826d69e64cac7ff503fb727,3.0946786211029065,3.715359990887412,0.5956398539395572,3.2655428959637858,480,0.08055262170245214,false,97.57039206368583,113.8448715209961,0.3114859630004503
F2,1,lf_contact_mismatch_coarse,80000,train,217697d41127dec7ae2b31b369d4488e2c4de424e96fe2dec66512eb446ad92f,cbc1144ea93170e0d0adf356afbda0cce6ea4439c826d69e64cac7ff503fb727,3.4807685599854845,4.19725228294891,0.33642511596105074,3.6790027297508727,480,0.08055262170245214,false,167.98003387451172,192.5897674560547,0.31581331801135093
F3,1,lf_contact_mismatch_coarse,80000,train,cfcf416e44092f5c7ca961bedfc5f1178f3ca5aa28ac12c181cb23b6167f13fd,cbc1144ea93170e0d0adf356afbda0cce6ea4439c826d69e64cac7ff503fb727,3.136416801736158,3.7844878691743666,0.22613351470072346,3.311470515341257,480,0.08055262170245214,false,96.87417602539062,112.7485580444336,0.3136249180242885
F2,2,lf_contact_mismatch_coarse,80000,train,704d134e5f08ed6b1e4a2ce32c40b16d568b0577b75458b0eda2d472b27d7470,cbc1144ea93170e0d0adf356afbda0cce6ea4439c826d69e64cac7ff503fb727,3.2738900778358837,3.949106070034955,0.2782965070244694,3.4556982037484847,480,0.08055262170245214,false,113.03319767543248,141.4154510498047,0.3155857019883115
F3,2,lf_contact_mismatch_coarse,80000,train,1d127b21115dd6a8aa55b0d33961c1f5ddbb2657fbc8de8e7e5316018588fb50,cbc1144ea93170e0d0adf356afbda0cce6ea4439c826d69e64cac7ff503fb727,2.7405069675305214,3.2989455066193907,0.3896677410370661,2.8814742689510657,480,0.08055262170245214,false,102.07553482055664,138.45167541503906,0.31529838001006283
F2,3,lf_contact_mismatch_coarse,80000,train,9580e9402e9033de437a9fef5736022ab0265523fd4433c75aeef63aae678ce1,cbc1144ea93170e0d0adf356afbda0cce6ea4439c826d69e64cac7ff503fb727,3.2620052216832542,3.91154221723712,0.6888615051880681,3.4390107129450063,480,0.08055262170245214,false,192.3028826032366,214.17591857910156,0.3151259490114171
F3,3,lf_contact_mismatch_coarse,80000,train,9e9e147c794364ed1fe8c8e9e7fa7c556b23be00f84a2e74b91b092dad2a9f61,cbc1144ea93170e0d0adf356afbda0cce6ea4439c826d69e64cac7ff503fb727,2.9297275781881655,3.51664289987696,0.5731074814115934,3.0809617599264603,480,0.08055262170245214,false,128.63526262555803,134.35678100585938,0.3134401249990333
F2,4,lf_contact_mismatch_coarse,80000,train,516e74212b4ac9205a0e7cd4d31ba660ba7b7c9698f661e5694d6b00c0a02ae9,cbc1144ea93170e0d0adf356afbda0cce6ea4439c826d69e64cac7ff503fb727,2.7130091672640253,3.2501191515154053,0.6102211209448473,2.879360020183205,480,0.08055262170245214,false,32.87201581682478,75.20928955078125,0.3173217290022876
F3,4,lf_contact_mismatch_coarse,80000,train,e6d9e27e14673cfb4b2208f42140b7a2cb8fe0c6c7c136c79137365a82d8fa73,cbc1144ea93170e0d0adf356afbda0cce6ea4439c826d69e64cac7ff503fb727,2.8531041542290723,3.420575030116859,0.6104477597302695,3.0278439718120644,480,0.08055262170245214,false,107.83925192696708,148.5970458984375,0.32086120898020454
